{
  "$type": "RPG.GameCore.RtLevelGroupInfo",
  "GroupName": "MainMission4340178_New Group",
  "Category": "Mission",
  "LevelGraph": "Config/Level/GroupGraph/F20431001/Group_F20431001_G192.json",
  "AreaAnchorName": "LevelArea_P20431_F20431001_G192",
  "SaveType": "Reset",
  "OwnerMainMissionID": 4340178,
  "ValueSource": {},
  "ConflictIDList": [],
  "IsHoyoGroup": true,
  "ConflictWhiteList": [],
  "TagContainer": {
    "List": [
      {
        "Tag": "Group.Atomsphere.Interactable",
        "TagHash": 597667137
      }
    ]
  },
  "AnchorList": [
    {
      "ID": 1,
      "PosX": 266.69000244140625,
      "PosY": -28.469999313354492,
      "PosZ": -92.3499984741211,
      "Name": "Anchor1",
      "RotY": 170.66299438476562,
      "RotX": 22.667339324951172,
      "RotZ": -0.0004710000066552311,
      "Usage": "Camera",
      "CustomParameter": {
        "$type": "RPG.GameCore.LevelAnchorCameraParameter",
        "fov": 40.0
      }
    },
    {
      "ID": 2,
      "PosX": 268.6300048828125,
      "PosY": -30.489999771118164,
      "PosZ": -101.05999755859375,
      "Name": "Anchor2",
      "RotY": 162.75599670410156,
      "RotX": 27.136409759521484,
      "RotZ": -0.0007239999831654131,
      "Usage": "Camera",
      "CustomParameter": {
        "$type": "RPG.GameCore.LevelAnchorCameraParameter",
        "fov": 40.0
      }
    },
    {
      "ID": 4,
      "PosX": 270.5899963378906,
      "PosY": -32.119998931884766,
      "PosZ": -104.86000061035156,
      "Name": "Anchor4",
      "RotY": 166.5373992919922,
      "RotX": 31.089820861816406,
      "RotZ": -0.0009200000204145908,
      "Usage": "Camera",
      "CustomParameter": {
        "$type": "RPG.GameCore.LevelAnchorCameraParameter",
        "fov": 40.0
      }
    }
  ],
  "MonsterList": [],
  "PropList": [
    {
      "ID": 300001,
      "PosX": 271.80999755859375,
      "PosY": -37.269981384277344,
      "PosZ": -109.20999908447266,
      "Name": "Prop1",
      "RotY": 248.65899658203125,
      "PropID": 104104,
      "ValueSource": {},
      "CampID": 4,
      "CustomTriggerMap": {},
      "CustomTriggerMapV2": {},
      "StateConfigs": [],
      "DialogueGroups": [],
      "TalkDialogGroupIDList": [],
      "ServerInteractVerificationIDList": [],
      "DialogueTriggerSkipSpecifiedFakeAvatarList": [],
      "CameraCenterEntityList": [],
      "CameraConfig": {},
      "OverrideAdvEffectMap": {},
      "SpawnConfig": {
        "EntitySpawnConfig": {}
      }
    },
    {
      "ID": 300003,
      "PosX": 273.69769287109375,
      "PosY": -36.7039909362793,
      "PosZ": -109.91999816894531,
      "Name": "Prop3",
      "PropID": 104159,
      "LoadOnInitial": false,
      "ValueSource": {},
      "CampID": 4,
      "CustomTriggerMap": {},
      "CustomTriggerMapV2": {},
      "StateConfigs": [],
      "DialogueGroups": [],
      "TalkDialogGroupIDList": [],
      "ServerInteractVerificationIDList": [],
      "DialogueTriggerSkipSpecifiedFakeAvatarList": [],
      "CameraCenterEntityList": [],
      "CameraConfig": {},
      "OverrideAdvEffectMap": {},
      "SpawnConfig": {
        "EntitySpawnConfig": {}
      }
    },
    {
      "ID": 300004,
      "PosX": 265.29998779296875,
      "PosY": -31.5,
      "PosZ": -111.79000091552734,
      "Name": "Prop4",
      "Scale": {
        "x": 1.0,
        "y": 1.0,
        "z": 0.9521300196647644
      },
      "PropID": 100,
      "ValueSource": {},
      "Trigger": {
        "Radius": 1.0,
        "DimX": 1.0,
        "DimY": 1.0,
        "DimZ": 1.0
      },
      "CampID": 4,
      "CustomTriggerMap": {},
      "CustomTriggerMapV2": {
        "MissionTrigger": {
          "Shape": "Box",
          "Radius": 2.0,
          "DimX": 30.0,
          "DimY": 15.0,
          "DimZ": 25.0
        }
      },
      "StateConfigs": [],
      "DialogueGroups": [],
      "TalkDialogGroupIDList": [],
      "ServerInteractVerificationIDList": [],
      "DialogueTriggerSkipSpecifiedFakeAvatarList": [],
      "CameraCenterEntityList": [],
      "CameraConfig": {},
      "OverrideAdvEffectMap": {},
      "SpawnConfig": {
        "EntitySpawnConfig": {}
      }
    },
    {
      "ID": 300005,
      "PosX": 271.3500061035156,
      "PosY": -36.7039909362793,
      "PosZ": -109.54000091552734,
      "Name": "Prop5",
      "PropID": 100,
      "ValueSource": {},
      "Trigger": {
        "Radius": 1.0,
        "DimX": 1.0,
        "DimY": 1.0,
        "DimZ": 1.0
      },
      "CampID": 4,
      "CustomTriggerMap": {},
      "CustomTriggerMapV2": {
        "MissionTrigger1": {
          "Radius": 5.010000228881836
        }
      },
      "StateConfigs": [],
      "DialogueGroups": [],
      "TalkDialogGroupIDList": [],
      "ServerInteractVerificationIDList": [],
      "DialogueTriggerSkipSpecifiedFakeAvatarList": [],
      "CameraCenterEntityList": [],
      "CameraConfig": {},
      "OverrideAdvEffectMap": {},
      "SpawnConfig": {
        "EntitySpawnConfig": {}
      }
    }
  ],
  "DistrictList": [
    {
      "ID": 500001,
      "PosX": 260.29998779296875,
      "PosY": -33.0,
      "PosZ": -84.69999694824219,
      "Name": "District1",
      "Trigger": {
        "Shape": "GeometryBox",
        "Radius": 1.0,
        "DimX": 50.0,
        "DimY": 30.0,
        "DimZ": 50.0
      },
      "DistrictType": "Level",
      "ValueSource": {}
    }
  ],
  "WaypointList": [],
  "PathwayList": [],
  "BattleAreaList": [],
  "NPCList": [
    {
      "ID": 400001,
      "PosX": 270.7900085449219,
      "PosY": -35.38999938964844,
      "PosZ": -110.30000305175781,
      "Name": "NPC1",
      "RotY": 341.0783996582031,
      "NPCID": 2406,
      "LoadOnInitial": false,
      "ValueSource": {},
      "DialogueGroups": [],
      "ServerInteractVerificationIDList": [],
      "DefaultLookAtMode": "Closed",
      "BoardShowList": [
        8
      ],
      "TalkDialogGroupIDList": [],
      "DefaultIdleFreeStyleMotionID": 200780000,
      "AdditiveResidentEffect": [],
      "InitialHiddenNodeList": [],
      "DialogueTriggerSkipSpecifiedFakeAvatarList": [],
      "OverrideReplaceMaterialKeyList": [],
      "CameraCenterEntityList": [],
      "CameraConfig": {},
      "SpawnConfig": {
        "EntitySpawnConfig": {}
      },
      "TriggerValidGuest": {}
    }
  ],
  "CrowdList": [],
  "PedestrianList": [],
  "PedestrianV2List": [],
  "AudienceList": [],
  "SmartObjectList": [],
  "CurveList": [],
  "LittleGameList": []
}