{
  "$type": "RPG.GameCore.RtLevelGroupInfo",
  "GroupName": "MainMission8003264_",
  "Category": "Mission",
  "LevelGraph": "Config/Level/GroupGraph/F10202004/Group_F10202004_G177.json",
  "AreaAnchorName": "LevelArea_P10202_F10202004_G177",
  "SaveType": "Reset",
  "IsPendedUnload": true,
  "OwnerMainMissionID": 8003264,
  "ConflictIDList": [],
  "IsHoyoGroup": true,
  "ConflictWhiteList": [],
  "AnchorList": [
    {
      "ID": 1,
      "PosX": -54.62154006958008,
      "PosY": 0.061000000685453415,
      "PosZ": -18.091039657592773,
      "Name": "Anchor1",
      "RotY": 81.56989288330078
    },
    {
      "ID": 3,
      "PosX": -56.065799713134766,
      "PosY": 1.349694013595581,
      "PosZ": -19.726869583129883,
      "Name": "Anchor3",
      "RotY": 59.01129913330078,
      "RotX": 3.5989129543304443,
      "RotZ": 358.95440673828125,
      "Usage": "Camera",
      "CustomParameter": {
        "$type": "RPG.GameCore.LevelAnchorCameraParameter"
      }
    }
  ],
  "MonsterList": [],
  "PropList": [
    {
      "ID": 300001,
      "PosX": -53.58399963378906,
      "PosY": 0.061000000685453415,
      "PosZ": -19.312000274658203,
      "Name": "Prop1",
      "PropID": 100,
      "IsOverrideInitLevelGraph": true,
      "Trigger": {
        "Radius": 1.5,
        "DimX": 1.0,
        "DimY": 1.0,
        "DimZ": 1.0,
        "PointList": []
      },
      "CampID": 4,
      "CustomTriggerMap": {},
      "CustomTriggerMapV2": {},
      "DialogueGroups": [],
      "TalkDialogGroupIDList": [],
      "ServerInteractVerificationIDList": []
    }
  ],
  "DistrictList": [],
  "WaypointList": [],
  "PathwayList": [],
  "BattleAreaList": [],
  "NPCList": [
    {
      "ID": 400001,
      "PosX": -54.62154006958008,
      "PosY": 0.061000000685453415,
      "PosZ": -18.091039657592773,
      "Name": "NPC1",
      "RotY": 81.56989288330078,
      "NPCID": 1991,
      "LoadOnInitial": false,
      "DialogueGroups": [],
      "ServerInteractVerificationIDList": [],
      "BoardShowList": [],
      "TalkDialogGroupIDList": [],
      "DefaultIdleFreeStyleMotionID": 380010000,
      "InitialHiddenNodeList": [],
      "SpawnConfig": {
        "EntitySpawnConfig": {},
        "CaptureDistanceTolerance": 10.0
      }
    },
    {
      "ID": 400002,
      "PosX": -53.58399963378906,
      "PosY": 0.06300699710845947,
      "PosZ": -19.312000274658203,
      "Name": "NPC2",
      "RotY": 11.901479721069336,
      "NPCID": 3011,
      "DialogueGroups": [],
      "ServerInteractVerificationIDList": [],
      "MappingInfoID": 2330,
      "BoardShowList": [
        4
      ],
      "TalkDialogGroupIDList": [],
      "IsMapContent": true,
      "MiniMapIconType": 132,
      "InitialHiddenNodeList": [],
      "SpawnConfig": {
        "EntitySpawnConfig": {},
        "CaptureDistanceTolerance": 10.0
      }
    },
    {
      "ID": 400003,
      "PosX": -53.04853820800781,
      "PosY": 0.06300699710845947,
      "PosZ": -17.957040786743164,
      "Name": "NPC3",
      "RotY": 200.23240661621094,
      "NPCID": 12238,
      "DialogueGroups": [],
      "ServerInteractVerificationIDList": [],
      "DefaultLookAtMode": "Closed",
      "BoardShowList": [
        8
      ],
      "OverrideNPCName": {
        "Hash": 933891653,
        "Hash64": 18253684436333435963
      },
      "TalkDialogGroupIDList": [],
      "DefaultIdleFreeStyleMotionID": 100020222,
      "InitialHiddenNodeList": [],
      "Dialog": {
        "LevelGraph": "Config/Level/NPCDialogue/P10202/F10202004_G173/DialogueMain_F10202004_G173_N400001.json",
        "PackList": [],
        "EnableCondition": {
          "Conditions": [
            {
              "Type": "SubMission",
              "ID": 800326401
            }
          ]
        }
      },
      "SpawnConfig": {
        "EntitySpawnConfig": {},
        "CaptureDistanceTolerance": 10.0
      }
    }
  ],
  "CrowdList": [],
  "PedestrianList": [],
  "SmartObjectList": []
}