{
  "$type": "RPG.GameCore.RtLevelGroupInfo",
  "GroupName": "MainMission8003208_03",
  "Category": "Mission",
  "AreaAnchorName": "LevelArea_P10202_F10202004_G208",
  "SaveType": "Reset",
  "LoadCondition": {
    "Conditions": [
      {
        "Type": "SubMission",
        "ID": 800320804
      }
    ]
  },
  "UnloadCondition": {
    "Conditions": [
      {
        "Type": "SubMission",
        "Phase": "Finish",
        "ID": 800320804
      }
    ]
  },
  "OwnerMainMissionID": 8003208,
  "ConflictIDList": [],
  "AnchorList": [
    {
      "ID": 1,
      "PosX": -28.739999771118164,
      "PosY": 4.553775787353516,
      "PosZ": 52.18000030517578,
      "Name": "Anchor1",
      "RotY": 56.47241973876953,
      "Usage": "Actor"
    },
    {
      "ID": 2,
      "PosX": -30.829999923706055,
      "PosY": 5.849999904632568,
      "PosZ": 52.560001373291016,
      "Name": "Anchor2",
      "RotY": 78.55999755859375,
      "RotX": 5.000004768371582,
      "Usage": "Camera"
    }
  ],
  "MonsterList": [],
  "PropList": [],
  "DistrictList": [],
  "WaypointList": [],
  "PathwayList": [],
  "BattleAreaList": [],
  "NPCList": [
    {
      "ID": 400001,
      "PosX": -28.59000015258789,
      "PosY": 4.553774833679199,
      "PosZ": 54.34000015258789,
      "Name": "NPC1",
      "RotY": 191.84320068359375,
      "NPCID": 12270,
      "DialogueGroups": [],
      "ServerInteractVerificationIDList": [],
      "BoardShowList": [
        1,
        64
      ],
      "TalkDialogGroupIDList": [],
      "DefaultIdleFreeStyleMotionID": 100020000,
      "InitialHiddenNodeList": [],
      "SpawnConfig": {
        "EntitySpawnConfig": {},
        "CaptureDistanceTolerance": 10.0
      }
    },
    {
      "ID": 400002,
      "PosX": -28.110000610351562,
      "PosY": 4.553774833679199,
      "PosZ": 53.90800094604492,
      "Name": "NPC2",
      "RotY": 201.14439392089844,
      "NPCID": 1203,
      "DialogueGroups": [],
      "ServerInteractVerificationIDList": [],
      "BoardShowList": [],
      "TalkDialogGroupIDList": [],
      "DefaultIdleFreeStyleMotionID": 312060000,
      "InitialHiddenNodeList": [],
      "SpawnConfig": {
        "EntitySpawnConfig": {},
        "CaptureDistanceTolerance": 10.0
      }
    },
    {
      "ID": 400003,
      "PosX": -27.639999389648438,
      "PosY": 4.553774833679199,
      "PosZ": 52.5099983215332,
      "Name": "NPC3",
      "RotY": 297.46868896484375,
      "NPCID": 12176,
      "DialogueGroups": [],
      "ServerInteractVerificationIDList": [],
      "BoardShowList": [
        1,
        64
      ],
      "TalkDialogGroupIDList": [],
      "DefaultIdleFreeStyleMotionID": 100010000,
      "InitialHiddenNodeList": [],
      "SpawnConfig": {
        "EntitySpawnConfig": {},
        "CaptureDistanceTolerance": 10.0
      }
    },
    {
      "ID": 400004,
      "PosX": -27.280000686645508,
      "PosY": 4.553773880004883,
      "PosZ": 53.25,
      "Name": "NPC4",
      "RotY": 264.17999267578125,
      "NPCID": 1202,
      "DialogueGroups": [],
      "ServerInteractVerificationIDList": [],
      "BoardShowList": [],
      "TalkDialogGroupIDList": [],
      "DefaultIdleFreeStyleMotionID": 312070000,
      "InitialHiddenNodeList": [],
      "SpawnConfig": {
        "CaptureDistanceTolerance": 10.0
      }
    }
  ],
  "CrowdList": [],
  "PedestrianList": [],
  "SmartObjectList": []
}