{
  "$type": "RPG.GameCore.RtLevelGroupInfo",
  "GroupName": "MainMission1021702_AfterStoryJR",
  "Category": "Mission",
  "AreaAnchorName": "LevelArea_P10202_F10202004_G2",
  "SaveType": "Reset",
  "LoadCondition": {
    "Conditions": [
      {
        "Type": "SubMission",
        "ID": 102170208
      }
    ]
  },
  "UnloadCondition": {
    "Conditions": [
      {
        "Type": "SubMission",
        "Phase": "Finish",
        "ID": 102170208
      }
    ],
    "DelayToLevelReload": true
  },
  "OwnerMainMissionID": 1021702,
  "ConflictIDList": [],
  "AnchorList": [
    {
      "ID": 1,
      "PosX": -42.279998779296875,
      "PosY": 1.1603490114212036,
      "PosZ": -27.15999984741211,
      "Name": "Anchor1",
      "RotY": 308.5224914550781
    },
    {
      "ID": 2,
      "PosX": -41.0369987487793,
      "PosY": 2.5840001106262207,
      "PosZ": -27.326000213623047,
      "Name": "Anchor2",
      "RotY": 297.9565124511719,
      "RotX": 2.5932140350341797,
      "Usage": "Camera"
    }
  ],
  "MonsterList": [],
  "PropList": [
    {
      "ID": 300001,
      "PosX": -31.809999465942383,
      "PosY": 1.5376280546188354,
      "PosZ": -5.599999904632568,
      "Name": "Prop1",
      "PropID": 100,
      "IsOverrideInitLevelGraph": true,
      "Trigger": {
        "Radius": 20.0,
        "DimX": 1.0,
        "DimY": 1.0,
        "DimZ": 1.0,
        "PointList": []
      },
      "CampID": 4,
      "CustomTriggerMap": {},
      "DialogueGroups": [],
      "TalkDialogGroupIDList": [],
      "ServerInteractVerificationIDList": []
    }
  ],
  "DistrictList": [],
  "WaypointList": [],
  "PathwayList": [],
  "BattleAreaList": [],
  "NPCList": [
    {
      "ID": 400001,
      "PosX": -42.9630012512207,
      "PosY": 1.1606650352478027,
      "PosZ": -26.514999389648438,
      "Name": "NPC1",
      "RotY": 92.38614654541016,
      "NPCID": 12242,
      "DialogueGroups": [],
      "ServerInteractVerificationIDList": [],
      "BoardShowList": [
        1,
        64
      ],
      "TalkDialogGroupIDList": [],
      "DefaultIdleFreeStyleMotionID": 100020000,
      "InitialHiddenNodeList": [],
      "Dialog": {
        "LevelGraph": "Config/Level/NPCDialogue/P10202/F10202004_G2/DialogueMain_F10202004_G2_N400001.json",
        "PackList": []
      },
      "SpawnConfig": {
        "CaptureDistanceTolerance": 10.0
      }
    },
    {
      "ID": 400002,
      "PosX": -42.279998779296875,
      "PosY": 1.1603490114212036,
      "PosZ": -27.15999984741211,
      "Name": "NPC2",
      "RotY": 308.5224914550781,
      "NPCID": 1992,
      "LoadOnInitial": false,
      "DialogueGroups": [],
      "ServerInteractVerificationIDList": [],
      "BoardShowList": [],
      "TalkDialogGroupIDList": [],
      "DefaultIdleFreeStyleMotionID": 380020000,
      "InitialHiddenNodeList": []
    },
    {
      "ID": 400003,
      "PosX": -42.09000015258789,
      "PosY": 1.16034996509552,
      "PosZ": -26.079999923706055,
      "Name": "NPC3",
      "RotY": 243.89430236816406,
      "NPCID": 1001,
      "LoadOnInitial": false,
      "DialogueGroups": [],
      "ServerInteractVerificationIDList": [],
      "BoardShowList": [],
      "TalkDialogGroupIDList": [],
      "DefaultIdleFreeStyleMotionID": 310010000,
      "InitialHiddenNodeList": []
    }
  ],
  "CrowdList": [],
  "PedestrianList": [],
  "SmartObjectList": []
}