{
  "$type": "RPG.GameCore.RtLevelGroupInfo",
  "GroupName": "MainMission8003245_01",
  "Category": "Mission",
  "LevelGraph": "Config/Level/GroupGraph/F10202004/Group_F10202004_G115.json",
  "AreaAnchorName": "LevelArea_P10202_F10202004_G115",
  "SaveType": "Reset",
  "OwnerMainMissionID": 8003245,
  "ConflictIDList": [],
  "IsHoyoGroup": true,
  "ConflictWhiteList": [],
  "AnchorList": [
    {
      "ID": 1,
      "PosX": -56.25,
      "PosY": -0.8505709767341614,
      "PosZ": -10.199999809265137,
      "Name": "Anchor1",
      "RotY": 338.45001220703125
    },
    {
      "ID": 2,
      "PosX": -55.380001068115234,
      "PosY": 0.6100000143051147,
      "PosZ": -11.800000190734863,
      "Name": "Anchor2",
      "RotY": 340.0,
      "RotX": 9.999994277954102,
      "Usage": "Camera",
      "CustomParameter": {
        "$type": "RPG.GameCore.LevelAnchorCameraParameter"
      }
    }
  ],
  "MonsterList": [],
  "PropList": [],
  "DistrictList": [],
  "WaypointList": [],
  "PathwayList": [],
  "BattleAreaList": [],
  "NPCList": [
    {
      "ID": 400001,
      "PosX": -57.11899948120117,
      "PosY": -0.8505709767341614,
      "PosZ": -9.392999649047852,
      "Name": "NPC1",
      "RotY": 96.71116638183594,
      "NPCID": 12268,
      "DialogueGroups": [],
      "ServerInteractVerificationIDList": [],
      "BoardShowList": [
        1,
        64
      ],
      "TalkDialogGroupIDList": [],
      "DefaultIdleFreeStyleMotionID": 100020000,
      "InitialHiddenNodeList": [],
      "Dialog": {
        "LevelGraph": "Config/Level/NPCDialogue/P10202/F10202004_G115/DialogueMain_F10202004_G115_N400001.json",
        "PackList": []
      },
      "SpawnConfig": {
        "EntitySpawnConfig": {},
        "CaptureDistanceTolerance": 10.0
      }
    },
    {
      "ID": 400002,
      "PosX": -56.40999984741211,
      "PosY": -0.8505709767341614,
      "PosZ": -8.710000038146973,
      "Name": "NPC2",
      "RotY": 180.0,
      "NPCID": 12270,
      "LoadOnInitial": false,
      "DialogueGroups": [],
      "ServerInteractVerificationIDList": [],
      "BoardShowList": [
        1,
        64
      ],
      "TalkDialogGroupIDList": [],
      "DefaultIdleFreeStyleMotionID": 100020000,
      "OverrideSeriesID": 4294967295,
      "InitialHiddenNodeList": []
    },
    {
      "ID": 400003,
      "PosX": -55.479000091552734,
      "PosY": -0.8505709767341614,
      "PosZ": -9.211000442504883,
      "Name": "NPC3",
      "RotY": 231.16619873046875,
      "NPCID": 1206,
      "DialogueGroups": [],
      "ServerInteractVerificationIDList": [],
      "BoardShowList": [],
      "TalkDialogGroupIDList": [],
      "DefaultIdleFreeStyleMotionID": 312010000,
      "InitialHiddenNodeList": []
    }
  ],
  "CrowdList": [],
  "PedestrianList": [],
  "SmartObjectList": []
}