{
  "$type": "RPG.GameCore.RtLevelGroupInfo",
  "GroupName": "MainMission8003265_",
  "Category": "Mission",
  "LevelGraph": "Config/Level/GroupGraph/F10202004/Group_F10202004_G182.json",
  "AreaAnchorName": "LevelArea_P10202_F10202004_G182",
  "SaveType": "Reset",
  "OwnerMainMissionID": 8003265,
  "ConflictIDList": [],
  "IsHoyoGroup": true,
  "ConflictWhiteList": [],
  "AnchorList": [
    {
      "ID": 1,
      "PosX": 21.583999633789062,
      "PosY": 3.5995099544525146,
      "PosZ": -27.72599983215332,
      "Name": "Anchor1",
      "RotY": 90.78778076171875
    },
    {
      "ID": 2,
      "PosX": 23.148130416870117,
      "PosY": 3.5995099544525146,
      "PosZ": -27.926820755004883,
      "Name": "Anchor2",
      "RotY": 276.1416931152344
    },
    {
      "ID": 3,
      "PosX": 18.86115074157715,
      "PosY": 5.23191499710083,
      "PosZ": -29.418720245361328,
      "Name": "Anchor3",
      "RotY": 72.86238861083984,
      "RotX": 9.957594871520996,
      "RotZ": 359.17401123046875,
      "Usage": "Camera",
      "CustomParameter": {
        "$type": "RPG.GameCore.LevelAnchorCameraParameter"
      }
    },
    {
      "ID": 4,
      "PosX": 36.2599983215332,
      "PosY": 6.989999771118164,
      "PosZ": -16.889999389648438,
      "Name": "Anchor4"
    }
  ],
  "MonsterList": [],
  "PropList": [
    {
      "ID": 300001,
      "PosX": 23.148130416870117,
      "PosY": 3.5995099544525146,
      "PosZ": -27.926820755004883,
      "Name": "Prop1",
      "PropID": 100,
      "LoadOnInitial": false,
      "IsOverrideInitLevelGraph": true,
      "Trigger": {
        "Radius": 1.5,
        "DimX": 1.0,
        "DimY": 1.0,
        "DimZ": 1.0,
        "PointList": []
      },
      "CampID": 4,
      "CustomTriggerMap": {},
      "CustomTriggerMapV2": {},
      "DialogueGroups": [],
      "TalkDialogGroupIDList": [],
      "ServerInteractVerificationIDList": []
    }
  ],
  "DistrictList": [],
  "WaypointList": [],
  "PathwayList": [],
  "BattleAreaList": [],
  "NPCList": [
    {
      "ID": 400001,
      "PosX": 23.148130416870117,
      "PosY": 3.5995099544525146,
      "PosZ": -27.926820755004883,
      "Name": "NPC1",
      "RotY": 276.1416931152344,
      "NPCID": 3011,
      "DialogueGroups": [],
      "ServerInteractVerificationIDList": [],
      "MappingInfoID": 2331,
      "BoardShowList": [
        4
      ],
      "OverrideNPCName": {
        "Hash": -1815194678,
        "Hash64": 10566921030732193845
      },
      "TalkDialogGroupIDList": [],
      "OverrideSeriesID": 18001,
      "IsMapContent": true,
      "MiniMapIconType": 132,
      "InitialHiddenNodeList": [],
      "Dialog": {
        "LevelGraph": "Config/Level/NPCDialogue/P10202/F10202004_G182/DialogueMain_F10202004_G182_N400001.json",
        "PackList": [],
        "EnableCondition": {
          "Conditions": [
            {
              "Type": "SubMission",
              "ID": 800326503
            }
          ]
        }
      },
      "SpawnConfig": {
        "EntitySpawnConfig": {},
        "CaptureDistanceTolerance": 10.0
      }
    },
    {
      "ID": 400002,
      "PosX": 21.583999633789062,
      "PosY": 3.5995099544525146,
      "PosZ": -27.72599983215332,
      "Name": "NPC2",
      "RotY": 90.78778076171875,
      "NPCID": 1991,
      "LoadOnInitial": false,
      "DialogueGroups": [],
      "ServerInteractVerificationIDList": [],
      "BoardShowList": [],
      "TalkDialogGroupIDList": [],
      "DefaultIdleFreeStyleMotionID": 380010000,
      "InitialHiddenNodeList": [],
      "SpawnConfig": {
        "EntitySpawnConfig": {},
        "CaptureDistanceTolerance": 10.0
      }
    },
    {
      "ID": 400003,
      "PosX": 22.85700035095215,
      "PosY": 3.5995099544525146,
      "PosZ": -29.979000091552734,
      "Name": "NPC3",
      "RotY": 170.3885040283203,
      "NPCID": 12131,
      "LoadOnInitial": false,
      "DialogueGroups": [],
      "ServerInteractVerificationIDList": [],
      "DefaultLookAtMode": "Closed",
      "BoardShowList": [],
      "TalkDialogGroupIDList": [],
      "DefaultIdleFreeStyleMotionID": 100010231,
      "InitialHiddenNodeList": [],
      "SpawnConfig": {
        "EntitySpawnConfig": {},
        "CaptureDistanceTolerance": 10.0
      }
    }
  ],
  "CrowdList": [],
  "PedestrianList": [],
  "SmartObjectList": []
}