{
  "$type": "RPG.GameCore.RtLevelGroupInfo",
  "GroupName": "MainMission8003212_02",
  "Category": "Mission",
  "AreaAnchorName": "LevelArea_P10202_F10202004_G71",
  "SaveType": "Reset",
  "LoadCondition": {
    "Conditions": [
      {
        "Type": "SubMission",
        "ID": 800321202
      }
    ]
  },
  "UnloadCondition": {
    "Conditions": [
      {
        "Type": "SubMission",
        "Phase": "Finish",
        "ID": 800321202
      }
    ]
  },
  "OwnerMainMissionID": 8003212,
  "ConflictIDList": [],
  "AnchorList": [
    {
      "ID": 1,
      "PosX": -27.889999389648438,
      "PosY": 4.553774833679199,
      "PosZ": 54.459999084472656,
      "Name": "Anchor1",
      "RotY": 348.74969482421875,
      "Usage": "Actor"
    },
    {
      "ID": 2,
      "PosX": -27.1200008392334,
      "PosY": 6.159999847412109,
      "PosZ": 53.38999938964844,
      "Name": "Anchor2",
      "RotY": 335.08758544921875,
      "RotX": 9.000003814697266,
      "RotZ": 0.6752650141716003,
      "Usage": "Camera"
    }
  ],
  "MonsterList": [],
  "PropList": [
    {
      "ID": 300001,
      "PosX": -27.10099983215332,
      "PosY": 4.55377721786499,
      "PosZ": 56.08000183105469,
      "Name": "Prop1",
      "RotY": 182.27059936523438,
      "PropID": 102165,
      "IsOverrideInitLevelGraph": true,
      "CampID": 4,
      "CustomTriggerMap": {},
      "DialogueGroups": [],
      "TalkDialogGroupIDList": [],
      "ServerInteractVerificationIDList": []
    },
    {
      "ID": 300002,
      "PosX": -27.10099983215332,
      "PosY": 5.052000045776367,
      "PosZ": 56.08000183105469,
      "Name": "Prop2",
      "RotY": 31.442800521850586,
      "PropID": 102167,
      "IsOverrideInitLevelGraph": true,
      "CampID": 4,
      "CustomTriggerMap": {},
      "DialogueGroups": [],
      "TalkDialogGroupIDList": [],
      "ServerInteractVerificationIDList": []
    },
    {
      "ID": 300003,
      "PosX": -27.940000534057617,
      "PosY": 4.553774833679199,
      "PosZ": 56.08000183105469,
      "Name": "Prop3",
      "PropID": 100,
      "IsOverrideInitLevelGraph": true,
      "Trigger": {
        "Radius": 2.799999952316284,
        "DimX": 1.0,
        "DimY": 1.0,
        "DimZ": 1.0,
        "PointList": []
      },
      "CampID": 4,
      "CustomTriggerMap": {},
      "DialogueGroups": [],
      "TalkDialogGroupIDList": [],
      "ServerInteractVerificationIDList": []
    }
  ],
  "DistrictList": [],
  "WaypointList": [],
  "PathwayList": [],
  "BattleAreaList": [],
  "NPCList": [
    {
      "ID": 400001,
      "PosX": -27.940000534057617,
      "PosY": 4.553774833679199,
      "PosZ": 56.08000183105469,
      "Name": "NPC1",
      "RotY": 169.8372039794922,
      "NPCID": 12270,
      "DialogueGroups": [],
      "ServerInteractVerificationIDList": [],
      "BoardShowList": [
        1,
        64
      ],
      "TalkDialogGroupIDList": [],
      "DefaultIdleFreeStyleMotionID": 100020000,
      "InitialHiddenNodeList": [],
      "SpawnConfig": {
        "EntitySpawnConfig": {},
        "CaptureDistanceTolerance": 10.0
      }
    },
    {
      "ID": 400002,
      "PosX": -28.850000381469727,
      "PosY": 4.553773880004883,
      "PosZ": 55.119998931884766,
      "Name": "NPC2",
      "RotY": 28.802249908447266,
      "NPCID": 1203,
      "DialogueGroups": [],
      "ServerInteractVerificationIDList": [],
      "BoardShowList": [],
      "TalkDialogGroupIDList": [],
      "DefaultIdleFreeStyleMotionID": 312060000,
      "InitialHiddenNodeList": [],
      "SpawnConfig": {
        "EntitySpawnConfig": {},
        "CaptureDistanceTolerance": 10.0
      }
    },
    {
      "ID": 400003,
      "PosX": -27.10099983215332,
      "PosY": 5.380000114440918,
      "PosZ": 56.08000183105469,
      "Name": "NPC3",
      "RotY": 182.84170532226562,
      "NPCID": 12263,
      "StaticNPC": true,
      "DialogueGroups": [],
      "ServerInteractVerificationIDList": [],
      "MappingInfoID": 2266,
      "BoardShowList": [],
      "TalkDialogGroupIDList": [],
      "IsMapContent": true,
      "MiniMapIconType": 125,
      "InitialHiddenNodeList": [],
      "SpawnConfig": {
        "EntitySpawnConfig": {},
        "CaptureDistanceTolerance": 10.0
      }
    }
  ],
  "CrowdList": [],
  "PedestrianList": [],
  "SmartObjectList": []
}