{
  "$type": "RPG.GameCore.RtLevelGroupInfo",
  "GroupName": "MainMission2000801_2",
  "Category": "Mission",
  "AreaAnchorName": "LevelArea_P10000_F10000000_G152",
  "SaveType": "Reset",
  "LoadCondition": {
    "Conditions": [
      {
        "Type": "SubMission",
        "ID": 200080104
      }
    ]
  },
  "OwnerMainMissionID": 2000801,
  "ValueSource": {},
  "ConflictIDList": [],
  "AnchorList": [
    {
      "ID": 1,
      "PosX": -3.069999933242798,
      "PosY": -9.000000318337698e-6,
      "PosZ": 8.84000015258789,
      "Name": "Anchor1",
      "RotY": 264.1549987792969,
      "Usage": "Actor"
    },
    {
      "ID": 2,
      "PosX": -0.36000001430511475,
      "PosY": 0.44999998807907104,
      "PosZ": 8.460000038146973,
      "Name": "Anchor2",
      "RotY": 270.4330139160156,
      "RotX": 350.4820861816406,
      "Usage": "Camera",
      "CustomParameter": {
        "$type": "RPG.GameCore.LevelAnchorCameraParameter",
        "fov": 45.0
      }
    },
    {
      "ID": 3,
      "PosX": -11.34000015258789,
      "PosY": 3.799999952316284,
      "PosZ": 6.9079999923706055,
      "Name": "Anchor3",
      "RotY": 264.1549987792969
    }
  ],
  "MonsterList": [],
  "PropList": [],
  "DistrictList": [],
  "WaypointList": [],
  "PathwayList": [],
  "BattleAreaList": [],
  "NPCList": [
    {
      "ID": 400001,
      "PosX": -5.260000228881836,
      "PosY": -4.999999873689376e-6,
      "PosZ": 8.010000228881836,
      "Name": "NPC1",
      "RotY": 265.1260986328125,
      "NPCID": 3001,
      "LoadOnInitial": false,
      "ValueSource": {},
      "DialogueGroups": [],
      "ServerInteractVerificationIDList": [],
      "BoardShowList": [],
      "TalkDialogGroupIDList": [],
      "DefaultIdleFreeStyleMotionID": 900010000,
      "OverrideSeriesID": 4294967295,
      "InitialHiddenNodeList": [],
      "SpawnConfig": {
        "EntitySpawnConfig": {}
      },
      "TriggerValidGuest": {}
    },
    {
      "ID": 400004,
      "PosX": -4.801000118255615,
      "PosY": -3.999999989900971e-6,
      "PosZ": 7.2129998207092285,
      "Name": "NPC4",
      "RotY": 265.6361083984375,
      "NPCID": 1001,
      "LoadOnInitial": false,
      "ValueSource": {},
      "DialogueGroups": [],
      "ServerInteractVerificationIDList": [],
      "DefaultLookAtMode": "LookPosition",
      "DefaultLookAtPositionInfo": {
        "Position": {
          "x": -11.34000015258789,
          "y": 3.799999952316284,
          "z": 6.9079999923706055
        }
      },
      "BoardShowList": [],
      "TalkDialogGroupIDList": [],
      "DefaultIdleFreeStyleMotionID": 310010000,
      "OverrideSeriesID": 4294967295,
      "InitialHiddenNodeList": [],
      "SpawnConfig": {
        "EntitySpawnConfig": {}
      },
      "TriggerValidGuest": {}
    },
    {
      "ID": 400002,
      "PosX": -3.7300000190734863,
      "PosY": -3.999999989900971e-6,
      "PosZ": 9.720000267028809,
      "Name": "NPC2",
      "RotY": 273.8226013183594,
      "NPCID": 1003,
      "LoadOnInitial": false,
      "ValueSource": {},
      "DialogueGroups": [],
      "ServerInteractVerificationIDList": [],
      "BoardShowList": [],
      "TalkDialogGroupIDList": [],
      "DefaultIdleFreeStyleMotionID": 310030000,
      "OverrideSeriesID": 4294967295,
      "InitialHiddenNodeList": [],
      "SpawnConfig": {
        "EntitySpawnConfig": {}
      },
      "TriggerValidGuest": {}
    },
    {
      "ID": 400003,
      "PosX": -4.329999923706055,
      "PosY": -3.999999989900971e-6,
      "PosZ": 6.389999866485596,
      "Name": "NPC3",
      "RotY": 273.8226013183594,
      "NPCID": 1004,
      "LoadOnInitial": false,
      "ValueSource": {},
      "DialogueGroups": [],
      "ServerInteractVerificationIDList": [],
      "DefaultLookAtMode": "LookPosition",
      "DefaultLookAtPositionInfo": {
        "Position": {
          "x": -11.34000015258789,
          "y": 3.799999952316284,
          "z": 6.9079999923706055
        }
      },
      "BoardShowList": [],
      "TalkDialogGroupIDList": [],
      "DefaultIdleFreeStyleMotionID": 310040000,
      "OverrideSeriesID": 4294967295,
      "InitialHiddenNodeList": [],
      "SpawnConfig": {
        "EntitySpawnConfig": {}
      },
      "TriggerValidGuest": {}
    }
  ],
  "CrowdList": [],
  "PedestrianList": [],
  "SmartObjectList": []
}