{
  "$type": "RPG.GameCore.RtLevelGroupInfo",
  "GroupName": "MainMission2011401_",
  "Category": "Mission",
  "AreaAnchorName": "LevelArea_P10101_F10101001_G79",
  "SaveType": "Reset",
  "LoadCondition": {
    "Conditions": [
      {
        "Type": "SubMission",
        "ID": 201140108
      },
      {
        "Type": "SubMission",
        "ID": 201140111
      }
    ],
    "Operation": "Or"
  },
  "UnloadCondition": {
    "Conditions": [
      {
        "Type": "SubMission",
        "Phase": "Finish",
        "ID": 201140111
      }
    ]
  },
  "OwnerMainMissionID": 2011401,
  "ConflictIDList": [],
  "AnchorList": [
    {
      "ID": 1,
      "PosX": -55.36399841308594,
      "PosY": 0.01972999982535839,
      "PosZ": -50.573001861572266,
      "Name": "Anchor1",
      "RotY": 223.3000030517578
    },
    {
      "ID": 2,
      "PosX": -54.750999450683594,
      "PosY": 0.012047000229358673,
      "PosZ": -52.12099838256836,
      "Name": "Anchor2",
      "RotY": 281.29998779296875
    }
  ],
  "MonsterList": [],
  "PropList": [
    {
      "ID": 300001,
      "PosX": -55.96699905395508,
      "PosY": 0.0120430001989007,
      "PosZ": -51.57099914550781,
      "Name": "Prop1",
      "PropID": 100,
      "IsOverrideInitLevelGraph": true,
      "Trigger": {
        "Radius": 2.5,
        "DimX": 1.0,
        "DimY": 1.0,
        "DimZ": 1.0,
        "PointList": []
      },
      "CampID": 4,
      "CustomTriggerMap": {},
      "DialogueGroups": [],
      "TalkDialogGroupIDList": [],
      "ServerInteractVerificationIDList": []
    }
  ],
  "DistrictList": [],
  "WaypointList": [],
  "PathwayList": [],
  "BattleAreaList": [],
  "NPCList": [
    {
      "ID": 400001,
      "PosX": -56.369998931884766,
      "PosY": 0.006554000079631805,
      "PosZ": -51.689998626708984,
      "Name": "NPC1",
      "RotY": 42.099998474121094,
      "NPCID": 11403,
      "LoadOnInitial": false,
      "DialogueGroups": [
        201140109
      ],
      "ServerInteractVerificationIDList": [],
      "DefaultLookAtMode": "Closed",
      "BoardShowList": [
        4
      ],
      "OverrideNPCName": {
        "hash": -270385611,
        "hash64": 283556983169644164
      },
      "TalkDialogGroupIDList": [],
      "DefaultIdleFreeStyleMotionID": 100030000,
      "InitialHiddenNodeList": []
    },
    {
      "ID": 400002,
      "PosX": -52.5989990234375,
      "PosY": 0.0120430001989007,
      "PosZ": -51.96799850463867,
      "Name": "NPC2",
      "RotY": 272.29998779296875,
      "NPCID": 1105,
      "LoadOnInitial": false,
      "DialogueGroups": [],
      "ServerInteractVerificationIDList": [],
      "DefaultLookAtMode": "Closed",
      "BoardShowList": [
        4
      ],
      "TalkDialogGroupIDList": [],
      "DefaultIdleFreeStyleMotionID": 311050000,
      "InitialHiddenNodeList": []
    },
    {
      "ID": 400003,
      "PosX": -54.70100021362305,
      "PosY": 0.0120430001989007,
      "PosZ": -52.12200164794922,
      "Name": "NPC3",
      "RotY": 328.5199890136719,
      "NPCID": 1105,
      "LoadOnInitial": false,
      "DialogueGroups": [
        201140111
      ],
      "ServerInteractVerificationIDList": [],
      "DefaultLookAtMode": "Closed",
      "BoardShowList": [
        4
      ],
      "TalkDialogGroupIDList": [],
      "DefaultIdleFreeStyleMotionID": 311050000,
      "InitialHiddenNodeList": [],
      "Dialog": {
        "LevelGraph": "Config/Level/NPCDialogue/P10101/F10101001_G79/DialogueMain_F10101001_G79_N400003.json",
        "EnableCondition": {
          "Conditions": [
            {
              "Type": "SubMission",
              "ID": 201140111
            }
          ],
          "Operation": "Or"
        }
      }
    }
  ],
  "CrowdList": [],
  "PedestrianList": []
}