{
  "$type": "RPG.GameCore.RtLevelGroupInfo",
  "GroupName": "MainMission2011401_",
  "Category": "Mission",
  "AreaAnchorName": "LevelArea_P10101_F10101001_G78",
  "SaveType": "Reset",
  "LoadCondition": {
    "Conditions": [
      {
        "Type": "SubMission",
        "ID": 201140107
      }
    ]
  },
  "UnloadCondition": {
    "Conditions": [
      {
        "Type": "SubMission",
        "Phase": "Finish",
        "ID": 201140107
      }
    ]
  },
  "OwnerMainMissionID": 2011401,
  "ConflictIDList": [],
  "AnchorList": [
    {
      "ID": 1,
      "PosX": 30.297000885009766,
      "PosY": 0.009860999882221222,
      "PosZ": -139.08900451660156,
      "Name": "Anchor1",
      "RotY": 57.5
    },
    {
      "ID": 2,
      "PosX": -2.740000009536743,
      "PosY": 1.25,
      "PosZ": -110.30000305175781,
      "Name": "Anchor2",
      "RotY": 217.95480346679688,
      "RotX": 9.999998092651367,
      "Usage": "Camera"
    },
    {
      "ID": 3,
      "PosX": -5.699999809265137,
      "PosY": -0.09289900213479996,
      "PosZ": -112.2699966430664,
      "Name": "Anchor3",
      "RotY": 107.3761978149414
    }
  ],
  "MonsterList": [],
  "PropList": [
    {
      "ID": 300001,
      "PosX": -14.680000305175781,
      "PosY": -0.0765800029039383,
      "PosZ": -14.069999694824219,
      "Name": "Prop1",
      "PropID": 100,
      "IsOverrideInitLevelGraph": true,
      "Trigger": {
        "Radius": 3.0,
        "DimX": 1.0,
        "DimY": 1.0,
        "DimZ": 1.0,
        "PointList": []
      },
      "CampID": 4,
      "CustomTriggerMap": {},
      "DialogueGroups": [],
      "TalkDialogGroupIDList": [],
      "ServerInteractVerificationIDList": []
    },
    {
      "ID": 300002,
      "PosX": -4.380000114440918,
      "PosY": -0.0929030030965805,
      "PosZ": -112.65499877929688,
      "Name": "Prop2",
      "RotY": 165.3000030517578,
      "PropID": 100,
      "IsOverrideInitLevelGraph": true,
      "CampID": 4,
      "CustomTriggerMap": {},
      "DialogueGroups": [],
      "TalkDialogGroupIDList": [],
      "ServerInteractVerificationIDList": []
    }
  ],
  "DistrictList": [],
  "WaypointList": [],
  "PathwayList": [],
  "BattleAreaList": [],
  "NPCList": [
    {
      "ID": 400001,
      "PosX": -3.950000047683716,
      "PosY": -0.0929030030965805,
      "PosZ": -113.58000183105469,
      "Name": "NPC1",
      "RotY": 351.2998962402344,
      "NPCID": 11111,
      "LoadOnInitial": false,
      "DialogueGroups": [],
      "ServerInteractVerificationIDList": [],
      "DefaultLookAtMode": "Closed",
      "BoardShowList": [
        4
      ],
      "OverrideNPCName": {
        "hash": 1698982858,
        "hash64": 11273436279180213278
      },
      "TalkDialogGroupIDList": [],
      "DefaultIdleFreeStyleMotionID": 100010000,
      "InitialHiddenNodeList": []
    },
    {
      "ID": 400003,
      "PosX": -5.699999809265137,
      "PosY": -0.09289900213479996,
      "PosZ": -112.2699966430664,
      "Name": "NPC3",
      "RotY": 107.3761978149414,
      "NPCID": 1992,
      "LoadOnInitial": false,
      "DialogueGroups": [],
      "ServerInteractVerificationIDList": [],
      "DefaultLookAtMode": "Closed",
      "BoardShowList": [
        4
      ],
      "TalkDialogGroupIDList": [],
      "DefaultIdleFreeStyleMotionID": 380020000,
      "InitialHiddenNodeList": []
    },
    {
      "ID": 400004,
      "PosX": -4.570000171661377,
      "PosY": -0.0929030030965805,
      "PosZ": -111.93000030517578,
      "Name": "NPC4",
      "RotY": 165.3000030517578,
      "NPCID": 1105,
      "LoadOnInitial": false,
      "DialogueGroups": [],
      "ServerInteractVerificationIDList": [],
      "DefaultLookAtMode": "Closed",
      "BoardShowList": [
        4
      ],
      "TalkDialogGroupIDList": [],
      "DefaultIdleFreeStyleMotionID": 311050000,
      "InitialHiddenNodeList": []
    }
  ],
  "CrowdList": [],
  "PedestrianList": []
}