{
  "$type": "RPG.GameCore.RtLevelGroupInfo",
  "GroupName": "MainMission2010201_11",
  "Category": "Mission",
  "AreaAnchorName": "LevelArea_P10101_F10101001_G197",
  "SaveType": "Reset",
  "LoadCondition": {
    "Conditions": [
      {
        "Type": "SubMission",
        "ID": 201020111
      }
    ]
  },
  "UnloadCondition": {
    "Conditions": [
      {
        "Type": "SubMission",
        "Phase": "Finish",
        "ID": 201020114
      }
    ],
    "DelayToLevelReload": true
  },
  "OwnerMainMissionID": 2010201,
  "ValueSource": {},
  "ConflictIDList": [],
  "AnchorList": [
    {
      "ID": 1,
      "PosX": -54.80699920654297,
      "PosY": 0.0065460000187158585,
      "PosZ": -37.01900100708008,
      "Name": "Anchor1",
      "RotY": 204.3000030517578,
      "Usage": "Actor"
    },
    {
      "ID": 2,
      "PosX": -52.810001373291016,
      "PosY": 2.127000093460083,
      "PosZ": -36.54999923706055,
      "Name": "Anchor2",
      "RotY": 230.8000030517578,
      "RotX": 13.300020217895508,
      "RotZ": 0.007218000013381243,
      "Usage": "Camera",
      "CustomParameter": {
        "$type": "RPG.GameCore.LevelAnchorCameraParameter"
      }
    },
    {
      "ID": 3,
      "PosX": -58.367000579833984,
      "PosY": 1.2699999809265137,
      "PosZ": -38.827999114990234,
      "Name": "Anchor3",
      "RotY": 122.59110260009766,
      "RotX": 11.699999809265137,
      "Usage": "Camera",
      "CustomParameter": {
        "$type": "RPG.GameCore.LevelAnchorCameraParameter"
      }
    }
  ],
  "MonsterList": [],
  "PropList": [
    {
      "ID": 300001,
      "PosX": -56.664878845214844,
      "PosY": 0.006550000049173832,
      "PosZ": -39.9046516418457,
      "Name": "Prop1",
      "PropID": 100,
      "IsOverrideInitLevelGraph": true,
      "Trigger": {
        "Radius": 7.0,
        "DimX": 1.0,
        "DimY": 1.0,
        "DimZ": 1.0,
        "PointList": []
      },
      "CampID": 4,
      "CustomTriggerMap": {},
      "CustomTriggerMapV2": {},
      "DialogueGroups": [],
      "TalkDialogGroupIDList": [],
      "ServerInteractVerificationIDList": []
    },
    {
      "ID": 300002,
      "PosX": -56.664878845214844,
      "PosY": 0.006550000049173832,
      "PosZ": -39.9046516418457,
      "Name": "Prop2",
      "PropID": 100,
      "IsOverrideInitLevelGraph": true,
      "ValueSource": {},
      "Trigger": {
        "Radius": 5.0,
        "DimX": 1.0,
        "DimY": 1.0,
        "DimZ": 1.0,
        "PointList": []
      },
      "CampID": 4,
      "CustomTriggerMap": {},
      "CustomTriggerMapV2": {},
      "DialogueGroups": [],
      "TalkDialogGroupIDList": [],
      "ServerInteractVerificationIDList": [],
      "Dialog": {
        "LevelGraph": "Config/Level/NPCDialogue/P10101/F10101001_G197/DialogueMain_F10101001_G197_N400001.json",
        "PackList": []
      },
      "InteractIconType": "ChatIcon",
      "InteractTitle": {
        "Hash": -347318505,
        "Hash64": 10068459047683406643
      }
    }
  ],
  "DistrictList": [],
  "WaypointList": [],
  "PathwayList": [],
  "BattleAreaList": [],
  "NPCList": [
    {
      "ID": 400001,
      "PosX": -57.47447967529297,
      "PosY": 0.0065460000187158585,
      "PosZ": -40.01898956298828,
      "Name": "NPC1",
      "RotY": 88.99999237060547,
      "NPCID": 1106,
      "ValueSource": {},
      "DialogueGroups": [],
      "ServerInteractVerificationIDList": [],
      "DefaultLookAtMode": "Closed",
      "BoardShowList": [
        8
      ],
      "TalkDialogGroupIDList": [],
      "DefaultIdleFreeStyleMotionID": 311060000,
      "InitialHiddenNodeList": [],
      "SpawnConfig": {
        "EntitySpawnConfig": {},
        "CaptureDistanceTolerance": 10.0
      }
    },
    {
      "ID": 400002,
      "PosX": -55.14099884033203,
      "PosY": 0.0065460000187158585,
      "PosZ": -40.827999114990234,
      "Name": "NPC2",
      "RotY": 301.29998779296875,
      "NPCID": 11306,
      "ValueSource": {},
      "DialogueGroups": [],
      "ServerInteractVerificationIDList": [],
      "DefaultLookAtMode": "Closed",
      "BoardShowList": [
        8
      ],
      "TalkDialogGroupIDList": [],
      "DefaultIdleFreeStyleMotionID": 100040000,
      "InitialHiddenNodeList": [],
      "SpawnConfig": {
        "EntitySpawnConfig": {},
        "CaptureDistanceTolerance": 10.0
      }
    },
    {
      "ID": 400003,
      "PosX": -56.13600158691406,
      "PosY": 0.0065460000187158585,
      "PosZ": -40.11800003051758,
      "Name": "NPC3",
      "RotY": 255.10000610351562,
      "NPCID": 11304,
      "ValueSource": {},
      "DialogueGroups": [],
      "ServerInteractVerificationIDList": [],
      "DefaultIdleStateName": "Praying01Loop",
      "DefaultLookAtMode": "Closed",
      "BoardShowList": [],
      "OverrideNPCName": {
        "Hash": -1321861458,
        "Hash64": 11912513646901503554
      },
      "TalkDialogGroupIDList": [],
      "DefaultIdleFreeStyleMotionID": 100040222,
      "OverrideSeriesID": 4294967295,
      "InitialHiddenNodeList": [],
      "SpawnConfig": {
        "EntitySpawnConfig": {},
        "CaptureDistanceTolerance": 10.0
      }
    },
    {
      "ID": 400004,
      "PosX": -56.11899948120117,
      "PosY": 0.0065460000187158585,
      "PosZ": -41.042999267578125,
      "Name": "NPC4",
      "RotY": 277.20001220703125,
      "NPCID": 11305,
      "ValueSource": {},
      "DialogueGroups": [],
      "ServerInteractVerificationIDList": [],
      "DefaultIdleStateName": "Shy01Loop",
      "DefaultLookAtMode": "Closed",
      "BoardShowList": [
        8
      ],
      "TalkDialogGroupIDList": [],
      "DefaultIdleFreeStyleMotionID": 100040327,
      "InitialHiddenNodeList": [],
      "SpawnConfig": {
        "EntitySpawnConfig": {},
        "CaptureDistanceTolerance": 10.0
      }
    },
    {
      "ID": 400005,
      "PosX": -55.54100036621094,
      "PosY": 0.006541999988257885,
      "PosZ": -39.02799987792969,
      "Name": "NPC5",
      "RotY": 258.0,
      "NPCID": 11309,
      "ValueSource": {},
      "DialogueGroups": [],
      "ServerInteractVerificationIDList": [],
      "DefaultLookAtMode": "Closed",
      "BoardShowList": [
        8
      ],
      "OverrideNPCName": {
        "Hash": -1725145985,
        "Hash64": 2676990057502015831
      },
      "TalkDialogGroupIDList": [],
      "DefaultIdleFreeStyleMotionID": 100040000,
      "InitialHiddenNodeList": [],
      "SpawnConfig": {
        "EntitySpawnConfig": {},
        "CaptureDistanceTolerance": 10.0
      }
    },
    {
      "ID": 400006,
      "PosX": -54.33700180053711,
      "PosY": 0.0065460000187158585,
      "PosZ": -37.189998626708984,
      "Name": "NPC6",
      "RotY": 216.47000122070312,
      "NPCID": 1993,
      "LoadOnInitial": false,
      "ValueSource": {},
      "DialogueGroups": [],
      "ServerInteractVerificationIDList": [],
      "BoardShowList": [],
      "TalkDialogGroupIDList": [],
      "DefaultIdleFreeStyleMotionID": 390010000,
      "OverrideSeriesID": 100101,
      "InitialHiddenNodeList": [],
      "SpawnConfig": {
        "EntitySpawnConfig": {},
        "CaptureDistanceTolerance": 10.0
      }
    },
    {
      "ID": 400007,
      "PosX": -55.18899917602539,
      "PosY": 0.006554000079631805,
      "PosZ": -42.75699996948242,
      "Name": "NPC7",
      "RotY": 334.0400085449219,
      "NPCID": 11123,
      "ValueSource": {},
      "DialogueGroups": [],
      "ServerInteractVerificationIDList": [],
      "DefaultLookAtMode": "Closed",
      "BoardShowList": [],
      "TalkDialogGroupIDList": [],
      "DefaultIdleFreeStyleMotionID": 100010231,
      "InitialHiddenNodeList": [],
      "SpawnConfig": {
        "EntitySpawnConfig": {},
        "CaptureDistanceTolerance": 10.0
      }
    },
    {
      "ID": 400008,
      "PosX": -53.130001068115234,
      "PosY": 0.006554000079631805,
      "PosZ": -39.849998474121094,
      "Name": "NPC8",
      "RotY": 278.6000061035156,
      "NPCID": 11210,
      "ValueSource": {},
      "DialogueGroups": [],