{
  "$type": "RPG.GameCore.RtLevelGroupInfo",
  "GroupName": "MainMission1020801_",
  "Category": "Mission",
  "AreaAnchorName": "LevelArea_P20221_F20221001_G19",
  "SaveType": "Reset",
  "LoadCondition": {
    "Conditions": [
      {
        "Type": "SubMission",
        "ID": 102080105
      }
    ]
  },
  "UnloadCondition": {
    "Conditions": [
      {
        "Type": "SubMission",
        "Phase": "Finish",
        "ID": 102080105
      }
    ]
  },
  "OwnerMainMissionID": 1020801,
  "ConflictIDList": [],
  "AnchorList": [
    {
      "ID": 1,
      "PosX": -34.16999816894531,
      "PosY": 8.239958763122559,
      "PosZ": -86.41999816894531,
      "Name": "Anchor1",
      "RotY": 336.20770263671875
    },
    {
      "ID": 2,
      "PosX": -35.2970085144043,
      "PosY": 9.15999984741211,
      "PosZ": -83.87283325195312,
      "Name": "Anchor2",
      "RotY": 300.3562927246094,
      "Usage": "Camera"
    },
    {
      "ID": 3,
      "PosX": -35.52299880981445,
      "PosY": 9.029999732971191,
      "PosZ": -87.11399841308594,
      "Name": "Anchor3",
      "RotY": 1.9624149799346924,
      "Usage": "Camera"
    }
  ],
  "MonsterList": [],
  "PropList": [
    {
      "ID": 300001,
      "PosX": -35.50981903076172,
      "PosY": 8.239959716796875,
      "PosZ": -86.63999938964844,
      "Name": "Prop1",
      "PropID": 100,
      "IsOverrideInitLevelGraph": true,
      "Trigger": {
        "Shape": "Box",
        "Radius": 1.0,
        "DimX": 11.0,
        "DimY": 1.0,
        "DimZ": 5.0,
        "PointList": []
      },
      "CampID": 4,
      "CustomTriggerMap": {},
      "DialogueGroups": [],
      "TalkDialogGroupIDList": [],
      "ServerInteractVerificationIDList": []
    }
  ],
  "DistrictList": [],
  "WaypointList": [],
  "PathwayList": [],
  "BattleAreaList": [],
  "NPCList": [
    {
      "ID": 400001,
      "PosX": -35.689998626708984,
      "PosY": 10.224430084228516,
      "PosZ": -78.2300033569336,
      "Name": "NPC1",
      "RotY": 145.21859741210938,
      "NPCID": 2204,
      "DialogueGroups": [],
      "ServerInteractVerificationIDList": [],
      "DefaultLookAtMode": "Closed",
      "BoardShowList": [],
      "TalkDialogGroupIDList": [],
      "DefaultIdleFreeStyleMotionID": 200170000,
      "InitialHiddenNodeList": []
    },
    {
      "ID": 400002,
      "PosX": -35.47999954223633,
      "PosY": 8.239958763122559,
      "PosZ": -86.94000244140625,
      "Name": "NPC2",
      "RotY": 357.5021057128906,
      "NPCID": 1001,
      "LoadOnInitial": false,
      "DialogueGroups": [],
      "ServerInteractVerificationIDList": [],
      "DefaultLookAtMode": "Closed",
      "BoardShowList": [],
      "TalkDialogGroupIDList": [],
      "InitialHiddenNodeList": []
    },
    {
      "ID": 400003,
      "PosX": -36.108001708984375,
      "PosY": 8.239959716796875,
      "PosZ": -87.2770004272461,
      "Name": "NPC3",
      "RotY": 22.12282943725586,
      "NPCID": 1004,
      "LoadOnInitial": false,
      "DialogueGroups": [],
      "ServerInteractVerificationIDList": [],
      "DefaultLookAtMode": "Closed",
      "BoardShowList": [],
      "TalkDialogGroupIDList": [],
      "DefaultIdleFreeStyleMotionID": 310040000,
      "InitialHiddenNodeList": []
    },
    {
      "ID": 400004,
      "PosX": -34.16999816894531,
      "PosY": 8.239958763122559,
      "PosZ": -86.41999816894531,
      "Name": "NPC4",
      "RotY": 336.20770263671875,
      "NPCID": 1991,
      "LoadOnInitial": false,
      "DialogueGroups": [],
      "ServerInteractVerificationIDList": [],
      "DefaultLookAtMode": "Closed",
      "BoardShowList": [],
      "TalkDialogGroupIDList": [],
      "DefaultIdleFreeStyleMotionID": 380010000,
      "InitialHiddenNodeList": []
    }
  ],
  "CrowdList": [],
  "PedestrianList": []
}