{
  "$type": "RPG.GameCore.RtLevelGroupInfo",
  "GroupName": "MainMission2020501_12",
  "Category": "Mission",
  "AreaAnchorName": "LevelArea_P20221_F20221001_G164",
  "SaveType": "Reset",
  "LoadCondition": {
    "Conditions": [
      {
        "Type": "SubMission",
        "ID": 202050112
      }
    ]
  },
  "UnloadCondition": {
    "Conditions": [
      {
        "Type": "SubMission",
        "Phase": "Finish",
        "ID": 202050112
      }
    ]
  },
  "OwnerMainMissionID": 2020501,
  "ConflictIDList": [],
  "AnchorList": [
    {
      "ID": 1,
      "PosX": 91.86000061035156,
      "PosY": 16.400840759277344,
      "PosZ": -80.68000030517578,
      "Name": "Anchor1",
      "RotY": 203.89999389648438
    },
    {
      "ID": 2,
      "PosX": 90.91999816894531,
      "PosY": 18.040000915527344,
      "PosZ": -79.5999984741211,
      "Name": "Anchor2",
      "RotY": 155.89999389648438,
      "RotX": 14.380410194396973,
      "RotZ": 359.5190124511719,
      "Usage": "Camera"
    },
    {
      "ID": 3,
      "PosX": 89.60199737548828,
      "PosY": 16.400850296020508,
      "PosZ": -81.03600311279297,
      "Name": "Anchor3",
      "RotY": 63.11000061035156
    }
  ],
  "MonsterList": [],
  "PropList": [
    {
      "ID": 300001,
      "PosX": 86.87999725341797,
      "PosY": 16.400840759277344,
      "PosZ": -82.62000274658203,
      "Name": "Prop1",
      "PropID": 100,
      "IsOverrideInitLevelGraph": true,
      "Trigger": {
        "Radius": 3.0,
        "DimX": 1.0,
        "DimY": 1.0,
        "DimZ": 1.0,
        "PointList": []
      },
      "CampID": 4,
      "CustomTriggerMap": {},
      "DialogueGroups": [],
      "TalkDialogGroupIDList": [],
      "ServerInteractVerificationIDList": []
    }
  ],
  "DistrictList": [],
  "WaypointList": [],
  "PathwayList": [],
  "BattleAreaList": [],
  "NPCList": [
    {
      "ID": 400001,
      "PosX": 86.93609619140625,
      "PosY": 16.31801986694336,
      "PosZ": -83.70285034179688,
      "Name": "NPC1",
      "RotY": 180.3300018310547,
      "NPCID": 1207,
      "DialogueGroups": [],
      "ServerInteractVerificationIDList": [],
      "BoardShowList": [],
      "TalkDialogGroupIDList": [],
      "DefaultIdleFreeStyleMotionID": 312080000,
      "InitialHiddenNodeList": []
    },
    {
      "ID": 400002,
      "PosX": 92.37000274658203,
      "PosY": 16.400850296020508,
      "PosZ": -81.98999786376953,
      "Name": "NPC2",
      "RotY": 272.20001220703125,
      "NPCID": 1001,
      "LoadOnInitial": false,
      "DialogueGroups": [],
      "ServerInteractVerificationIDList": [],
      "BoardShowList": [],
      "TalkDialogGroupIDList": [],
      "DefaultIdleFreeStyleMotionID": 310010000,
      "InitialHiddenNodeList": []
    },
    {
      "ID": 400003,
      "PosX": 91.37001037597656,
      "PosY": 16.400850296020508,
      "PosZ": -82.54000854492188,
      "Name": "NPC3",
      "RotY": 6.079999923706055,
      "NPCID": 1207,
      "LoadOnInitial": false,
      "DialogueGroups": [],
      "ServerInteractVerificationIDList": [],
      "BoardShowList": [],
      "TalkDialogGroupIDList": [],
      "DefaultIdleFreeStyleMotionID": 312080000,
      "InitialHiddenNodeList": []
    }
  ],
  "CrowdList": [],
  "PedestrianList": [],
  "SmartObjectList": []
}