{
  "$type": "RPG.GameCore.RtLevelGroupInfo",
  "GroupName": "MainMission2020307_05",
  "Category": "Mission",
  "AreaAnchorName": "LevelArea_P10202_F10202002_G11",
  "SaveType": "Reset",
  "LoadCondition": {
    "Conditions": [
      {
        "Type": "SubMission",
        "ID": 202030705
      }
    ]
  },
  "UnloadCondition": {
    "Conditions": [
      {
        "Type": "SubMission",
        "Phase": "Finish",
        "ID": 202030705
      }
    ]
  },
  "OwnerMainMissionID": 2020307,
  "ConflictIDList": [],
  "AnchorList": [
    {
      "ID": 1,
      "PosX": 45.58599853515625,
      "PosY": 0.6781870126724243,
      "PosZ": -7.964000225067139,
      "Name": "Anchor1",
      "RotY": 248.58999633789062
    },
    {
      "ID": 2,
      "PosX": 47.099998474121094,
      "PosY": 2.759999990463257,
      "PosZ": -8.239999771118164,
      "Name": "Anchor2",
      "RotY": 278.57440185546875,
      "RotX": 23.755630493164062,
      "RotZ": 359.94171142578125,
      "Usage": "Camera"
    }
  ],
  "MonsterList": [],
  "PropList": [],
  "DistrictList": [],
  "WaypointList": [],
  "PathwayList": [],
  "BattleAreaList": [],
  "NPCList": [
    {
      "ID": 400002,
      "PosX": 42.63399887084961,
      "PosY": 0.7053120136260986,
      "PosZ": -8.097000122070312,
      "Name": "NPC2",
      "RotY": 92.99999237060547,
      "NPCID": 12220,
      "LoadOnInitial": false,
      "DialogueGroups": [],
      "ServerInteractVerificationIDList": [],
      "BoardShowList": [],
      "TalkDialogGroupIDList": [],
      "InitialHiddenNodeList": []
    },
    {
      "ID": 400001,
      "PosX": 45.22999954223633,
      "PosY": 0.6781870126724243,
      "PosZ": -7.269999980926514,
      "Name": "NPC1",
      "RotY": 215.39999389648438,
      "NPCID": 1004,
      "LoadOnInitial": false,
      "DialogueGroups": [],
      "ServerInteractVerificationIDList": [],
      "DefaultLookAtMode": "Closed",
      "BoardShowList": [],
      "TalkDialogGroupIDList": [],
      "DefaultIdleFreeStyleMotionID": 310040222,
      "InitialHiddenNodeList": []
    },
    {
      "ID": 400003,
      "PosX": 44.560001373291016,
      "PosY": 0.7053120136260986,
      "PosZ": -8.369999885559082,
      "Name": "NPC3",
      "RotY": 66.80000305175781,
      "NPCID": 1001,
      "LoadOnInitial": false,
      "DialogueGroups": [],
      "ServerInteractVerificationIDList": [],
      "BoardShowList": [],
      "TalkDialogGroupIDList": [],
      "DefaultIdleFreeStyleMotionID": 310010216,
      "InitialHiddenNodeList": []
    }
  ],
  "CrowdList": [],
  "PedestrianList": []
}