{
  "$type": "RPG.GameCore.RtLevelGroupInfo",
  "GroupName": "MainMission4340123_02",
  "Category": "Mission",
  "LevelGraph": "Config/Level/GroupGraph/F20241001/Group_F20241001_G158.json",
  "AreaAnchorName": "LevelArea_P20241_F20241001_G158",
  "SaveType": "Reset",
  "OwnerMainMissionID": 4340123,
  "ValueSource": {},
  "ConflictIDList": [],
  "IsHoyoGroup": true,
  "ConflictWhiteList": [],
  "AnchorList": [
    {
      "ID": 1,
      "PosX": -36.375999450683594,
      "PosY": 211.66099548339844,
      "PosZ": -22.136999130249023,
      "Name": "Anchor1",
      "RotY": 104.5250015258789,
      "Usage": "Actor"
    },
    {
      "ID": 2,
      "PosX": -40.80400085449219,
      "PosY": 211.5308074951172,
      "PosZ": -24.124000549316406,
      "Name": "Anchor2",
      "RotY": 185.28570556640625,
      "Usage": "Actor"
    },
    {
      "ID": 3,
      "PosX": -40.540000915527344,
      "PosY": 214.26800537109375,
      "PosZ": -24.839000701904297,
      "Name": "Anchor3"
    },
    {
      "ID": 4,
      "PosX": -36.994178771972656,
      "PosY": 213.23460388183594,
      "PosZ": -20.60321044921875,
      "Name": "Anchor4",
      "RotY": 137.5782012939453,
      "RotX": 7.047760009765625,
      "RotZ": -0.0000470000013592653,
      "Usage": "Camera",
      "CustomParameter": {
        "$type": "RPG.GameCore.LevelAnchorCameraParameter",
        "fov": 40.0
      }
    }
  ],
  "MonsterList": [],
  "PropList": [
    {
      "ID": 300001,
      "PosX": -40.659000396728516,
      "PosY": 211.5308074951172,
      "PosZ": -24.917999267578125,
      "Name": "Prop1",
      "PropID": 100,
      "ValueSource": {},
      "CampID": 4,
      "CustomTriggerMap": {},
      "CustomTriggerMapV2": {
        "MissionTrigger": {
          "Radius": 1.0,
          "PointList": []
        }
      },
      "StateConfigs": [],
      "DialogueGroups": [],
      "TalkDialogGroupIDList": [],
      "ServerInteractVerificationIDList": [],
      "CameraCenterEntityList": [],
      "SpawnConfig": {
        "EntitySpawnConfig": {}
      }
    }
  ],
  "DistrictList": [
    {
      "ID": 1,
      "PosX": -35.29999923706055,
      "PosY": 211.5308074951172,
      "PosZ": -28.030000686645508,
      "Name": "District1",
      "RotY": 134.74209594726562,
      "Trigger": {
        "Shape": "GeometryBox",
        "Radius": 1.0,
        "DimX": 12.0,
        "DimY": 1.0,
        "DimZ": 15.0,
        "PointList": []
      },
      "DistrictType": "Level",
      "ValueSource": {}
    }
  ],
  "WaypointList": [],
  "PathwayList": [],
  "BattleAreaList": [],
  "NPCList": [
    {
      "ID": 400001,
      "PosX": -40.183998107910156,
      "PosY": 211.5308074951172,
      "PosZ": -25.763999938964844,
      "Name": "NPC1",
      "RotY": 339.1507873535156,
      "NPCID": 12114,
      "ValueSource": {},
      "DialogueGroups": [],
      "ServerInteractVerificationIDList": [],
      "DefaultLookAtMode": "Closed",
      "BoardShowList": [],
      "TalkDialogGroupIDList": [],
      "DefaultIdleFreeStyleMotionID": 100010307,
      "InitialHiddenNodeList": [],
      "CameraCenterEntityList": [],
      "SpawnConfig": {
        "EntitySpawnConfig": {}
      },
      "TriggerValidGuest": {}
    },
    {
      "ID": 400002,
      "PosX": -35.31100082397461,
      "PosY": 211.5308074951172,
      "PosZ": -22.63599967956543,
      "Name": "NPC2",
      "RotY": 300.62060546875,
      "NPCID": 12285,
      "LoadOnInitial": false,
      "ValueSource": {},
      "DialogueGroups": [],
      "ServerInteractVerificationIDList": [],
      "BoardShowList": [],
      "TalkDialogGroupIDList": [],
      "DefaultIdleFreeStyleMotionID": 100020000,
      "OverrideSeriesID": 4294967295,
      "InitialHiddenNodeList": [],
      "CameraCenterEntityList": [],
      "SpawnConfig": {
        "EntitySpawnConfig": {}
      },
      "TriggerValidGuest": {}
    },
    {
      "ID": 400003,
      "PosX": -33.861000061035156,
      "PosY": 211.5308074951172,
      "PosZ": -21.941999435424805,
      "Name": "NPC3",
      "RotY": 275.4562072753906,
      "NPCID": 12114,
      "LoadOnInitial": false,
      "ValueSource": {},
      "DialogueGroups": [],
      "ServerInteractVerificationIDList": [],
      "DefaultLookAtMode": "Closed",
      "BoardShowList": [],
      "TalkDialogGroupIDList": [],
      "DefaultIdleFreeStyleMotionID": 100010237,
      "InitialHiddenNodeList": [],
      "CameraCenterEntityList": [],
      "SpawnConfig": {
        "EntitySpawnConfig": {}
      },
      "TriggerValidGuest": {}
    },
    {
      "ID": 400004,
      "PosX": -34.138999938964844,
      "PosY": 211.5308074951172,
      "PosZ": -23.052000045776367,
      "Name": "NPC4",
      "RotY": 359.2677001953125,
      "NPCID": 2220,
      "LoadOnInitial": false,
      "ValueSource": {},
      "DialogueGroups": [],
      "ServerInteractVerificationIDList": [],
      "DefaultLookAtMode": "Closed",
      "BoardShowList": [],
      "TalkDialogGroupIDList": [],
      "DefaultIdleFreeStyleMotionID": 200580000,
      "InitialHiddenNodeList": [],
      "CameraCenterEntityList": [],
      "SpawnConfig": {
        "EntitySpawnConfig": {}
      },
      "TriggerValidGuest": {}
    },
    {
      "ID": 400005,
      "PosX": -40.52399826049805,
      "PosY": 211.5308074951172,
      "PosZ": -25.69099998474121,
      "Name": "NPC5",
      "RotY": 306.0331115722656,
      "NPCID": 12114,
      "LoadOnInitial": false,
      "ValueSource": {},
      "DialogueGroups": [],
      "ServerInteractVerificationIDList": [],
      "DefaultLookAtMode": "Closed",
      "BoardShowList": [],
      "TalkDialogGroupIDList": [],
      "DefaultIdleFreeStyleMotionID": 100010000,
      "InitialHiddenNodeList": [],
      "CameraCenterEntityList": [],
      "SpawnConfig": {
        "EntitySpawnConfig": {}
      },
      "TriggerValidGuest": {}
    }
  ],
  "CrowdList": [],
  "PedestrianList": [],
  "AudienceList": [],
  "SmartObjectList": []
}