{
  "$type": "RPG.GameCore.RtLevelGroupInfo",
  "GroupName": "MainMission8023301_ChallengeEntrance",
  "Category": "Mission",
  "LevelGraph": "Config/Level/GroupGraph/F10304001/Group_F10304001_G147.json",
  "AreaAnchorName": "LevelArea_P10304_F10304001_G147",
  "LoadSide": "Server",
  "OwnerMainMissionID": 8023301,
  "ValueSource": {},
  "ConflictIDList": [],
  "IsHoyoGroup": true,
  "ConflictWhiteList": [],
  "TagContainer": {
    "List": [
      {
        "Tag": "Group.Activity.230ChallengeBoss",
        "TagHash": 972071997
      }
    ]
  },
  "AnchorList": [
    {
      "ID": 1,
      "PosX": -1.1150000095367432,
      "PosY": -152.07679748535156,
      "PosZ": -642.5419921875,
      "Name": "Anchor1",
      "RotY": 195.84890747070312
    },
    {
      "ID": 2,
      "PosX": 1.899953007698059,
      "PosY": -152.07679748535156,
      "PosZ": -637.6190185546875,
      "Name": "Anchor2",
      "RotY": 130.14390563964844,
      "Usage": "Actor"
    },
    {
      "ID": 3,
      "PosX": -1.031999945640564,
      "PosY": -152.07679748535156,
      "PosZ": -642.677001953125,
      "Name": "Anchor3",
      "RotY": 198.1533966064453,
      "Usage": "Actor"
    },
    {
      "ID": 4,
      "PosX": -1.6009999513626099,
      "PosY": -149.87399291992188,
      "PosZ": -643.7440185546875,
      "Name": "Anchor4"
    }
  ],
  "MonsterList": [],
  "PropList": [
    {
      "ID": 300001,
      "PosX": -1.5700000524520874,
      "PosY": -152.07679748535156,
      "PosZ": -643.7689819335938,
      "Name": "Prop1",
      "RotY": 14.467140197753906,
      "PropID": 103249,
      "IsOverrideInitLevelGraph": true,
      "ValueSource": {},
      "Trigger": {
        "Radius": 1.5,
        "DimX": 1.0,
        "DimY": 1.0,
        "DimZ": 1.0,
        "PointList": []
      },
      "CampID": 4,
      "CustomTriggerMap": {},
      "CustomTriggerMapV2": {},
      "DialogueGroups": [],
      "TalkDialogGroupIDList": [],
      "ServerInteractVerificationIDList": [
        16
      ],
      "OverrideMapIconType": 0,
      "Dialog": {
        "LevelGraph": "Config/Level/PropDialogue/P10304/F10304001_G146/DialogueMain_F10304001_G146_P300001.json",
        "PackList": []
      },
      "InteractIconType": "ChatLoopIcon",
      "InteractTitle": {
        "Hash": -1812081622,
        "Hash64": 3045802984474207840
      },
      "CameraCenterEntityList": [],
      "SpawnConfig": {
        "EntitySpawnConfig": {}
      }
    }
  ],
  "DistrictList": [],
  "WaypointList": [],
  "PathwayList": [],
  "BattleAreaList": [],
  "NPCList": [],
  "CrowdList": [],
  "PedestrianList": [],
  "AudienceList": [],
  "SmartObjectList": []
}