{
  "$type": "RPG.GameCore.RtLevelGroupInfo",
  "GroupName": "MainX3-1",
  "AreaAnchorName": "LevelArea_P40231_F40231001_G6",
  "SaveType": "Reset",
  "LoadCondition": {
    "Conditions": [
      {
        "Type": "SubMission",
        "Phase": "Finish",
        "ID": 102130105
      }
    ]
  },
  "UnloadCondition": {
    "Conditions": [
      {
        "Phase": "Finish",
        "ID": 1021301
      }
    ]
  },
  "ConflictIDList": [],
  "AnchorList": [
    {
      "ID": 1,
      "PosX": 73.7699966430664,
      "PosY": 44.0101203918457,
      "PosZ": -1.0099999904632568,
      "Name": "Anchor1",
      "RotY": 313.6000061035156
    },
    {
      "ID": 2,
      "PosX": 59.189998626708984,
      "PosY": 43.963321685791016,
      "PosZ": 13.229999542236328,
      "Name": "Anchor2",
      "RotY": 223.39999389648438
    }
  ],
  "MonsterList": [],
  "PropList": [
    {
      "ID": 300005,
      "PosX": 81.05999755859375,
      "PosY": 44.0101203918457,
      "PosZ": -9.699999809265137,
      "Name": "Prop5",
      "RotY": 314.5199890136719,
      "PropID": 100,
      "IsOverrideInitLevelGraph": true,
      "InitLevelGraph": "Config/Level/Mission/1021301/Prop/Prop_102130105.json",
      "Trigger": {
        "Shape": "Box",
        "Radius": 1.0,
        "DimX": 11.0,
        "DimY": 5.0,
        "DimZ": 5.0,
        "PointList": []
      },
      "CampID": 4,
      "CustomTriggerMap": {},
      "DialogueGroups": [],
      "TalkDialogGroupIDList": [],
      "ServerInteractVerificationIDList": []
    },
    {
      "ID": 300001,
      "PosX": 63.68000030517578,
      "PosY": 44.0101203918457,
      "PosZ": -10.189990043640137,
      "IsDelete": true,
      "Name": "Prop1",
      "RotY": 49.31999969482422,
      "PropID": 100,
      "LoadOnInitial": false,
      "IsOverrideInitLevelGraph": true,
      "InitLevelGraph": "Config/Level/Mission/1021301/Prop/Prop_102130105_2.json",
      "Trigger": {
        "Shape": "Box",
        "Radius": 1.0,
        "DimX": 10.0,
        "DimY": 5.0,
        "DimZ": 5.0,
        "PointList": []
      },
      "CampID": 4,
      "CustomTriggerMap": {},
      "DialogueGroups": [],
      "TalkDialogGroupIDList": [],
      "ServerInteractVerificationIDList": []
    },
    {
      "ID": 300002,
      "PosX": 52.099998474121094,
      "PosY": 42.47930908203125,
      "PosZ": 19.06999969482422,
      "IsDelete": true,
      "Name": "Prop2",
      "RotY": 134.3000030517578,
      "PropID": 100,
      "LoadOnInitial": false,
      "IsOverrideInitLevelGraph": true,
      "InitLevelGraph": "Config/Level/Mission/1021301/Prop/Prop_102130105_3.json",
      "Trigger": {
        "Shape": "Box",
        "Radius": 1.0,
        "DimX": 11.0,
        "DimY": 5.0,
        "DimZ": 5.0,
        "PointList": []
      },
      "CampID": 4,
      "CustomTriggerMap": {},
      "DialogueGroups": [],
      "TalkDialogGroupIDList": [],
      "ServerInteractVerificationIDList": []
    }
  ],
  "DistrictList": [],
  "WaypointList": [],
  "PathwayList": [],
  "BattleAreaList": [],
  "NPCList": [],
  "CrowdList": [],
  "PedestrianList": [],
  "SmartObjectList": []
}