{
  "$type": "RPG.GameCore.RtLevelGroupInfo",
  "GroupName": "MainMission1021301_07",
  "Category": "Mission",
  "AreaAnchorName": "LevelArea_P40231_F40231001_G9",
  "SaveType": "Reset",
  "LoadCondition": {
    "Conditions": [
      {
        "Type": "SubMission",
        "ID": 102130107
      }
    ]
  },
  "UnloadCondition": {
    "Conditions": [
      {
        "Type": "SubMission",
        "Phase": "Finish",
        "ID": 102130107
      }
    ]
  },
  "OwnerMainMissionID": 1021301,
  "ConflictIDList": [],
  "AnchorList": [
    {
      "ID": 1,
      "PosX": -31.270000457763672,
      "PosY": 16.809999465942383,
      "PosZ": -11.359999656677246,
      "Name": "Anchor1",
      "RotY": 254.5,
      "RotX": 10.699999809265137,
      "RotZ": 4.999999873689376e-6,
      "Usage": "Camera"
    },
    {
      "ID": 2,
      "PosX": -32.29999923706055,
      "PosY": 14.949999809265137,
      "PosZ": -13.75,
      "Name": "Anchor2",
      "RotY": 263.1000061035156,
      "RotX": 3.5000009536743164,
      "RotZ": 0.06469999998807907,
      "Usage": "Camera"
    },
    {
      "ID": 3,
      "PosX": -26.790000915527344,
      "PosY": 13.594989776611328,
      "PosZ": -12.970000267028809,
      "Name": "Anchor3",
      "RotY": 244.36000061035156
    }
  ],
  "MonsterList": [],
  "PropList": [
    {
      "ID": 300001,
      "PosX": -27.97072982788086,
      "PosY": 13.595009803771973,
      "PosZ": -12.848830223083496,
      "Name": "Prop1",
      "RotY": 349.32000732421875,
      "PropID": 100,
      "IsOverrideInitLevelGraph": true,
      "Trigger": {
        "Shape": "Box",
        "Radius": 1.0,
        "DimX": 1.0,
        "DimY": 1.0,
        "DimZ": 12.0,
        "PointList": []
      },
      "CampID": 4,
      "CustomTriggerMap": {},
      "DialogueGroups": [],
      "TalkDialogGroupIDList": [],
      "ServerInteractVerificationIDList": []
    },
    {
      "ID": 300002,
      "PosX": -28.079999923706055,
      "PosY": 13.595009803771973,
      "PosZ": -12.479999542236328,
      "Name": "Prop2",
      "PropID": 111,
      "IsOverrideInitLevelGraph": true,
      "CampID": 4,
      "CustomTriggerMap": {},
      "DialogueGroups": [],
      "TalkDialogGroupIDList": [],
      "ServerInteractVerificationIDList": []
    }
  ],
  "DistrictList": [],
  "WaypointList": [],
  "PathwayList": [],
  "BattleAreaList": [],
  "NPCList": [
    {
      "ID": 400001,
      "PosX": -37.04999923706055,
      "PosY": 13.61658000946045,
      "PosZ": -14.119999885559082,
      "IsDelete": true,
      "Name": "NPC1",
      "NPCID": 3017,
      "LoadOnInitial": false,
      "DialogueGroups": [],
      "ServerInteractVerificationIDList": [],
      "BoardShowList": [],
      "TalkDialogGroupIDList": [],
      "InitialHiddenNodeList": []
    },
    {
      "ID": 400002,
      "PosX": -37.06999969482422,
      "PosY": 13.61658000946045,
      "PosZ": -15.210000038146973,
      "IsDelete": true,
      "Name": "NPC2",
      "NPCID": 3019,
      "LoadOnInitial": false,
      "DialogueGroups": [],
      "ServerInteractVerificationIDList": [],
      "BoardShowList": [],
      "TalkDialogGroupIDList": [],
      "InitialHiddenNodeList": []
    }
  ],
  "CrowdList": [],
  "PedestrianList": [],
  "SmartObjectList": []
}