{
  "$type": "RPG.GameCore.RtLevelGroupInfo",
  "GroupName": "MainMission8002214_",
  "Category": "Mission",
  "AreaAnchorName": "LevelArea_P43205_F43205001_G16",
  "SaveType": "Reset",
  "LoadCondition": {
    "Conditions": [
      {
        "ID": 8002214
      }
    ]
  },
  "UnloadCondition": {
    "Conditions": [
      {
        "Phase": "Finish",
        "ID": 8002214
      }
    ]
  },
  "OwnerMainMissionID": 8002214,
  "ConflictIDList": [],
  "AnchorList": [
    {
      "ID": 1,
      "PosX": -48.06769943237305,
      "PosY": 22.809999465942383,
      "PosZ": 38.66537094116211,
      "Name": "Anchor1",
      "RotY": 75.60002136230469,
      "RotX": 22.689210891723633,
      "RotZ": 0.00040499999886378646,
      "Usage": "Camera"
    },
    {
      "ID": 2,
      "PosX": -10.010769844055176,
      "PosY": 38.424720764160156,
      "PosZ": 75.29325866699219,
      "Name": "Anchor2",
      "RotY": 270.8608093261719,
      "RotX": 2.062688112258911,
      "RotZ": 0.001256000017747283,
      "Usage": "Camera"
    },
    {
      "ID": 3,
      "PosX": -26.06999969482422,
      "PosY": 26.889999389648438,
      "PosZ": 45.810001373291016,
      "Name": "Anchor3",
      "RotY": 135.00819396972656,
      "RotX": 45.0,
      "RotZ": 0.9733499884605408,
      "Usage": "Camera"
    }
  ],
  "MonsterList": [],
  "PropList": [
    {
      "ID": 300001,
      "PosX": -39.99300003051758,
      "PosY": 19.141000747680664,
      "PosZ": 39.99599838256836,
      "Name": "Prop1",
      "PropID": 100,
      "IsOverrideInitLevelGraph": true,
      "Trigger": {
        "Radius": 10.0,
        "DimX": 1.0,
        "DimY": 1.0,
        "DimZ": 1.0,
        "PointList": []
      },
      "CampID": 4,
      "CustomTriggerMap": {},
      "DialogueGroups": [],
      "TalkDialogGroupIDList": [],
      "ServerInteractVerificationIDList": []
    }
  ],
  "DistrictList": [],
  "WaypointList": [],
  "PathwayList": [],
  "BattleAreaList": [],
  "NPCList": [],
  "CrowdList": [],
  "PedestrianList": [],
  "SmartObjectList": []
}