{
  "$type": "RPG.GameCore.RtLevelGroupInfo",
  "GroupName": "MainMission2010201_02",
  "Category": "Mission",
  "AreaAnchorName": "LevelArea_P10000_F10000002_G17",
  "SaveType": "Reset",
  "LoadCondition": {
    "Conditions": [
      {
        "Type": "SubMission",
        "ID": 201020102
      }
    ]
  },
  "UnloadCondition": {
    "Conditions": [
      {
        "Type": "SubMission",
        "Phase": "Finish",
        "ID": 201020102
      }
    ]
  },
  "OwnerMainMissionID": 2010201,
  "ConflictIDList": [],
  "AnchorList": [
    {
      "ID": 1,
      "PosX": -4.376999855041504,
      "PosY": 0.02500000037252903,
      "PosZ": 15.262999534606934,
      "Name": "Anchor1",
      "Usage": "Actor"
    },
    {
      "ID": 2,
      "PosX": 4.454999923706055,
      "PosY": 0.24222800135612488,
      "PosZ": 14.654000282287598,
      "Name": "Anchor2",
      "RotY": 54.599998474121094,
      "Usage": "Actor"
    },
    {
      "ID": 3,
      "PosX": 3.4019999504089355,
      "PosY": 2.593820095062256,
      "PosZ": 12.803000450134277,
      "Name": "Anchor3",
      "RotY": 30.995269775390625,
      "RotX": 25.210779190063477,
      "RotZ": 9.999999974752427e-7,
      "Usage": "Camera"
    }
  ],
  "MonsterList": [],
  "PropList": [
    {
      "ID": 300001,
      "PosX": 5.85699987411499,
      "PosY": 0.24222800135612488,
      "PosZ": 13.979999542236328,
      "Name": "Prop1",
      "PropID": 100,
      "IsOverrideInitLevelGraph": true,
      "Trigger": {
        "Radius": 3.0,
        "DimX": 1.0,
        "DimY": 1.0,
        "DimZ": 1.0,
        "PointList": []
      },
      "CampID": 4,
      "CustomTriggerMap": {},
      "CustomTriggerMapV2": {},
      "DialogueGroups": [],
      "TalkDialogGroupIDList": [],
      "ServerInteractVerificationIDList": []
    }
  ],
  "DistrictList": [],
  "WaypointList": [],
  "PathwayList": [],
  "BattleAreaList": [],
  "NPCList": [
    {
      "ID": 400001,
      "PosX": 6.01800012588501,
      "PosY": 0.2422270029783249,
      "PosZ": 15.628999710083008,
      "Name": "NPC1",
      "RotY": 88.4000015258789,
      "NPCID": 1002,
      "DialogueGroups": [],
      "ServerInteractVerificationIDList": [],
      "BoardShowList": [],
      "TalkDialogGroupIDList": [],
      "DefaultIdleFreeStyleMotionID": 310020222,
      "InitialHiddenNodeList": [],
      "SpawnConfig": {
        "EntitySpawnConfig": {},
        "CaptureDistanceTolerance": 10.0
      }
    },
    {
      "ID": 400002,
      "PosX": -3.871999979019165,
      "PosY": 0.02500000037252903,
      "PosZ": 16.579999923706055,
      "Name": "NPC2",
      "RotY": 200.6999969482422,
      "NPCID": 1001,
      "LoadOnInitial": false,
      "DialogueGroups": [],
      "ServerInteractVerificationIDList": [],
      "BoardShowList": [],
      "TalkDialogGroupIDList": [],
      "DefaultIdleFreeStyleMotionID": 310010237,
      "InitialHiddenNodeList": [],
      "SpawnConfig": {
        "EntitySpawnConfig": {},
        "CaptureDistanceTolerance": 10.0
      }
    },
    {
      "ID": 400003,
      "PosX": 5.793000221252441,
      "PosY": 0.2422270029783249,
      "PosZ": 15.520999908447266,
      "Name": "NPC3",
      "RotY": 80.5,
      "NPCID": 1002,
      "LoadOnInitial": false,
      "DialogueGroups": [],
      "ServerInteractVerificationIDList": [],
      "BoardShowList": [],
      "TalkDialogGroupIDList": [],
      "DefaultIdleFreeStyleMotionID": 310020222,
      "InitialHiddenNodeList": [],
      "SpawnConfig": {
        "EntitySpawnConfig": {},
        "CaptureDistanceTolerance": 10.0
      }
    },
    {
      "ID": 400004,
      "PosX": 4.295000076293945,
      "PosY": 0.24222800135612488,
      "PosZ": 15.682999610900879,
      "Name": "NPC4",
      "RotY": 89.19999694824219,
      "NPCID": 1001,
      "LoadOnInitial": false,
      "DialogueGroups": [],
      "ServerInteractVerificationIDList": [],
      "BoardShowList": [],
      "TalkDialogGroupIDList": [],
      "DefaultIdleFreeStyleMotionID": 310010210,
      "InitialHiddenNodeList": [],
      "SpawnConfig": {
        "EntitySpawnConfig": {},
        "CaptureDistanceTolerance": 10.0
      }
    }
  ],
  "CrowdList": [],
  "PedestrianList": [],
  "SmartObjectList": []
}