{
  "$type": "RPG.GameCore.RtLevelGroupInfo",
  "GroupName": "MainMission8002233_",
  "Category": "Mission",
  "AreaAnchorName": "LevelArea_P43207_F43207002_G8",
  "SaveType": "Reset",
  "LoadCondition": {
    "Conditions": [
      {
        "Type": "SubMission",
        "ID": 800223301
      }
    ]
  },
  "UnloadCondition": {
    "Conditions": [
      {
        "Type": "SubMission",
        "Phase": "Finish",
        "ID": 800223301
      }
    ]
  },
  "OwnerMainMissionID": 8002233,
  "ConflictIDList": [],
  "AnchorList": [
    {
      "ID": 1,
      "PosX": 130.27000427246094,
      "PosY": 45.702178955078125,
      "PosZ": -85.08000183105469,
      "Name": "Anchor1",
      "RotY": 338.2445068359375
    },
    {
      "ID": 2,
      "PosX": 131.72000122070312,
      "PosY": 47.37799835205078,
      "PosZ": -86.20899963378906,
      "Name": "Anchor2",
      "RotY": 319.7539978027344,
      "RotX": 11.856840133666992,
      "RotZ": 0.24883000552654266,
      "Usage": "Camera"
    }
  ],
  "MonsterList": [],
  "PropList": [],
  "DistrictList": [],
  "WaypointList": [],
  "PathwayList": [],
  "BattleAreaList": [],
  "NPCList": [
    {
      "ID": 400001,
      "PosX": 130.44000244140625,
      "PosY": 45.702178955078125,
      "PosZ": -83.27999877929688,
      "Name": "NPC1",
      "RotY": 179.7187042236328,
      "NPCID": 12303,
      "DialogueGroups": [],
      "ServerInteractVerificationIDList": [],
      "BoardShowList": [
        1,
        64
      ],
      "OverrideNPCName": {
        "hash": -1217044377,
        "hash64": 15745766602262072073
      },
      "TalkDialogGroupIDList": [],
      "DefaultIdleFreeStyleMotionID": 100040210,
      "InitialHiddenNodeList": [],
      "Dialog": {
        "LevelGraph": "Config/Level/NPCDialogue/P43208/F43208001_G8/DialogueMain_F43208001_G8_N400001.json",
        "PackList": []
      }
    },
    {
      "ID": 400002,
      "PosX": 130.27000427246094,
      "PosY": 45.702178955078125,
      "PosZ": -85.08000183105469,
      "IsDelete": true,
      "Name": "NPC2",
      "RotY": 338.2445068359375,
      "NPCID": 1991,
      "DialogueGroups": [],
      "ServerInteractVerificationIDList": [],
      "BoardShowList": [],
      "TalkDialogGroupIDList": [],
      "DefaultIdleFreeStyleMotionID": 380010000,
      "InitialHiddenNodeList": []
    }
  ],
  "CrowdList": [],
  "PedestrianList": [],
  "SmartObjectList": []
}