{
  "$type": "RPG.GameCore.RtLevelGroupInfo",
  "GroupName": "MainMission8002233_",
  "Category": "Mission",
  "AreaAnchorName": "LevelArea_P43207_F43207002_G5",
  "SaveType": "Reset",
  "LoadCondition": {
    "Conditions": [
      {
        "Type": "SubMission",
        "ID": 800223302
      }
    ]
  },
  "UnloadCondition": {
    "Conditions": [
      {
        "Type": "SubMission",
        "Phase": "Finish",
        "ID": 800223302
      }
    ]
  },
  "OwnerMainMissionID": 8002233,
  "ConflictIDList": [],
  "AnchorList": [
    {
      "ID": 1,
      "PosX": 87.52999877929688,
      "PosY": 45.770450592041016,
      "PosZ": -44.36000061035156,
      "Name": "Anchor1",
      "RotY": 1.9218230247497559
    },
    {
      "ID": 2,
      "PosX": 85.24099731445312,
      "PosY": 47.236000061035156,
      "PosZ": -45.9370002746582,
      "Name": "Anchor2",
      "RotY": 44.22074890136719,
      "RotX": 5.582943916320801,
      "Usage": "Camera"
    },
    {
      "ID": 3,
      "PosX": 87.94000244140625,
      "PosY": 46.0629997253418,
      "PosZ": -43.0099983215332,
      "Name": "Anchor3",
      "RotY": 315.0
    }
  ],
  "MonsterList": [],
  "PropList": [
    {
      "ID": 300001,
      "PosX": 87.94000244140625,
      "PosY": 45.742610931396484,
      "PosZ": -43.0099983215332,
      "Name": "Prop1",
      "RotY": 315.0,
      "PropID": 122,
      "IsOverrideInitLevelGraph": true,
      "CampID": 4,
      "OverrideHintRange": 10.0,
      "CustomTriggerMap": {},
      "DialogueGroups": [],
      "TalkDialogGroupIDList": [],
      "ServerInteractVerificationIDList": []
    },
    {
      "ID": 300002,
      "PosX": 97.5999984741211,
      "PosY": 45.98448944091797,
      "PosZ": -43.0099983215332,
      "Name": "Prop2",
      "PropID": 100,
      "IsOverrideInitLevelGraph": true,
      "Trigger": {
        "Radius": 15.0,
        "DimX": 1.0,
        "DimY": 1.0,
        "DimZ": 1.0,
        "PointList": []
      },
      "CampID": 4,
      "CustomTriggerMap": {},
      "DialogueGroups": [],
      "TalkDialogGroupIDList": [],
      "ServerInteractVerificationIDList": []
    }
  ],
  "DistrictList": [],
  "WaypointList": [],
  "PathwayList": [],
  "BattleAreaList": [],
  "NPCList": [
    {
      "ID": 400002,
      "PosX": 87.51000213623047,
      "PosY": 45.742610931396484,
      "PosZ": -42.220001220703125,
      "Name": "NPC2",
      "RotY": 176.0550994873047,
      "NPCID": 12303,
      "LoadOnInitial": false,
      "DialogueGroups": [],
      "ServerInteractVerificationIDList": [],
      "BoardShowList": [],
      "OverrideNPCName": {
        "hash": -1217044377,
        "hash64": 15745766602262072073
      },
      "TalkDialogGroupIDList": [],
      "DefaultIdleFreeStyleMotionID": 100040000,
      "InitialHiddenNodeList": []
    },
    {
      "ID": 400001,
      "PosX": 87.52999877929688,
      "PosY": 45.770450592041016,
      "PosZ": -44.36000061035156,
      "IsDelete": true,
      "Name": "NPC1",
      "RotY": 1.9218230247497559,
      "NPCID": 1991,
      "DialogueGroups": [],
      "ServerInteractVerificationIDList": [],
      "BoardShowList": [],
      "TalkDialogGroupIDList": [],
      "DefaultIdleFreeStyleMotionID": 380010000,
      "InitialHiddenNodeList": []
    }
  ],
  "CrowdList": [],
  "PedestrianList": [],
  "SmartObjectList": []
}