{
  "$type": "RPG.GameCore.RtLevelGroupInfo",
  "GroupName": "MainMission8012106_Mission",
  "Category": "Mission",
  "AreaAnchorName": "LevelArea_P20121_F20121001_G118",
  "SaveType": "Reset",
  "LoadCondition": {
    "Conditions": [
      {
        "Type": "SubMission",
        "ID": 801210601
      }
    ]
  },
  "UnloadCondition": {
    "Conditions": [
      {
        "Type": "SubMission",
        "Phase": "Finish",
        "ID": 801210601
      }
    ]
  },
  "ForceUnloadCondition": {
    "Conditions": [
      {
        "Phase": "Cancel",
        "ID": 8012106
      }
    ]
  },
  "OwnerMainMissionID": 8012106,
  "ConflictIDList": [],
  "AnchorList": [
    {
      "ID": 1,
      "PosX": 160.77099609375,
      "PosY": 56.1334114074707,
      "PosZ": -193.39439392089844,
      "Name": "Anchor1",
      "RotY": 268.0498962402344
    },
    {
      "ID": 2,
      "PosX": 162.0399932861328,
      "PosY": 57.63999938964844,
      "PosZ": -194.39999389648438,
      "Name": "Anchor2",
      "RotY": 283.5539855957031,
      "RotX": 11.648150444030762,
      "Usage": "Camera"
    },
    {
      "ID": 3,
      "PosX": 159.60499572753906,
      "PosY": 56.14754867553711,
      "PosZ": -193.4810028076172,
      "Name": "Anchor3",
      "RotY": 240.00010681152344
    }
  ],
  "MonsterList": [],
  "PropList": [
    {
      "ID": 300001,
      "PosX": 158.8695068359375,
      "PosY": 56.150550842285156,
      "PosZ": -193.9503936767578,
      "Name": "Prop1",
      "RotY": 70.86295318603516,
      "PropID": 110,
      "IsOverrideInitLevelGraph": true,
      "CampID": 4,
      "CustomTriggerMap": {},
      "AnchorGroupID": 118,
      "AnchorID": 1,
      "DialogueGroups": [],
      "TalkDialogGroupIDList": [],
      "ServerInteractVerificationIDList": []
    }
  ],
  "DistrictList": [],
  "WaypointList": [],
  "PathwayList": [],
  "BattleAreaList": [],
  "NPCList": [
    {
      "ID": 400001,
      "PosX": 158.8695068359375,
      "PosY": 56.150550842285156,
      "PosZ": -193.9503936767578,
      "Name": "NPC1",
      "RotY": 70.86295318603516,
      "NPCID": 11409,
      "DialogueGroups": [],
      "ServerInteractVerificationIDList": [],
      "MappingInfoID": 2265,
      "BoardShowList": [
        1,
        4,
        64
      ],
      "TalkDialogGroupIDList": [],
      "DefaultIdleFreeStyleMotionID": 100010216,
      "IsMapContent": true,
      "MiniMapIconType": 123,
      "InitialHiddenNodeList": [],
      "Dialog": {
        "LevelGraph": "Config/Level/NPCDialogue/P20121/F20121001_G118/DialogueMain_F20121001_G118_N400001.json",
        "PackList": [
          {
            "Name": "Activity",
            "LevelGraph": "Config/Level/NPCDialogue/P20121/F20121001_G118/DialoguePack_Activity_F20121001_G118_N400001.json"
          }
        ]
      }
    },
    {
      "ID": 400002,
      "PosX": 159.60499572753906,
      "PosY": 56.14754867553711,
      "PosZ": -193.4810028076172,
      "Name": "NPC2",
      "RotY": 240.00010681152344,
      "NPCID": 1991,
      "LoadOnInitial": false,
      "DialogueGroups": [],
      "ServerInteractVerificationIDList": [],
      "BoardShowList": [],
      "TalkDialogGroupIDList": [],
      "DefaultIdleFreeStyleMotionID": 380010000,
      "InitialHiddenNodeList": []
    }
  ],
  "CrowdList": [],
  "PedestrianList": [],
  "SmartObjectList": []
}