{
  "$type": "RPG.GameCore.RtLevelGroupInfo",
  "GroupName": "SubMission",
  "AreaAnchorName": "LevelArea_P20121_F20121001_G30",
  "UnloadCondition": {
    "Conditions": [
      {
        "Type": "SubMission",
        "Phase": "Finish",
        "ID": 201050205
      }
    ]
  },
  "LoadSide": "Server",
  "AnchorList": [],
  "MonsterList": [
    {
      "ID": 200002,
      "PosX": 239.2617950439453,
      "PosY": 52.55747985839844,
      "PosZ": -158.66319274902344,
      "Name": "Monster2",
      "RotY": 157.92750549316406,
      "NPCMonsterID": 1002020,
      "AIConfig": {
        "PathwayList": [
          {
            "UseGroup": 30,
            "UseID": 1,
            "StartAt": 1
          }
        ],
        "SlaveConfigList": []
      },
      "CampID": 3,
      "BattleArea": {
        "GroupID": 2,
        "ID": 1
      },
      "EventID": 20121208,
      "BoardShowList": [
        2
      ]
    }
  ],
  "PropList": [],
  "DistrictList": [],
  "WaypointList": [
    {
      "ID": 1,
      "PosX": 239.0399932861328,
      "PosY": 52.40079116821289,
      "PosZ": -161.74000549316406
    },
    {
      "ID": 2,
      "PosX": 243.27999877929688,
      "PosY": 52.539791107177734,
      "PosZ": -156.49000549316406
    },
    {
      "ID": 3,
      "PosX": 246.3000030517578,
      "PosY": 52.292999267578125,
      "PosZ": -151.02999877929688
    }
  ],
  "PathwayList": [
    {
      "ID": 1,
      "PosX": 242.77239990234375,
      "PosY": 52.48014831542969,
      "PosZ": -158.5742950439453,
      "Name": "Pathway1",
      "WaypointIDList": [
        1,
        2,
        3,
        2
      ]
    }
  ],
  "BattleAreaList": [],
  "NPCList": [],
  "CrowdList": [],
  "PedestrianList": []
}