{
  "$type": "RPG.GameCore.RtLevelGroupInfo",
  "GroupName": "MainMission1021201_21",
  "Category": "Mission",
  "AreaAnchorName": "LevelArea_P20231_F20231001_G25",
  "SaveType": "Reset",
  "LoadCondition": {
    "Conditions": [
      {
        "Type": "SubMission",
        "ID": 102120121
      },
      {
        "Type": "SubMission",
        "ID": 102120122
      }
    ],
    "Operation": "Or"
  },
  "UnloadCondition": {
    "Conditions": [
      {
        "Type": "SubMission",
        "Phase": "Finish",
        "ID": 102120121
      }
    ]
  },
  "OwnerMainMissionID": 1021201,
  "ConflictIDList": [],
  "AnchorList": [
    {
      "ID": 1,
      "PosX": -27.80500030517578,
      "PosY": 13.836939811706543,
      "PosZ": 113.96099853515625,
      "Name": "Anchor1",
      "RotY": 25.860000610351562
    }
  ],
  "MonsterList": [],
  "PropList": [
    {
      "ID": 300001,
      "PosX": -30.229999542236328,
      "PosY": 13.836939811706543,
      "PosZ": 111.54000091552734,
      "Name": "Prop1",
      "PropID": 100,
      "IsOverrideInitLevelGraph": true,
      "Trigger": {
        "Shape": "Box",
        "Radius": 1.0,
        "DimX": 19.0,
        "DimY": 1.0,
        "DimZ": 1.0,
        "PointList": []
      },
      "CampID": 4,
      "CustomTriggerMap": {},
      "DialogueGroups": [],
      "TalkDialogGroupIDList": [],
      "ServerInteractVerificationIDList": []
    }
  ],
  "DistrictList": [],
  "WaypointList": [
    {
      "ID": 1,
      "PosX": -46.92300033569336,
      "PosY": 18.03093910217285,
      "PosZ": 65.54000091552734
    },
    {
      "ID": 2,
      "PosX": -30.290000915527344,
      "PosY": 18.030920028686523,
      "PosZ": 88.6719970703125
    },
    {
      "ID": 3,
      "PosX": -26.59000015258789,
      "PosY": 13.872679710388184,
      "PosZ": 117.0199966430664
    }
  ],
  "PathwayList": [
    {
      "ID": 1,
      "PosX": -33.48225021362305,
      "PosY": 13.836939811706543,
      "PosZ": 105.24369812011719,
      "Name": "Pathway1",
      "WaypointIDList": [
        1,
        2,
        3
      ]
    }
  ],
  "BattleAreaList": [],
  "NPCList": [
    {
      "ID": 400001,
      "PosX": -46.92300033569336,
      "PosY": 18.03093910217285,
      "PosZ": 65.54000091552734,
      "Name": "NPC1",
      "RotY": 23.0,
      "NPCID": 1207,
      "AIConfig": {
        "AIFile": "Config/ConfigAI/Adventure/MazeNPC_FollowPlayer_102120113.json",
        "PathwayList": [
          {
            "UseGroup": 25,
            "UseID": 1,
            "StartAt": 1
          }
        ],
        "SlaveConfigList": []
      },
      "DialogueGroups": [],
      "ServerInteractVerificationIDList": [],
      "BoardShowList": [],
      "TalkDialogGroupIDList": [],
      "DefaultAnimationType": "IdleState",
      "DefaultIdleFreeStyleMotionID": 312080000,
      "InitialHiddenNodeList": []
    },
    {
      "ID": 400002,
      "PosX": -26.6299991607666,
      "PosY": 13.836939811706543,
      "PosZ": 117.11000061035156,
      "Name": "NPC2",
      "RotY": 210.6999969482422,
      "NPCID": 1207,
      "LoadOnInitial": false,
      "DialogueGroups": [],
      "ServerInteractVerificationIDList": [],
      "BoardShowList": [],
      "TalkDialogGroupIDList": [],
      "DefaultIdleFreeStyleMotionID": 312080000,
      "InitialHiddenNodeList": []
    },
    {
      "ID": 400003,
      "PosX": -54.10200119018555,
      "PosY": 18.030929565429688,
      "PosZ": 65.93099975585938,
      "Name": "NPC3",
      "RotY": 89.9000015258789,
      "NPCID": 2201,
      "DialogueGroups": [],
      "ServerInteractVerificationIDList": [],
      "BoardShowList": [],
      "TalkDialogGroupIDList": [],
      "DefaultIdleFreeStyleMotionID": 200230000,
      "InitialHiddenNodeList": []
    },
    {
      "ID": 400004,
      "PosX": -54.19900131225586,
      "PosY": 18.030929565429688,
      "PosZ": 61.50699996948242,
      "Name": "NPC4",
      "RotY": 88.9000015258789,
      "NPCID": 2201,
      "DialogueGroups": [],
      "ServerInteractVerificationIDList": [],
      "BoardShowList": [],
      "TalkDialogGroupIDList": [],
      "DefaultIdleFreeStyleMotionID": 200230000,
      "InitialHiddenNodeList": []
    },
    {
      "ID": 400005,
      "PosX": -44.529998779296875,
      "PosY": 18.030929565429688,
      "PosZ": 66.44000244140625,
      "Name": "NPC5",
      "RotY": 270.70001220703125,
      "NPCID": 2201,
      "DialogueGroups": [],
      "ServerInteractVerificationIDList": [],
      "BoardShowList": [],
      "TalkDialogGroupIDList": [],
      "DefaultIdleFreeStyleMotionID": 200230000,
      "InitialHiddenNodeList": []
    },
    {
      "ID": 400006,
      "PosX": -44.650001525878906,
      "PosY": 18.03093910217285,
      "PosZ": 60.52000045776367,
      "Name": "NPC6",
      "RotY": 265.8999938964844,
      "NPCID": 2201,
      "DialogueGroups": [],
      "ServerInteractVerificationIDList": [],
      "BoardShowList": [],
      "TalkDialogGroupIDList": [],
      "DefaultIdleFreeStyleMotionID": 200230000,
      "InitialHiddenNodeList": []
    }
  ],
  "CrowdList": [],
  "PedestrianList": [],
  "SmartObjectList": []
}