{
  "$type": "RPG.GameCore.RtLevelGroupInfo",
  "GroupName": "MainMission8002211_",
  "Category": "Mission",
  "AreaAnchorName": "LevelArea_P20231_F20231001_G136",
  "SaveType": "Reset",
  "LoadCondition": {
    "Conditions": [
      {
        "Type": "SubMission",
        "ID": 800221101
      }
    ]
  },
  "UnloadCondition": {
    "Conditions": [
      {
        "Type": "SubMission",
        "Phase": "Finish",
        "ID": 800221101
      }
    ]
  },
  "OwnerMainMissionID": 8002211,
  "ValueSource": {},
  "ConflictIDList": [],
  "TagContainer": {},
  "AnchorList": [
    {
      "ID": 1,
      "PosX": 1.0889999866485596,
      "PosY": 13.861669540405273,
      "PosZ": 28.04199981689453,
      "Name": "Anchor1",
      "RotY": 9.095687866210938
    },
    {
      "ID": 2,
      "PosX": 2.309000015258789,
      "PosY": 15.022000312805176,
      "PosZ": 27.08300018310547,
      "Name": "Anchor2",
      "RotY": 314.7746887207031,
      "RotX": 353.30279541015625,
      "RotZ": 0.08069899678230286,
      "Usage": "Camera",
      "CustomParameter": {
        "$type": "RPG.GameCore.LevelAnchorCameraParameter"
      }
    },
    {
      "ID": 3,
      "PosX": -8.609999656677246,
      "PosY": 26.790000915527344,
      "PosZ": 6.340000152587891,
      "IsDelete": true,
      "Name": "Anchor3",
      "RotY": 321.3067932128906,
      "RotX": 10.61338996887207,
      "RotZ": 0.9994869828224182,
      "Usage": "Camera",
      "CustomParameter": {
        "$type": "RPG.GameCore.LevelAnchorCameraParameter"
      }
    }
  ],
  "MonsterList": [],
  "PropList": [],
  "DistrictList": [],
  "WaypointList": [],
  "PathwayList": [],
  "BattleAreaList": [],
  "NPCList": [
    {
      "ID": 400001,
      "PosX": 1.434000015258789,
      "PosY": 13.861669540405273,
      "PosZ": 29.09000015258789,
      "Name": "NPC1",
      "RotY": 192.3249969482422,
      "NPCID": 12102,
      "LoadOnInitial": false,
      "DialogueGroups": [],
      "ServerInteractVerificationIDList": [],
      "BoardShowList": [],
      "TalkDialogGroupIDList": [],
      "DefaultIdleFreeStyleMotionID": 100010000,
      "InitialHiddenNodeList": [],
      "CameraCenterEntityList": []
    },
    {
      "ID": 400002,
      "PosX": -0.3959999978542328,
      "PosY": 13.861669540405273,
      "PosZ": 29.88800048828125,
      "Name": "NPC2",
      "RotY": 332.2018127441406,
      "NPCID": 12102,
      "DialogueTriggerAngle": 360,
      "DialogueGroups": [],
      "ServerInteractVerificationIDList": [],
      "DefaultLookAtMode": "Closed",
      "BoardShowList": [
        1,
        64
      ],
      "TalkDialogGroupIDList": [],
      "DefaultIdleFreeStyleMotionID": 100010000,
      "InitialHiddenNodeList": [],
      "Dialog": {
        "LevelGraph": "Config/Level/NPCDialogue/P20231/F20231001_G136/DialogueMain_F20231001_G136_N400001.json",
        "PackList": []
      },
      "CameraCenterEntityList": []
    }
  ],
  "CrowdList": [],
  "PedestrianList": [],
  "SmartObjectList": []
}