{
  "$type": "RPG.GameCore.RtLevelGroupInfo",
  "GroupName": "MainMission1020601_",
  "Category": "Mission",
  "AreaAnchorName": "LevelArea_P20212_F20212001_G32",
  "LoadCondition": {
    "Conditions": [
      {
        "ID": 1020601
      }
    ]
  },
  "UnloadCondition": {
    "Conditions": [
      {
        "Phase": "Finish",
        "ID": 1020601
      }
    ]
  },
  "LoadSide": "Server",
  "OwnerMainMissionID": 1020601,
  "ConflictIDList": [],
  "AnchorList": [],
  "MonsterList": [
    {
      "ID": 200001,
      "PosX": 64.3499984741211,
      "PosY": -31.054960250854492,
      "PosZ": -33.709999084472656,
      "Name": "Monster1",
      "RotY": 114.0824966430664,
      "NPCMonsterID": 2012010,
      "AIConfig": {
        "PathwayList": [
          {
            "UseOwnerGroup": true,
            "UseGroup": 32,
            "UseID": 2,
            "StartAt": 1
          }
        ],
        "SlaveConfigList": []
      },
      "CampID": 3,
      "BattleArea": {
        "GroupID": 1,
        "ID": 1
      },
      "EventID": 20212004,
      "BoardShowList": [
        2
      ]
    }
  ],
  "PropList": [],
  "DistrictList": [],
  "WaypointList": [
    {
      "ID": 1,
      "PosX": 64.23999786376953,
      "PosY": -31.054960250854492,
      "PosZ": -33.65999984741211
    },
    {
      "ID": 2,
      "PosX": 54.810001373291016,
      "PosY": -31.054960250854492,
      "PosZ": -33.65999984741211
    }
  ],
  "PathwayList": [
    {
      "ID": 2,
      "PosX": 61.529300689697266,
      "PosY": -31.054969787597656,
      "PosZ": -30.445039749145508,
      "Name": "Pathway2",
      "WaypointIDList": [
        1,
        2
      ]
    }
  ],
  "BattleAreaList": [],
  "NPCList": [],
  "CrowdList": [],
  "PedestrianList": []
}