{
  "$type": "RPG.GameCore.RtLevelGroupInfo",
  "GroupName": "MainMission1020601_",
  "Category": "Mission",
  "AreaAnchorName": "LevelArea_P20212_F20212001_G34",
  "LoadCondition": {
    "Conditions": [
      {
        "ID": 1020601
      }
    ]
  },
  "UnloadCondition": {
    "Conditions": [
      {
        "Phase": "Finish",
        "ID": 1020601
      }
    ]
  },
  "LoadSide": "Server",
  "OwnerMainMissionID": 1020601,
  "ConflictIDList": [],
  "AnchorList": [],
  "MonsterList": [
    {
      "ID": 200001,
      "PosX": -12.676010131835938,
      "PosY": -35.952430725097656,
      "PosZ": -88.16413116455078,
      "Name": "Monster1",
      "NPCMonsterID": 2011010,
      "AIConfig": {
        "PathwayList": [],
        "SlaveConfigList": []
      },
      "CampID": 3,
      "BattleArea": {
        "GroupID": 1,
        "ID": 1
      },
      "EventID": 20212008,
      "BoardShowList": [
        2
      ]
    },
    {
      "ID": 200002,
      "PosX": -3.6699941158294678,
      "PosY": -35.95246124267578,
      "PosZ": -69.6500015258789,
      "Name": "Monster2",
      "RotY": 227.4127960205078,
      "NPCMonsterID": 2012010,
      "AIConfig": {
        "PathwayList": [
          {
            "UseOwnerGroup": true,
            "UseGroup": 34,
            "UseID": 1,
            "StartAt": 1
          }
        ],
        "SlaveConfigList": []
      },
      "CampID": 3,
      "BattleArea": {
        "GroupID": 1,
        "ID": 1
      },
      "EventID": 20212009,
      "BoardShowList": [
        2
      ]
    },
    {
      "ID": 200003,
      "PosX": 5.400000095367432,
      "PosY": -35.952449798583984,
      "PosZ": -89.2300033569336,
      "Name": "Monster3",
      "NPCMonsterID": 2012010,
      "AIConfig": {
        "PathwayList": [],
        "SlaveConfigList": []
      },
      "CampID": 3,
      "BattleArea": {
        "GroupID": 1,
        "ID": 1
      },
      "InitialAnimState": "SpecialStandBy1",
      "EventID": 20212010,
      "BoardShowList": [
        2
      ]
    }
  ],
  "PropList": [],
  "DistrictList": [],
  "WaypointList": [
    {
      "ID": 1,
      "PosX": -3.9199979305267334,
      "PosY": -35.95246124267578,
      "PosZ": -69.47000122070312
    },
    {
      "ID": 2,
      "PosX": 2.6100010871887207,
      "PosY": -35.952449798583984,
      "PosZ": -77.6500015258789
    }
  ],
  "PathwayList": [
    {
      "ID": 1,
      "PosX": -8.014862060546875,
      "PosY": -33.470829010009766,
      "PosZ": -79.82763671875,
      "Name": "Pathway1",
      "WaypointIDList": [
        1,
        2
      ]
    }
  ],
  "BattleAreaList": [],
  "NPCList": [],
  "CrowdList": [],
  "PedestrianList": []
}