{
  "$type": "RPG.GameCore.RtLevelGroupInfo",
  "GroupName": "MainMission2010904_",
  "Category": "Mission",
  "AreaAnchorName": "LevelArea_P10102_F10102004_G7",
  "SaveType": "Reset",
  "LoadCondition": {
    "Conditions": [
      {
        "Type": "SubMission",
        "ID": 201090402
      }
    ]
  },
  "UnloadCondition": {
    "Conditions": [
      {
        "Type": "SubMission",
        "Phase": "Finish",
        "ID": 201090402
      }
    ]
  },
  "OwnerMainMissionID": 2010904,
  "ConflictIDList": [],
  "AnchorList": [
    {
      "ID": 1,
      "PosX": -2.756999969482422,
      "PosY": -9.999999974752427e-7,
      "PosZ": 10.432999610900879,
      "Name": "Anchor1",
      "RotY": 222.8000030517578
    },
    {
      "ID": 2,
      "PosX": -0.36500000953674316,
      "PosY": 2.9839999675750732,
      "PosZ": 7.934999942779541,
      "Name": "Anchor2",
      "RotY": 300.05230712890625,
      "RotX": 28.618980407714844,
      "RotZ": 0.11791600286960602,
      "Usage": "Camera"
    }
  ],
  "MonsterList": [],
  "PropList": [],
  "DistrictList": [],
  "WaypointList": [],
  "PathwayList": [],
  "BattleAreaList": [],
  "NPCList": [
    {
      "ID": 400001,
      "PosX": -3.9030001163482666,
      "PosY": 0.044443000108003616,
      "PosZ": 9.652999877929688,
      "Name": "NPC1",
      "RotY": 89.3499984741211,
      "NPCID": 2109,
      "DialogueGroups": [
        201090402
      ],
      "ServerInteractVerificationIDList": [],
      "DefaultLookAtMode": "Closed",
      "BoardShowList": [
        1,
        4,
        64
      ],
      "OverrideNPCName": {
        "Hash": 1698982860,
        "Hash64": 10382172611932116015
      },
      "TalkDialogGroupIDList": [],
      "DefaultIdleFreeStyleMotionID": 200500000,
      "OverrideSeriesID": 210901,
      "InitialHiddenNodeList": [],
      "Dialog": {
        "LevelGraph": "Config/Level/NPCDialogue/P10102/F10102004_G7/DialogueMain_F10102004_G7_N400001.json",
        "PackList": [],
        "EnableCondition": {
          "Conditions": [
            {
              "Type": "SubMission",
              "ID": 201090402
            }
          ]
        }
      }
    },
    {
      "ID": 400002,
      "PosX": -3.497999906539917,
      "PosY": 0.044443998485803604,
      "PosZ": 8.013999938964844,
      "Name": "NPC2",
      "RotY": 333.8999938964844,
      "NPCID": 2102,
      "LoadOnInitial": false,
      "DialogueGroups": [],
      "ServerInteractVerificationIDList": [],
      "DefaultLookAtMode": "Closed",
      "BoardShowList": [
        4
      ],
      "OverrideNPCName": {
        "Hash": 1698982862,
        "Hash64": 1561165814928824374
      },
      "TalkDialogGroupIDList": [],
      "DefaultIdleFreeStyleMotionID": 200510000,
      "InitialHiddenNodeList": []
    },
    {
      "ID": 400003,
      "PosX": -3.687999963760376,
      "PosY": 0.044443000108003616,
      "PosZ": 9.5,
      "Name": "NPC3",
      "RotY": 89.3499984741211,
      "NPCID": 2109,
      "LoadOnInitial": false,
      "DialogueGroups": [],
      "ServerInteractVerificationIDList": [],
      "DefaultIdleStateName": "Maze_StandBy_01",
      "DefaultLookAtMode": "Closed",
      "BoardShowList": [
        1,
        4,
        64
      ],
      "OverrideNPCName": {
        "Hash": 1698982860,
        "Hash64": 10382172611932116015
      },
      "TalkDialogGroupIDList": [],
      "DefaultIdleFreeStyleMotionID": 200500214,
      "OverrideSeriesID": 210901,
      "InitialHiddenNodeList": []
    }
  ],
  "CrowdList": [],
  "PedestrianList": []
}