{
  "$type": "RPG.GameCore.RtLevelGroupInfo",
  "GroupName": "New Group",
  "LevelGraph": "Config/Level/DesignerBackup/Gameplay/Test_Prop_Chap02_PlayRobotAddBuff.json",
  "AreaAnchorName": "LevelArea_P40121_F40121003_G20",
  "LoadSide": "Server",
  "LoadOnInitial": true,
  "ValueSource": {
    "Values": [
      {
        "$type": "RPG.GameCore.SharedString",
        "Key": "BuffMonster",
        "Value": "20,200002"
      }
    ]
  },
  "ConflictIDList": [],
  "AnchorList": [
    {
      "ID": 1,
      "PosX": 123.24539947509766,
      "PosY": 46.65890884399414,
      "PosZ": -38.661380767822266,
      "Name": "Anchor1"
    }
  ],
  "MonsterList": [
    {
      "ID": 200002,
      "PosX": 125.58940124511719,
      "PosY": 46.63777160644531,
      "PosZ": -33.09442138671875,
      "Name": "Monster2",
      "NPCMonsterID": 1002020,
      "AIConfig": {
        "PathwayList": [],
        "SlaveConfigList": []
      },
      "CampID": 2,
      "BattleArea": {
        "GroupID": 2,
        "ID": 1
      },
      "EventID": 20131001,
      "BoardShowList": [
        2
      ]
    },
    {
      "ID": 200003,
      "PosX": 129.0186004638672,
      "PosY": 46.60411071777344,
      "PosZ": -26.885820388793945,
      "Name": "Monster3",
      "RotY": 337.40069580078125,
      "NPCMonsterID": 1002020,
      "AIConfig": {
        "PathwayList": [],
        "SlaveConfigList": []
      },
      "CampID": 3,
      "BattleArea": {
        "GroupID": 2,
        "ID": 1
      },
      "EventID": 20131001,
      "BoardShowList": [
        2
      ]
    },
    {
      "ID": 200004,
      "PosX": 135.82449340820312,
      "PosY": 46.58414840698242,
      "PosZ": -34.26911926269531,
      "Name": "Monster4",
      "RotY": 57.49905014038086,
      "NPCMonsterID": 1002020,
      "AIConfig": {
        "PathwayList": [],
        "SlaveConfigList": []
      },
      "CampID": 3,
      "BattleArea": {
        "GroupID": 2,
        "ID": 1
      },
      "EventID": 20131001,
      "BoardShowList": [
        2
      ]
    },
    {
      "ID": 200005,
      "PosX": 129.59669494628906,
      "PosY": 46.69742965698242,
      "PosZ": -47.67461013793945,
      "Name": "Monster5",
      "RotY": 117.87860107421875,
      "NPCMonsterID": 1002020,
      "AIConfig": {
        "PathwayList": [],
        "SlaveConfigList": []
      },
      "CampID": 3,
      "BattleArea": {
        "GroupID": 2,
        "ID": 1
      },
      "EventID": 20131001,
      "BoardShowList": [
        2
      ]
    },
    {
      "ID": 200006,
      "PosX": 125.00540161132812,
      "PosY": 46.60789108276367,
      "PosZ": -52.598960876464844,
      "Name": "Monster6",
      "RotY": 154.94960021972656,
      "NPCMonsterID": 1002020,
      "AIConfig": {
        "PathwayList": [],
        "SlaveConfigList": []
      },
      "CampID": 3,
      "BattleArea": {
        "GroupID": 2,
        "ID": 1
      },
      "EventID": 20131001,
      "BoardShowList": [
        2
      ]
    },
    {
      "ID": 200007,
      "PosX": 115.28890228271484,
      "PosY": 46.94694900512695,
      "PosZ": -45.967010498046875,
      "Name": "Monster7",
      "RotY": 229.12680053710938,
      "NPCMonsterID": 1002020,
      "AIConfig": {
        "PathwayList": [],
        "SlaveConfigList": []
      },
      "CampID": 3,
      "BattleArea": {
        "GroupID": 2,
        "ID": 1
      },
      "EventID": 20131001,
      "BoardShowList": [
        2
      ]
    }
  ],
  "PropList": [
    {
      "ID": 300001,
      "PosX": 122.98999786376953,
      "PosY": 46.7599983215332,
      "PosZ": -33.970001220703125,
      "Name": "Prop1",
      "PropID": 100,
      "LoadOnInitial": false,
      "IsOverrideInitLevelGraph": true,
      "InitLevelGraph": "Config/Level/DesignerBackup/Gameplay/Test_Prop_Chap02_PlayRobot.json",
      "Trigger": {
        "Radius": 2.0,
        "DimX": 1.0,
        "DimY": 1.0,
        "DimZ": 1.0,
        "PointList": []
      },
      "CampID": 4,
      "CustomTriggerMap": {},
      "DialogueGroups": [],
      "TalkDialogGroupIDList": [],
      "ServerInteractVerificationIDList": []
    },
    {
      "ID": 300002,
      "PosX": 126.45429992675781,
      "PosY": 47.25550079345703,
      "PosZ": -12.959099769592285,
      "Name": "Prop2",
      "PropID": 100,
      "IsOverrideInitLevelGraph": true,
      "Trigger": {
        "Radius": 2.0,
        "DimX": 1.0,
        "DimY": 1.0,
        "DimZ": 1.0,
        "PointList": []
      },
      "CampID": 4,
      "OverrideHintRange": 10.0,
      "CustomTriggerMap": {},
      "DialogueGroups": [],
      "TalkDialogGroupIDList": [],
      "ServerInteractVerificationIDList": []
    },
    {
      "ID": 300003,
      "PosX": 122.14199829101562,
      "PosY": 46.71200180053711,
      "PosZ": -38.51300048828125,
      "Name": "Prop3",
      "PropID": 100,
      "IsOverrideInitLevelGraph": true,
      "InitLevelGraph": "Config/Level/DesignerBackup/Gameplay/Test_Prop_Chap02_PlayRobot.json",
      "ValueSource": {
        "Values": [
          {
            "$type": "RPG.GameCore.SharedString",
            "Key": "ReplaceMonster",
            "Value": "20,200002"
          },
          {
            "$type": "RPG.GameCore.SharedString",
            "Key": "ExitPoint",
            "Value": "LevelArea_P40121_F40121003_G20,Anchor1"
          },
          {
            "$type": "RPG.GameCore.SharedString",
            "Key": "MissionFinish"
          }
        ]
      },
      "Trigger": {
        "Radius": 1.0,
        "DimX": 1.0,
        "DimY": 1.0,
        "DimZ": 1.0,
        "PointList": []
      },
      "CampID": 4,
      "CustomTriggerMap": {},
      "DialogueGroups": [],
      "TalkDialogGroupIDList": [],
      "ServerInteractVerificationIDList": []
    }
  ],
  "DistrictList": [],
  "WaypointList": [
    {
      "ID": 1,
      "PosX": 127.12000274658203,
      "PosY": 46.599998474121094,
      "PosZ": -26.530000686645508
    },
    {
      "ID": 2,
      "PosX": 127.17160034179688,
      "PosY": 46.65251159667969,
      "PosZ": -14.58512020111084
    },
    {
      "ID": 3,
      "PosX": 137.40289306640625,
      "PosY": 46.58417892456055,
      "PosZ": -25.61602020263672
    }
  ],
  "PathwayList": [
    {
      "ID": 1,
      "PosX": 127.42040252685547,
      "PosY": 50.745479583740234,
      "PosZ": -20.657550811767578,
      "Name": "Pathway1",
      "WaypointIDList": [
        1,
        2
      ]
    },
    {
      "ID": 2,
      "PosX": 127.42040252685547,
      "PosY": 50.745479583740234,
      "PosZ": -20.657550811767578,
      "Name": "Pathway2",
      "WaypointIDList": [
        2,
        3
      ]
    }
  ],
  "BattleAreaList": [],
  "NPCList": [
    {
      "ID": 400001,
      "PosX": 122.2770004272461,
      "PosY": 46.69226837158203,
      "PosZ": -38.43561935424805,
      "Name": "NPC1",
      "RotY": 82.33000183105469,
      "NPCID": 1007,
      "LevelGraph": "Config/Level/NPC/NPC_SetFollow.json",
      "AIConfig": {
        "AIFile": "Config/ConfigAI/Adventure/Special_NPC_Adventure/MazeNPC_FollowPlayer_Special_RobCrane_3011.json",
        "PathwayList": [
          {
            "UseOwnerGroup": true,
            "UseGroup": 20,
            "UseID": 1
          },
          {
            "UseOwnerGroup": true,
            "UseGroup": 20,
            "UseID": 2
          }
        ],
        "SlaveConfigList": []
      },
      "DialogueGroups": [],
      "ServerInteractVerificationIDList": [],
      "DefaultLookAtMode": "Closed",
      "BoardShowList": [],
      "TalkDialogGroupIDList": [],
      "DefaultAnimationType": "IdleState",
      "BornType": "Permanent",
      "InitialHiddenNodeList": []
    }
  ],
  "CrowdList": [],
  "PedestrianList": []
}