{
  "EraRegions": [
    {
      "EraFlipSets": [],
      "RegionID": 3,
      "Map3DAnchorPosition": {
        "x": -10.260000228881836,
        "y": -1.7999999523162842,
        "z": 166.3699951171875
      },
      "Map3DPrefabPath": "Stages/OriginalResPos/Chapter04/Prefab/3DMapRoom/Chap04_3DMap_A203_Room_R03.prefab"
    },
    {
      "ID": 1,
      "EraFlipSets": [],
      "RegionID": 9,
      "Map3DAnchorPosition": {
        "x": 228.4499969482422,
        "y": 33.40999984741211,
        "z": 210.4600067138672
      },
      "Map3DPrefabPath": "Stages/OriginalResPos/Chapter04/Prefab/3DMapRoom/Chap04_3DMap_A203_Room_R09.prefab"
    },
    {
      "ID": 2,
      "EraFlipSets": [],
      "RegionID": 15
    }
  ]
}