{
  "EraRegions": [
    {
      "RegionID": 6,
      "Map3DAnchorPosition": {
        "x": -23.989999771118164,
        "y": 19.200000762939453,
        "z": 12.420000076293945
      },
      "Map3DPrefabPath": "Stages/OriginalResPos/Chapter04/Prefab/3DMapRoom/Chap04_3DMap_A102_Room_R03.prefab"
    }
  ]
}