{
  "EraRegions": [
    {
      "RegionID": 10,
      "Map3DAnchorPosition": {
        "x": 267.45001220703125,
        "y": 52.68000030517578,
        "z": -3.059999942779541
      },
      "Map3DPrefabPath": "Stages/OriginalResPos/Chapter04/Prefab/3DMapRoom/Chap04_3DMap_A101_Room_R10.prefab"
    }
  ]
}