{
  "EraRegions": [
    {
      "RegionID": 13,
      "Map3DAnchorPosition": {
        "x": 280.239990234375,
        "y": 11.859999656677246,
        "z": -44.81999969482422
      },
      "Map3DPrefabPath": "Stages/OriginalResPos/Chapter04/Prefab/3DMapRoom/Chap04_3DMap_A402_Room_R08.prefab"
    },
    {
      "ID": 1,
      "RegionID": 10
    }
  ]
}