{
  "EraRegions": [
    {
      "RegionID": 6,
      "Map3DAnchorPosition": {
        "x": 5.960000038146973,
        "y": 166.3094940185547,
        "z": 315.54998779296875
      },
      "Map3DAnchorRotation": {
        "x": 0.0,
        "y": 45.0,
        "z": 0.0
      },
      "Map3DPrefabPath": "Stages/OriginalResPos/Chapter04/Prefab/3DMapRoom/Chap04_3DMap_A201_Room_R06.prefab"
    },
    {
      "ID": 1,
      "RegionID": 10,
      "Map3DAnchorPosition": {
        "x": -47.11000061035156,
        "y": 340.1070861816406,
        "z": 371.1400146484375
      },
      "Map3DAnchorRotation": {
        "x": 0.0,
        "y": 45.0,
        "z": 0.0
      },
      "Map3DPrefabPath": "Stages/OriginalResPos/Chapter04/Prefab/3DMapRoom/Chap04_3DMap_A201_Room_R07.prefab"
    }
  ]
}