{
  "EraRegions": [
    {
      "RegionID": 2,
      "Map3DAnchorPosition": {
        "x": 68.5999984741211,
        "y": 0.0,
        "z": -18.600000381469727
      },
      "Map3DPrefabPath": "Stages/OriginalResPos/Chapter04/Prefab/3DMapRoom/Chap04_3DMap_A102_Room_R01.prefab"
    },
    {
      "ID": 1,
      "RegionID": 6,
      "Map3DAnchorPosition": {
        "x": -23.989999771118164,
        "y": 19.200000762939453,
        "z": 12.420000076293945
      },
      "Map3DPrefabPath": "Stages/OriginalResPos/Chapter04/Prefab/3DMapRoom/Chap04_3DMap_A102_Room_R03.prefab"
    },
    {
      "ID": 2,
      "RegionID": 10,
      "Map3DAnchorPosition": {
        "x": -34.959999084472656,
        "y": 0.0,
        "z": 318.6600036621094
      },
      "Map3DPrefabPath": "Stages/OriginalResPos/Chapter04/Prefab/3DMapRoom/Chap04_3DMap_A102_Room_R05.prefab"
    }
  ]
}