{
  "$type": "RPG.GameCore.RtLevelGroupInfo",
  "GroupName": "Wave1_Monsters",
  "AreaAnchorName": "LevelArea_P30501_F30501001_G5",
  "LoadSide": "Server",
  "LoadOnInitial": true,
  "ConflictIDList": [],
  "AnchorList": [
    {
      "ID": 1,
      "PosX": -25.440000534057617,
      "PosY": -2.133928060531616,
      "PosZ": -170.26280212402344,
      "Name": "Anchor1",
      "RotY": 270.0
    },
    {
      "ID": 2,
      "PosX": 9.020000457763672,
      "PosY": -2.134002923965454,
      "PosZ": -76.37876892089844,
      "Name": "Anchor2",
      "RotY": 90.0
    }
  ],
  "MonsterList": [
    {
      "ID": 200005,
      "PosX": -13.728989601135254,
      "PosY": -2.1339519023895264,
      "PosZ": -170.04400634765625,
      "IsDelete": true,
      "Name": "Monster5",
      "RotY": 90.0,
      "NPCMonsterID": 1002040,
      "AIConfig": {
        "PathwayList": [],
        "SlaveConfigList": []
      },
      "CampID": 3,
      "BattleArea": {
        "GroupID": 1,
        "ID": 1
      },
      "EventID": 99999011,
      "BoardShowList": [
        2
      ]
    },
    {
      "ID": 200001,
      "PosX": 40.5936393737793,
      "PosY": -1.1340030431747437,
      "PosZ": -98.42111206054688,
      "Name": "Monster1",
      "RotY": 290.0,
      "NPCMonsterID": 8003010,
      "AIConfig": {
        "PathwayList": [],
        "SlaveConfigList": []
      },
      "CampID": 3,
      "BattleArea": {
        "GroupID": 2,
        "ID": 1
      },
      "EventID": 99999011,
      "BoardShowList": [
        2
      ]
    }
  ],
  "PropList": [
    {
      "ID": 300001,
      "PosX": 29.840030670166016,
      "PosY": -1.2961219549179077,
      "PosZ": -105.95999908447266,
      "Name": "Prop1",
      "Scale": {
        "x": 1.2000000476837158,
        "y": 1.0,
        "z": 1.0
      },
      "PropID": 105,
      "IsOverrideInitLevelGraph": true,
      "CampID": 4,
      "CustomTriggerMap": {},
      "DialogueGroups": [],
      "TalkDialogGroupIDList": [],
      "ServerInteractVerificationIDList": []
    },
    {
      "ID": 300002,
      "PosX": 1.5245170593261719,
      "PosY": -2.134002923965454,
      "PosZ": -78.44999694824219,
      "Name": "Prop2",
      "RotY": 90.0,
      "Scale": {
        "x": 0.699999988079071,
        "y": 1.0,
        "z": 1.0
      },
      "PropID": 105,
      "IsOverrideInitLevelGraph": true,
      "CampID": 4,
      "CustomTriggerMap": {},
      "DialogueGroups": [],
      "TalkDialogGroupIDList": [],
      "ServerInteractVerificationIDList": []
    },
    {
      "ID": 300003,
      "PosX": 8.1899995803833,
      "PosY": -2.134002923965454,
      "PosZ": -71.55999755859375,
      "Name": "Prop3",
      "Scale": {
        "x": 1.100000023841858,
        "y": 1.0,
        "z": 1.0
      },
      "PropID": 105,
      "IsOverrideInitLevelGraph": true,
      "CampID": 4,
      "CustomTriggerMap": {},
      "DialogueGroups": [],
      "TalkDialogGroupIDList": [],
      "ServerInteractVerificationIDList": []
    },
    {
      "ID": 300004,
      "PosX": 12.246620178222656,
      "PosY": -2.1339519023895264,
      "PosZ": -166.66749572753906,
      "Name": "Prop4",
      "PropID": 100,
      "LoadOnInitial": false,
      "IsOverrideInitLevelGraph": true,
      "InitLevelGraph": "Config/Level/Maze/MazeExtra/Maze_Prop_MonsterIcon.json",
      "CampID": 4,
      "CustomTriggerMap": {},
      "DialogueGroups": [],
      "TalkDialogGroupIDList": [],
      "ServerInteractVerificationIDList": []
    }
  ],
  "DistrictList": [],
  "WaypointList": [],
  "PathwayList": [],
  "BattleAreaList": [],
  "NPCList": [],
  "CrowdList": [],
  "PedestrianList": []
}