{
  "$type": "RPG.GameCore.RtLevelGroupInfo",
  "GroupName": "Floor_1_Monster",
  "AreaAnchorName": "LevelArea_P40003_F40003001_G15",
  "LoadSide": "Server",
  "LoadOnInitial": true,
  "ConflictIDList": [],
  "AnchorList": [],
  "MonsterList": [
    {
      "ID": 200002,
      "PosX": 174.5012969970703,
      "PosY": 82.59786987304688,
      "PosZ": 123.31069946289062,
      "Name": "Monster2",
      "RotY": 359.964111328125,
      "NPCMonsterID": 8011010,
      "CampID": 3,
      "BattleArea": {
        "GroupID": 1,
        "ID": 1
      },
      "EventID": 40003202,
      "BoardShowList": [
        2
      ]
    }
  ],
  "PropList": [],
  "DistrictList": [],
  "WaypointList": [
    {
      "ID": 1,
      "PosX": 174.5,
      "PosY": 82.59786987304688,
      "PosZ": 121.43000030517578
    },
    {
      "ID": 2,
      "PosX": 174.5,
      "PosY": 82.59786987304688,
      "PosZ": 128.27999877929688
    }
  ],
  "PathwayList": [
    {
      "ID": 1,
      "PosX": 116.8656005859375,
      "PosY": 125.30290222167969,
      "PosZ": -77.4456787109375,
      "Name": "Pathway1",
      "WaypointIDList": [
        1,
        2
      ]
    }
  ],
  "BattleAreaList": [],
  "NPCList": [],
  "CrowdList": [],
  "PedestrianList": []
}