{
  "$type": "RPG.GameCore.RtLevelGroupInfo",
  "GroupName": "MainMission2000802_8",
  "Category": "Mission",
  "AreaAnchorName": "LevelArea_P43001_F43001001_G17",
  "SaveType": "Reset",
  "OwnerMainMissionID": 2000802,
  "ConflictIDList": [],
  "AnchorList": [
    {
      "ID": 1,
      "PosX": -2.890000104904175,
      "PosY": -3.000000106112566e-6,
      "PosZ": -11.329999923706055,
      "Name": "Anchor1",
      "RotY": 185.95590209960938
    }
  ],
  "MonsterList": [],
  "PropList": [],
  "DistrictList": [],
  "WaypointList": [],
  "PathwayList": [],
  "BattleAreaList": [],
  "NPCList": [
    {
      "ID": 400001,
      "PosX": -3.2950000762939453,
      "PosY": -0.000012000000424450263,
      "PosZ": -14.60200023651123,
      "Name": "NPC1",
      "RotY": 269.385986328125,
      "NPCID": 1302,
      "DialogueGroups": [],
      "ServerInteractVerificationIDList": [],
      "BoardShowList": [],
      "TalkDialogGroupIDList": [],
      "DefaultIdleFreeStyleMotionID": 313020000,
      "InitialHiddenNodeList": [],
      "Dialog": {
        "LevelGraph": "Config/Level/NPCDialogue/P43001/F43001001_G17/DialogueMain_F43001001_G17_N400001.json",
        "PackList": [],
        "EnableCondition": {
          "Conditions": [
            {
              "Type": "SubMission",
              "ID": 200080255
            }
          ]
        }
      }
    },
    {
      "ID": 400002,
      "PosX": -1.25,
      "PosY": -3.999999989900971e-6,
      "PosZ": -11.34000015258789,
      "Name": "NPC2",
      "RotY": 206.49400329589844,
      "NPCID": 1001,
      "DialogueGroups": [],
      "ServerInteractVerificationIDList": [],
      "BoardShowList": [],
      "TalkDialogGroupIDList": [],
      "DefaultIdleFreeStyleMotionID": 310010000,
      "InitialHiddenNodeList": []
    },
    {
      "ID": 400003,
      "PosX": 4.156000137329102,
      "PosY": -3.999999989900971e-6,
      "PosZ": -2.378999948501587,
      "Name": "NPC3",
      "RotY": 303.3268127441406,
      "NPCID": 1003,
      "DialogueGroups": [],
      "ServerInteractVerificationIDList": [],
      "BoardShowList": [],
      "TalkDialogGroupIDList": [],
      "DefaultIdleFreeStyleMotionID": 1003900,
      "InitialHiddenNodeList": []
    },
    {
      "ID": 400004,
      "PosX": -1.2649999856948853,
      "PosY": 9.999999974752427e-7,
      "PosZ": -3.109999895095825,
      "Name": "NPC4",
      "RotY": 185.98309326171875,
      "NPCID": 1002,
      "DialogueGroups": [],
      "ServerInteractVerificationIDList": [],
      "BoardShowList": [],
      "TalkDialogGroupIDList": [],
      "DefaultIdleFreeStyleMotionID": 310020000,
      "InitialHiddenNodeList": []
    },
    {
      "ID": 400005,
      "PosX": -2.3359999656677246,
      "PosY": 9.999999974752427e-7,
      "PosZ": -2.8429999351501465,
      "Name": "NPC5",
      "RotY": 172.7928924560547,
      "NPCID": 1004,
      "DialogueGroups": [],
      "ServerInteractVerificationIDList": [],
      "BoardShowList": [],
      "TalkDialogGroupIDList": [],
      "DefaultIdleFreeStyleMotionID": 310040000,
      "InitialHiddenNodeList": []
    },
    {
      "ID": 400006,
      "PosX": 3.1659998893737793,
      "PosY": 1.9999999949504854e-6,
      "PosZ": 1.4930000305175781,
      "Name": "NPC6",
      "RotY": 184.00320434570312,
      "NPCID": 3001,
      "DialogueGroups": [],
      "ServerInteractVerificationIDList": [],
      "BoardShowList": [],
      "TalkDialogGroupIDList": [],
      "DefaultIdleFreeStyleMotionID": 990101026,
      "InitialHiddenNodeList": []
    }
  ],
  "CrowdList": [],
  "PedestrianList": [],
  "SmartObjectList": []
}