{
  "$type": "RPG.GameCore.RtLevelGroupInfo",
  "GroupName": "MainMission2000802_5",
  "Category": "Mission",
  "AreaAnchorName": "LevelArea_P43001_F43001001_G6",
  "SaveType": "Reset",
  "OwnerMainMissionID": 2000802,
  "ConflictIDList": [],
  "AnchorList": [
    {
      "ID": 1,
      "PosX": -1.3300000429153442,
      "PosY": -7.999999979801942e-6,
      "PosZ": -1.9880000352859497,
      "Name": "Anchor1",
      "RotY": 223.8798065185547
    },
    {
      "ID": 2,
      "PosX": 2.5199999809265137,
      "PosY": -7.999999979801942e-6,
      "PosZ": 8.119999885559082,
      "Name": "Anchor2",
      "RotY": 73.57769012451172
    }
  ],
  "MonsterList": [],
  "PropList": [],
  "DistrictList": [],
  "WaypointList": [],
  "PathwayList": [],
  "BattleAreaList": [],
  "NPCList": [
    {
      "ID": 400001,
      "PosX": -2.812999963760376,
      "PosY": -4.999999873689376e-6,
      "PosZ": -2.5889999866485596,
      "Name": "NPC1",
      "RotY": 92.09581756591797,
      "NPCID": 1004,
      "DialogueGroups": [],
      "ServerInteractVerificationIDList": [],
      "BoardShowList": [],
      "TalkDialogGroupIDList": [],
      "DefaultIdleFreeStyleMotionID": 310040000,
      "InitialHiddenNodeList": [],
      "Dialog": {
        "LevelGraph": "Config/Level/NPCDialogue/P43001/F43001001_G6/DialogueMain_F43001001_G6_N400001.json",
        "PackList": [],
        "EnableCondition": {
          "Conditions": [
            {
              "Type": "SubMission",
              "ID": 200080251
            }
          ]
        }
      }
    },
    {
      "ID": 400002,
      "PosX": 3.8499999046325684,
      "PosY": -7.000000096013537e-6,
      "PosZ": 8.5600004196167,
      "Name": "NPC2",
      "RotY": 261.33160400390625,
      "NPCID": 1302,
      "DialogueGroups": [],
      "ServerInteractVerificationIDList": [],
      "BoardShowList": [],
      "TalkDialogGroupIDList": [],
      "DefaultIdleFreeStyleMotionID": 313020000,
      "InitialHiddenNodeList": [],
      "Dialog": {
        "LevelGraph": "Config/Level/NPCDialogue/P43001/F43001001_G6/DialogueMain_F43001001_G6_N400002.json",
        "PackList": [],
        "EnableCondition": {
          "Conditions": [
            {
              "Type": "SubMission",
              "ID": 200080252
            }
          ]
        }
      }
    },
    {
      "ID": 400003,
      "PosX": -2.0209999084472656,
      "PosY": -4.999999873689376e-6,
      "PosZ": -3.7980000972747803,
      "Name": "NPC3",
      "RotY": 356.3559875488281,
      "NPCID": 11413,
      "LoadOnInitial": false,
      "DialogueGroups": [],
      "ServerInteractVerificationIDList": [],
      "BoardShowList": [],
      "TalkDialogGroupIDList": [],
      "DefaultIdleFreeStyleMotionID": 100010000,
      "InitialHiddenNodeList": [],
      "SpawnConfig": {
        "EntitySpawnConfig": {},
        "CaptureDistanceTolerance": 10.0
      }
    },
    {
      "ID": 400004,
      "PosX": 3.253000020980835,
      "PosY": -4.999999873689376e-6,
      "PosZ": 7.2129998207092285,
      "Name": "NPC4",
      "RotY": 12.994790077209473,
      "NPCID": 11413,
      "LoadOnInitial": false,
      "DialogueGroups": [],
      "ServerInteractVerificationIDList": [],
      "BoardShowList": [],
      "TalkDialogGroupIDList": [],
      "DefaultIdleFreeStyleMotionID": 100010000,
      "InitialHiddenNodeList": [],
      "SpawnConfig": {
        "EntitySpawnConfig": {},
        "CaptureDistanceTolerance": 10.0
      }
    }
  ],
  "CrowdList": [],
  "PedestrianList": [],
  "SmartObjectList": []
}