{
  "$type": "RPG.GameCore.RtLevelGroupInfo",
  "GroupName": "MainMission2000802_10",
  "Category": "Mission",
  "AreaAnchorName": "LevelArea_P43001_F43001001_G25",
  "SaveType": "Reset",
  "LoadCondition": {
    "Conditions": [
      {
        "Type": "SubMission",
        "ID": 200080271
      }
    ]
  },
  "OwnerMainMissionID": 2000802,
  "ValueSource": {},
  "ConflictIDList": [],
  "AnchorList": [
    {
      "ID": 1,
      "PosX": -2.4760000705718994,
      "PosY": -9.000000318337698e-6,
      "PosZ": 9.46500015258789,
      "Name": "Anchor1",
      "RotY": 264.1549987792969,
      "Usage": "Actor"
    },
    {
      "ID": 2,
      "PosX": -0.32138100266456604,
      "PosY": 0.8336859941482544,
      "PosZ": 7.755178928375244,
      "Name": "Anchor2",
      "RotY": 288.872802734375,
      "RotX": 352.81610107421875,
      "RotZ": -0.004848000127822161,
      "Usage": "Camera",
      "CustomParameter": {
        "$type": "RPG.GameCore.LevelAnchorCameraParameter",
        "fov": 45.0
      }
    }
  ],
  "MonsterList": [],
  "PropList": [],
  "DistrictList": [],
  "WaypointList": [],
  "PathwayList": [],
  "BattleAreaList": [],
  "NPCList": [
    {
      "ID": 400001,
      "PosX": -4.198999881744385,
      "PosY": -4.999999873689376e-6,
      "PosZ": 9.413999557495117,
      "Name": "NPC1",
      "RotY": 265.1260986328125,
      "NPCID": 3001,
      "ValueSource": {},
      "DialogueGroups": [],
      "ServerInteractVerificationIDList": [],
      "BoardShowList": [],
      "TalkDialogGroupIDList": [],
      "DefaultIdleFreeStyleMotionID": 900010000,
      "InitialHiddenNodeList": [],
      "SpawnConfig": {
        "EntitySpawnConfig": {}
      }
    },
    {
      "ID": 400004,
      "PosX": -4.46999979019165,
      "PosY": -3.999999989900971e-6,
      "PosZ": 8.460000038146973,
      "Name": "NPC4",
      "RotY": 265.6361083984375,
      "NPCID": 1001,
      "ValueSource": {},
      "DialogueGroups": [],
      "ServerInteractVerificationIDList": [],
      "BoardShowList": [],
      "TalkDialogGroupIDList": [],
      "DefaultIdleFreeStyleMotionID": 310010000,
      "InitialHiddenNodeList": [],
      "SpawnConfig": {
        "EntitySpawnConfig": {}
      }
    },
    {
      "ID": 400002,
      "PosX": -4.041999816894531,
      "PosY": -3.999999989900971e-6,
      "PosZ": 7.5279998779296875,
      "Name": "NPC2",
      "RotY": 273.8226013183594,
      "NPCID": 1003,
      "ValueSource": {},
      "DialogueGroups": [],
      "ServerInteractVerificationIDList": [],
      "BoardShowList": [],
      "TalkDialogGroupIDList": [],
      "DefaultIdleFreeStyleMotionID": 310030000,
      "InitialHiddenNodeList": [],
      "SpawnConfig": {
        "EntitySpawnConfig": {}
      }
    }
  ],
  "CrowdList": [],
  "PedestrianList": [],
  "SmartObjectList": []
}