{
  "$type": "RPG.GameCore.RtLevelGroupInfo",
  "GroupName": "MainMission8002213_",
  "Category": "Mission",
  "AreaAnchorName": "LevelArea_P43204_F43204001_G16",
  "SaveType": "Reset",
  "LoadCondition": {
    "Conditions": [
      {
        "ID": 8002213
      }
    ]
  },
  "UnloadCondition": {
    "Conditions": [
      {
        "Phase": "Finish",
        "ID": 8002213
      }
    ]
  },
  "OwnerMainMissionID": 8002213,
  "ConflictIDList": [],
  "AnchorList": [
    {
      "ID": 1,
      "PosX": 117.51000213623047,
      "PosY": 58.45000076293945,
      "PosZ": -49.119998931884766,
      "Name": "Anchor1",
      "RotY": 90.0,
      "RotX": 20.0,
      "Usage": "Camera"
    },
    {
      "ID": 2,
      "PosX": 95.70999908447266,
      "PosY": 57.0,
      "PosZ": -59.029998779296875,
      "Name": "Anchor2",
      "RotX": 3.0199999809265137,
      "RotZ": 0.0012639999622479081,
      "Usage": "Camera"
    },
    {
      "ID": 3,
      "PosX": 82.60167694091797,
      "PosY": 49.37931823730469,
      "PosZ": -54.0537109375,
      "Name": "Anchor3",
      "RotY": 278.25250244140625,
      "RotX": 17.360679626464844,
      "RotZ": 0.0016070000128820539,
      "Usage": "Camera"
    }
  ],
  "MonsterList": [],
  "PropList": [
    {
      "ID": 300001,
      "PosX": -39.99300003051758,
      "PosY": 19.141000747680664,
      "PosZ": 39.99599838256836,
      "IsDelete": true,
      "Name": "Prop1",
      "PropID": 100,
      "IsOverrideInitLevelGraph": true,
      "Trigger": {
        "Radius": 10.0,
        "DimX": 1.0,
        "DimY": 1.0,
        "DimZ": 1.0,
        "PointList": []
      },
      "CampID": 4,
      "CustomTriggerMap": {},
      "DialogueGroups": [],
      "TalkDialogGroupIDList": [],
      "ServerInteractVerificationIDList": []
    }
  ],
  "DistrictList": [],
  "WaypointList": [],
  "PathwayList": [],
  "BattleAreaList": [],
  "NPCList": [],
  "CrowdList": [],
  "PedestrianList": [],
  "SmartObjectList": []
}