{
  "$type": "RPG.GameCore.RtLevelGroupInfo",
  "GroupName": "Graffiti1",
  "AreaAnchorName": "LevelArea_P40002_F40002101_G2",
  "SaveType": "Reset",
  "UnloadCondition": {
    "Conditions": [
      {
        "Type": "SubMission",
        "Phase": "Finish",
        "ID": 800020102
      }
    ]
  },
  "LoadOnInitial": true,
  "ConflictIDList": [],
  "AnchorList": [
    {
      "ID": 1,
      "PosX": -29.033000946044922,
      "PosY": 21.218000411987305,
      "PosZ": -51.25299835205078,
      "Name": "Anchor1",
      "RotY": 265.466796875,
      "Usage": "Camera"
    }
  ],
  "MonsterList": [],
  "PropList": [
    {
      "ID": 300002,
      "PosX": 2.1700000762939453,
      "PosY": 19.768999099731445,
      "PosZ": -31.5,
      "Name": "Prop2",
      "RotY": 234.79469299316406,
      "RotX": 342.06671142578125,
      "RotZ": 356.2510070800781,
      "Scale": {
        "x": 4.0,
        "y": 4.0,
        "z": 1.0
      },
      "PropID": 123,
      "LoadOnInitial": false,
      "IsOverrideInitLevelGraph": true,
      "Trigger": {
        "Radius": 4.0,
        "DimX": 1.0,
        "DimY": 1.0,
        "DimZ": 1.0,
        "PointList": []
      },
      "CampID": 4,
      "CustomTriggerMap": {},
      "DialogueGroups": [],
      "TalkDialogGroupIDList": [],
      "ServerInteractVerificationIDList": [],
      "CustomParameter": {
        "$type": "RPG.GameCore.LevelPropDecalParam",
        "DecalID": 4,
        "IsFadeIn": false
      }
    },
    {
      "ID": 300001,
      "PosX": 2.265000104904175,
      "PosY": 19.89699935913086,
      "PosZ": -31.59000015258789,
      "Name": "Prop1",
      "RotY": 328.7449035644531,
      "RotX": 0.5511249899864197,
      "RotZ": 337.13409423828125,
      "PropID": 121,
      "LoadOnInitial": false,
      "IsOverrideInitLevelGraph": true,
      "Trigger": {
        "Radius": 4.0,
        "DimX": 1.0,
        "DimY": 1.0,
        "DimZ": 1.0,
        "PointList": []
      },
      "CampID": 4,
      "CustomTriggerMap": {},
      "DialogueGroups": [],
      "TalkDialogGroupIDList": [],
      "ServerInteractVerificationIDList": []
    },
    {
      "ID": 300003,
      "PosX": -37.5099983215332,
      "PosY": 23.100000381469727,
      "PosZ": -52.380001068115234,
      "Name": "Prop3",
      "RotY": 65.7364273071289,
      "RotX": 353.5372009277344,
      "RotZ": 25.764680862426758,
      "Scale": {
        "x": 4.0,
        "y": 4.0,
        "z": 1.0
      },
      "PropID": 123,
      "LoadOnInitial": false,
      "IsOverrideInitLevelGraph": true,
      "Trigger": {
        "Radius": 4.0,
        "DimX": 1.0,
        "DimY": 1.0,
        "DimZ": 1.0,
        "PointList": []
      },
      "CampID": 4,
      "CustomTriggerMap": {},
      "DialogueGroups": [],
      "TalkDialogGroupIDList": [],
      "ServerInteractVerificationIDList": [],
      "CustomParameter": {
        "$type": "RPG.GameCore.LevelPropDecalParam",
        "DecalID": 4,
        "IsFadeIn": false
      }
    },
    {
      "ID": 300004,
      "PosX": -27.75,
      "PosY": 18.610000610351562,
      "PosZ": -39.7599983215332,
      "Name": "Prop4",
      "RotY": 332.9082946777344,
      "Scale": {
        "x": 5.3403000831604,
        "y": 1.0,
        "z": 4.747224807739258
      },
      "PropID": 100,
      "IsOverrideInitLevelGraph": true,
      "Trigger": {
        "Shape": "Box",
        "Radius": 1.0,
        "DimX": 1.0,
        "DimY": 1.0,
        "DimZ": 1.0,
        "PointList": []
      },
      "CampID": 4,
      "CustomTriggerMap": {},
      "DialogueGroups": [],
      "TalkDialogGroupIDList": [],
      "ServerInteractVerificationIDList": []
    }
  ],
  "DistrictList": [],
  "WaypointList": [],
  "PathwayList": [],
  "BattleAreaList": [],
  "NPCList": [],
  "CrowdList": [],
  "PedestrianList": []
}