{
  "$type": "RPG.GameCore.RtLevelGroupInfo",
  "GroupName": "Graffiti2",
  "AreaAnchorName": "LevelArea_P40002_F40002101_G12",
  "SaveType": "Reset",
  "UnloadCondition": {
    "Conditions": [
      {
        "Type": "SubMission",
        "Phase": "Finish",
        "ID": 800020104
      }
    ]
  },
  "LoadOnInitial": true,
  "ConflictIDList": [],
  "AnchorList": [
    {
      "ID": 1,
      "PosX": -44.01599884033203,
      "PosY": 21.018999099731445,
      "PosZ": -87.98500061035156,
      "Name": "Anchor1",
      "RotY": 132.4362030029297,
      "Usage": "Camera"
    }
  ],
  "MonsterList": [],
  "PropList": [
    {
      "ID": 300004,
      "PosX": -109.68000030517578,
      "PosY": 20.59000015258789,
      "PosZ": -51.029998779296875,
      "Name": "Prop4",
      "RotY": 188.5919952392578,
      "RotX": 2.583405017852783,
      "RotZ": 0.31919699907302856,
      "Scale": {
        "x": 4.0,
        "y": 4.0,
        "z": 1.0
      },
      "PropID": 123,
      "LoadOnInitial": false,
      "IsOverrideInitLevelGraph": true,
      "Trigger": {
        "Radius": 4.0,
        "DimX": 1.0,
        "DimY": 1.0,
        "DimZ": 1.0,
        "PointList": []
      },
      "CampID": 4,
      "CustomTriggerMap": {},
      "DialogueGroups": [],
      "TalkDialogGroupIDList": [],
      "ServerInteractVerificationIDList": [],
      "CustomParameter": {
        "$type": "RPG.GameCore.LevelPropDecalParam",
        "DecalID": 4,
        "IsFadeIn": false
      }
    },
    {
      "ID": 300003,
      "PosX": -109.66300201416016,
      "PosY": 20.429000854492188,
      "PosZ": -50.933998107910156,
      "Name": "Prop3",
      "RotY": 188.5919952392578,
      "RotX": 2.583405017852783,
      "RotZ": 0.31919699907302856,
      "PropID": 121,
      "LoadOnInitial": false,
      "IsOverrideInitLevelGraph": true,
      "Trigger": {
        "Radius": 4.0,
        "DimX": 1.0,
        "DimY": 1.0,
        "DimZ": 1.0,
        "PointList": []
      },
      "CampID": 4,
      "CustomTriggerMap": {},
      "DialogueGroups": [],
      "TalkDialogGroupIDList": [],
      "ServerInteractVerificationIDList": []
    },
    {
      "ID": 300001,
      "PosX": -38.55799865722656,
      "PosY": 22.78499984741211,
      "PosZ": -92.54299926757812,
      "Name": "Prop1",
      "RotY": 295.59991455078125,
      "RotX": 358.9383850097656,
      "RotZ": 2.376858949661255,
      "Scale": {
        "x": 4.0,
        "y": 4.0,
        "z": 1.0
      },
      "PropID": 123,
      "LoadOnInitial": false,
      "IsOverrideInitLevelGraph": true,
      "Trigger": {
        "Radius": 4.0,
        "DimX": 1.0,
        "DimY": 1.0,
        "DimZ": 1.0,
        "PointList": []
      },
      "CampID": 4,
      "CustomTriggerMap": {},
      "DialogueGroups": [],
      "TalkDialogGroupIDList": [],
      "ServerInteractVerificationIDList": [],
      "CustomParameter": {
        "$type": "RPG.GameCore.LevelPropDecalParam",
        "DecalID": 4
      }
    },
    {
      "ID": 300002,
      "PosX": -40.18000030517578,
      "PosY": 18.610000610351562,
      "PosZ": -87.72000122070312,
      "Name": "Prop2",
      "RotY": 12.914469718933105,
      "Scale": {
        "x": 8.011458396911621,
        "y": 1.0,
        "z": 1.0
      },
      "PropID": 100,
      "IsOverrideInitLevelGraph": true,
      "Trigger": {
        "Shape": "Box",
        "Radius": 1.0,
        "DimX": 1.0,
        "DimY": 1.0,
        "DimZ": 1.0,
        "PointList": []
      },
      "CampID": 4,
      "CustomTriggerMap": {},
      "DialogueGroups": [],
      "TalkDialogGroupIDList": [],
      "ServerInteractVerificationIDList": []
    }
  ],
  "DistrictList": [],
  "WaypointList": [],
  "PathwayList": [],
  "BattleAreaList": [],
  "NPCList": [],
  "CrowdList": [],
  "PedestrianList": []
}