{
  "$type": "RPG.GameCore.RtLevelGroupInfo",
  "GroupName": "MainMission2020302_",
  "Category": "Mission",
  "AreaAnchorName": "LevelArea_P10201_F10201001_G30",
  "SaveType": "Reset",
  "LoadCondition": {
    "Conditions": [
      {
        "Type": "SubMission",
        "ID": 202030207
      },
      {
        "Type": "SubMission",
        "ID": 202030218
      },
      {
        "Type": "SubMission",
        "ID": 202030226
      }
    ],
    "Operation": "Or"
  },
  "UnloadCondition": {
    "Conditions": [
      {
        "Type": "SubMission",
        "ID": 202030223
      }
    ]
  },
  "OwnerMainMissionID": 2020302,
  "ConflictIDList": [],
  "AnchorList": [
    {
      "ID": 1,
      "PosX": 33.9900016784668,
      "PosY": 3.999999989900971e-6,
      "PosZ": -6.670000076293945,
      "Name": "Anchor1",
      "RotY": 107.9000015258789
    },
    {
      "ID": 2,
      "PosX": 33.869998931884766,
      "PosY": 4.999999873689376e-6,
      "PosZ": -6.03000020980835,
      "Name": "Anchor2",
      "RotY": 127.19999694824219,
      "Usage": "Camera"
    }
  ],
  "MonsterList": [],
  "PropList": [
    {
      "ID": 300001,
      "PosX": 34.540000915527344,
      "PosY": 4.999999873689376e-6,
      "PosZ": -6.900000095367432,
      "Name": "Prop1",
      "PropID": 100,
      "IsOverrideInitLevelGraph": true,
      "Trigger": {
        "Radius": 5.0,
        "DimX": 1.0,
        "DimY": 1.0,
        "DimZ": 1.0,
        "PointList": []
      },
      "CampID": 4,
      "CustomTriggerMap": {},
      "DialogueGroups": [],
      "TalkDialogGroupIDList": [],
      "ServerInteractVerificationIDList": []
    }
  ],
  "DistrictList": [],
  "WaypointList": [],
  "PathwayList": [],
  "BattleAreaList": [],
  "NPCList": [
    {
      "ID": 400001,
      "PosX": 34.55434036254883,
      "PosY": 3.999999989900971e-6,
      "PosZ": -7.398458003997803,
      "Name": "NPC1",
      "RotY": 321.0989074707031,
      "NPCID": 12226,
      "DialogueGroups": [
        202030207,
        202030226,
        202030233
      ],
      "ServerInteractVerificationIDList": [],
      "DefaultLookAtMode": "Closed",
      "BoardShowList": [
        8
      ],
      "OverrideNPCName": {
        "hash": -247257312,
        "hash64": 5851962105600021134
      },
      "TalkDialogGroupIDList": [],
      "DefaultIdleFreeStyleMotionID": 100020000,
      "InitialHiddenNodeList": [],
      "Dialog": {
        "LevelGraph": "Config/Level/NPCDialogue/P10201/F10201001_G30/DialogueMain_F10201001_G30_N400001.json",
        "PackList": [
          {
            "Name": "Transferred",
            "LevelGraph": "Config/Level/NPCDialogue/P10201/F10201001_G30/DialoguePack_Transferred_F10201001_G30_N400001.json"
          }
        ],
        "EnableCondition": {
          "Conditions": [
            {
              "Type": "SubMission",
              "ID": 202030207
            },
            {
              "Type": "SubMission",
              "ID": 202030226
            },
            {
              "Type": "SubMission",
              "Phase": "Finish",
              "ID": 202030226
            }
          ],
          "Operation": "Or"
        }
      }
    },
    {
      "ID": 400002,
      "PosX": 34.96348190307617,
      "PosY": 0.000012000000424450263,
      "PosZ": -6.372494220733643,
      "Name": "NPC2",
      "RotY": 225.36590576171875,
      "NPCID": 12234,
      "LoadOnInitial": false,
      "DialogueGroups": [],
      "ServerInteractVerificationIDList": [],
      "DefaultLookAtMode": "Closed",
      "BoardShowList": [],
      "TalkDialogGroupIDList": [],
      "DefaultIdleFreeStyleMotionID": 100020335,
      "InitialHiddenNodeList": []
    }
  ],
  "CrowdList": [],
  "PedestrianList": []
}