{
  "$type": "RPG.GameCore.RtLevelGroupInfo",
  "GroupName": "MainMission1021702_AfterStory_XCJY",
  "Category": "Mission",
  "AreaAnchorName": "LevelArea_P10201_F10201001_G119",
  "SaveType": "Reset",
  "LoadCondition": {
    "Conditions": [
      {
        "Type": "SubMission",
        "ID": 102170216
      },
      {
        "Type": "SubMission",
        "ID": 102170215
      }
    ],
    "Operation": "Or"
  },
  "UnloadCondition": {
    "Conditions": [
      {
        "Type": "SubMission",
        "Phase": "Finish",
        "ID": 102170216
      }
    ]
  },
  "OwnerMainMissionID": 1021702,
  "ConflictIDList": [],
  "AnchorList": [
    {
      "ID": 1,
      "PosX": 15.914999961853027,
      "PosY": 7.623000144958496,
      "PosZ": -26.084999084472656,
      "Name": "Anchor1",
      "RotY": 219.74879455566406,
      "RotX": 1.6257619857788086,
      "RotZ": 0.08167000114917755,
      "Usage": "Camera"
    },
    {
      "ID": 2,
      "PosX": 14.60099983215332,
      "PosY": 6.13240385055542,
      "PosZ": -26.815000534057617,
      "Name": "Anchor2",
      "RotY": 198.27490234375
    }
  ],
  "MonsterList": [],
  "PropList": [
    {
      "ID": 300001,
      "PosX": 14.904000282287598,
      "PosY": 6.132400989532471,
      "PosZ": -22.010000228881836,
      "Name": "Prop1",
      "PropID": 100,
      "IsOverrideInitLevelGraph": true,
      "Trigger": {
        "Radius": 5.0,
        "DimX": 1.0,
        "DimY": 1.0,
        "DimZ": 1.0,
        "PointList": []
      },
      "CampID": 4,
      "CustomTriggerMap": {},
      "DialogueGroups": [],
      "TalkDialogGroupIDList": [],
      "ServerInteractVerificationIDList": []
    }
  ],
  "DistrictList": [],
  "WaypointList": [],
  "PathwayList": [],
  "BattleAreaList": [],
  "NPCList": [
    {
      "ID": 400001,
      "PosX": 14.149999618530273,
      "PosY": 6.13240385055542,
      "PosZ": -27.959999084472656,
      "Name": "NPC1",
      "RotY": 32.7464599609375,
      "NPCID": 1205,
      "LoadOnInitial": false,
      "DialogueGroups": [],
      "ServerInteractVerificationIDList": [],
      "BoardShowList": [],
      "TalkDialogGroupIDList": [],
      "DefaultIdleFreeStyleMotionID": 312040000,
      "InitialHiddenNodeList": []
    },
    {
      "ID": 400002,
      "PosX": 14.430000305175781,
      "PosY": 6.13240385055542,
      "PosZ": -28.969999313354492,
      "Name": "NPC2",
      "RotY": 0.32437899708747864,
      "NPCID": 1210,
      "LoadOnInitial": false,
      "DialogueGroups": [],
      "ServerInteractVerificationIDList": [],
      "BoardShowList": [],
      "TalkDialogGroupIDList": [],
      "DefaultIdleFreeStyleMotionID": 312090000,
      "InitialHiddenNodeList": []
    },
    {
      "ID": 400003,
      "PosX": 15.434000015258789,
      "PosY": 6.13240385055542,
      "PosZ": -27.481000900268555,
      "Name": "NPC3",
      "RotY": 248.13319396972656,
      "NPCID": 1001,
      "LoadOnInitial": false,
      "DialogueGroups": [],
      "ServerInteractVerificationIDList": [],
      "BoardShowList": [],
      "TalkDialogGroupIDList": [],
      "DefaultIdleFreeStyleMotionID": 310010000,
      "InitialHiddenNodeList": []
    },
    {
      "ID": 400004,
      "PosX": 14.60099983215332,
      "PosY": 6.13240385055542,
      "PosZ": -26.815000534057617,
      "Name": "NPC4",
      "RotY": 198.27490234375,
      "NPCID": 1992,
      "LoadOnInitial": false,
      "DialogueGroups": [],
      "ServerInteractVerificationIDList": [],
      "BoardShowList": [],
      "TalkDialogGroupIDList": [],
      "DefaultIdleFreeStyleMotionID": 380020000,
      "InitialHiddenNodeList": []
    }
  ],
  "CrowdList": [],
  "PedestrianList": [],
  "SmartObjectList": []
}