{
  "$type": "RPG.GameCore.RtLevelGroupInfo",
  "GroupName": "MainMission4040209_",
  "Category": "Mission",
  "AreaAnchorName": "LevelArea_P10201_F10201001_G93",
  "SaveType": "Reset",
  "LoadCondition": {
    "Conditions": [
      {
        "Type": "SubMission",
        "ID": 404020901
      },
      {
        "Type": "SubMission",
        "ID": 404020902
      }
    ],
    "Operation": "Or"
  },
  "UnloadCondition": {
    "Conditions": [
      {
        "Type": "SubMission",
        "Phase": "Finish",
        "ID": 404020902
      }
    ]
  },
  "OwnerMainMissionID": 4040209,
  "ConflictIDList": [],
  "AnchorList": [
    {
      "ID": 1,
      "PosX": -80.26300048828125,
      "PosY": 1.9999890327453613,
      "PosZ": -40.10300064086914,
      "Name": "Anchor1",
      "RotY": 275.9533996582031
    }
  ],
  "MonsterList": [],
  "PropList": [
    {
      "ID": 300001,
      "PosX": -82.26200103759766,
      "PosY": 3.2190001010894775,
      "PosZ": -39.98400115966797,
      "Name": "Prop1",
      "RotY": 93.50650787353516,
      "RotX": 349.3891906738281,
      "RotZ": 9.398685455322266,
      "PropID": 102050,
      "LoadOnInitial": false,
      "IsOverrideInitLevelGraph": true,
      "Trigger": {
        "Shape": "Box",
        "Radius": 2.0,
        "DimX": 2.0,
        "DimY": 2.0,
        "DimZ": 2.0,
        "Offset": {
          "x": 0.0,
          "y": 0.0,
          "z": 1.0
        },
        "PointList": []
      },
      "CampID": 4,
      "CustomTriggerMap": {},
      "DialogueGroups": [],
      "TalkDialogGroupIDList": [],
      "ServerInteractVerificationIDList": []
    },
    {
      "ID": 300002,
      "PosX": -81.56700134277344,
      "PosY": 1.9999890327453613,
      "PosZ": -39.28499984741211,
      "Name": "Prop2",
      "RotY": -0.00022699999681208283,
      "RotX": 270.6465148925781,
      "RotZ": 27.856779098510742,
      "PropID": 102048,
      "LoadOnInitial": false,
      "IsOverrideInitLevelGraph": true,
      "CampID": 4,
      "CustomTriggerMap": {},
      "DialogueGroups": [],
      "TalkDialogGroupIDList": [],
      "ServerInteractVerificationIDList": []
    }
  ],
  "DistrictList": [],
  "WaypointList": [],
  "PathwayList": [],
  "BattleAreaList": [],
  "NPCList": [
    {
      "ID": 400001,
      "PosX": -82.0479965209961,
      "PosY": 1.9999879598617554,
      "PosZ": -38.38800048828125,
      "Name": "NPC1",
      "RotY": 133.2095947265625,
      "NPCID": 12131,
      "LoadOnInitial": false,
      "DialogueGroups": [],
      "ServerInteractVerificationIDList": [],
      "BoardShowList": [],
      "TalkDialogGroupIDList": [],
      "DefaultIdleFreeStyleMotionID": 100010000,
      "InitialHiddenNodeList": []
    }
  ],
  "CrowdList": [],
  "PedestrianList": []
}