{
  "$type": "RPG.GameCore.RtLevelGroupInfo",
  "GroupName": "MainMission4040210_",
  "Category": "Mission",
  "AreaAnchorName": "LevelArea_P10201_F10201001_G91",
  "SaveType": "Reset",
  "LoadCondition": {
    "Conditions": [
      {
        "ID": 4040210
      }
    ]
  },
  "UnloadCondition": {
    "Conditions": [
      {
        "Phase": "Finish",
        "ID": 4040210
      }
    ],
    "DelayToLevelReload": true
  },
  "OwnerMainMissionID": 4040210,
  "ConflictIDList": [],
  "AnchorList": [
    {
      "ID": 1,
      "PosX": -42.85300064086914,
      "PosY": 6.888000011444092,
      "PosZ": -19.232999801635742,
      "Name": "Anchor1",
      "RotY": 266.0314025878906,
      "RotX": 27.172870635986328,
      "RotZ": 359.193115234375,
      "Usage": "Camera"
    }
  ],
  "MonsterList": [],
  "PropList": [
    {
      "ID": 300001,
      "PosX": -36.29399871826172,
      "PosY": 5.769000053405762,
      "PosZ": -19.304000854492188,
      "Name": "Prop1",
      "RotY": 89.60748291015625,
      "PropID": 102011,
      "IsOverrideInitLevelGraph": true,
      "Trigger": {
        "Radius": 2.5,
        "PointList": []
      },
      "CampID": 4,
      "CustomTriggerMap": {},
      "DialogueGroups": [],
      "TalkDialogGroupIDList": [],
      "ServerInteractVerificationIDList": []
    },
    {
      "ID": 300002,
      "PosX": -36.29399871826172,
      "PosY": 5.769000053405762,
      "PosZ": -19.304000854492188,
      "Name": "Prop2",
      "RotY": 89.60748291015625,
      "PropID": 102011,
      "LoadOnInitial": false,
      "IsOverrideInitLevelGraph": true,
      "CampID": 4,
      "CustomTriggerMap": {},
      "DialogueGroups": [],
      "TalkDialogGroupIDList": [],
      "ServerInteractVerificationIDList": []
    },
    {
      "ID": 300003,
      "PosX": -36.29399871826172,
      "PosY": 5.769000053405762,
      "PosZ": -19.304000854492188,
      "Name": "Prop3",
      "RotY": 89.60748291015625,
      "PropID": 102058,
      "LoadOnInitial": false,
      "IsOverrideInitLevelGraph": true,
      "CampID": 4,
      "CustomTriggerMap": {},
      "DialogueGroups": [],
      "TalkDialogGroupIDList": [],
      "ServerInteractVerificationIDList": []
    }
  ],
  "DistrictList": [],
  "WaypointList": [],
  "PathwayList": [],
  "BattleAreaList": [],
  "NPCList": [
    {
      "ID": 400001,
      "PosX": -38.54999923706055,
      "PosY": 4.994083881378174,
      "PosZ": -18.354999542236328,
      "Name": "NPC1",
      "RotY": 90.59937286376953,
      "NPCID": 12134,
      "LoadOnInitial": false,
      "DialogueGroups": [],
      "ServerInteractVerificationIDList": [],
      "BoardShowList": [],
      "TalkDialogGroupIDList": [],
      "DefaultIdleFreeStyleMotionID": 100010209,
      "InitialHiddenNodeList": []
    }
  ],
  "CrowdList": [],
  "PedestrianList": []
}