{
  "$type": "RPG.GameCore.RtLevelGroupInfo",
  "GroupName": "MainMission6020101_",
  "Category": "Mission",
  "AreaAnchorName": "LevelArea_P10201_F10201001_G90",
  "SaveType": "Reset",
  "LoadCondition": {
    "Conditions": [
      {
        "Type": "SubMission",
        "ID": 602010119
      }
    ]
  },
  "UnloadCondition": {
    "Conditions": [
      {
        "Type": "SubMission",
        "Phase": "Finish",
        "ID": 602010119
      }
    ],
    "DelayToLevelReload": true
  },
  "OwnerMainMissionID": 6020101,
  "ConflictIDList": [],
  "AnchorList": [
    {
      "ID": 1,
      "PosX": 14.70199966430664,
      "PosY": 6.143474102020264,
      "PosZ": -21.253999710083008,
      "Name": "Anchor1",
      "RotY": 54.457740783691406,
      "Usage": "Camera"
    },
    {
      "ID": 2,
      "PosX": 15.699999809265137,
      "PosY": 6.840000152587891,
      "PosZ": -14.84000015258789,
      "Name": "Anchor2",
      "Usage": "Camera"
    },
    {
      "ID": 3,
      "PosX": 15.151000022888184,
      "PosY": 7.980999946594238,
      "PosZ": -23.599000930786133,
      "Name": "Anchor3",
      "RotY": 0.2569180130958557,
      "RotX": 10.34570026397705,
      "Usage": "Camera"
    },
    {
      "ID": 4,
      "PosX": 15.670999526977539,
      "PosY": 7.433000087738037,
      "PosZ": -22.139999389648438,
      "Name": "Anchor4",
      "RotY": 354.2403869628906,
      "RotX": 354.7867126464844,
      "RotZ": 0.7096710205078125,
      "Usage": "Camera"
    }
  ],
  "MonsterList": [],
  "PropList": [
    {
      "ID": 300001,
      "PosX": 15.619999885559082,
      "PosY": 7.66080379486084,
      "PosZ": -49.4900016784668,
      "Name": "Prop1",
      "PropID": 100,
      "IsOverrideInitLevelGraph": true,
      "Trigger": {
        "Radius": 5.0,
        "DimX": 1.0,
        "DimY": 1.0,
        "DimZ": 1.0,
        "PointList": []
      },
      "CampID": 4,
      "CustomTriggerMap": {},
      "DialogueGroups": [],
      "TalkDialogGroupIDList": [],
      "ServerInteractVerificationIDList": []
    }
  ],
  "DistrictList": [],
  "WaypointList": [],
  "PathwayList": [],
  "BattleAreaList": [],
  "NPCList": [
    {
      "ID": 400001,
      "PosX": 16.051000595092773,
      "PosY": 6.132400989532471,
      "PosZ": -20.226999282836914,
      "Name": "NPC1",
      "NPCID": 1202,
      "DialogueGroups": [],
      "ServerInteractVerificationIDList": [],
      "BoardShowList": [],
      "TalkDialogGroupIDList": [],
      "DefaultIdleFreeStyleMotionID": 312070000,
      "InitialHiddenNodeList": [],
      "Dialog": {
        "LevelGraph": "Config/Level/NPCDialogue/P10201/F10201001_G90/DialogueMain_F10201001_G90_N400001.json",
        "PackList": []
      }
    },
    {
      "ID": 400002,
      "PosX": 15.092470169067383,
      "PosY": 6.166874885559082,
      "PosZ": -21.861719131469727,
      "Name": "NPC2",
      "RotY": 24.03890037536621,
      "NPCID": 12251,
      "LoadOnInitial": false,
      "DialogueGroups": [],
      "ServerInteractVerificationIDList": [],
      "BoardShowList": [],
      "TalkDialogGroupIDList": [],
      "DefaultIdleFreeStyleMotionID": 100020000,
      "InitialHiddenNodeList": []
    },
    {
      "ID": 400003,
      "PosX": 14.137229919433594,
      "PosY": 6.143474102020264,
      "PosZ": -21.307199478149414,
      "Name": "NPC3",
      "RotY": 59.493011474609375,
      "NPCID": 1004,
      "LoadOnInitial": false,
      "DialogueGroups": [],
      "ServerInteractVerificationIDList": [],
      "BoardShowList": [],
      "TalkDialogGroupIDList": [],
      "DefaultIdleFreeStyleMotionID": 310040000,
      "InitialHiddenNodeList": []
    },
    {
      "ID": 400004,
      "PosX": 16.051000595092773,
      "PosY": 6.132400989532471,
      "PosZ": -20.226999282836914,
      "Name": "NPC4",
      "NPCID": 1202,
      "LoadOnInitial": false,
      "DialogueGroups": [],
      "ServerInteractVerificationIDList": [],
      "BoardShowList": [],
      "TalkDialogGroupIDList": [],
      "DefaultIdleFreeStyleMotionID": 312070000,
      "InitialHiddenNodeList": [],
      "Dialog": {
        "LevelGraph": "Config/Level/NPCDialogue/P10201/F10201001_G90/DialogueMain_F10201001_G90_N400001.json",
        "PackList": []
      }
    }
  ],
  "CrowdList": [],
  "PedestrianList": [],
  "SmartObjectList": []
}