{
  "$type": "RPG.GameCore.RtLevelGroupInfo",
  "GroupName": "MainMission2021601_01",
  "Category": "Mission",
  "AreaAnchorName": "LevelArea_P10201_F10201001_G138",
  "SaveType": "Reset",
  "LoadCondition": {
    "Conditions": [
      {
        "Type": "SubMission",
        "ID": 202160101
      },
      {
        "Type": "SubMission",
        "ID": 202160102
      }
    ],
    "Operation": "Or"
  },
  "UnloadCondition": {
    "Conditions": [
      {
        "Type": "SubMission",
        "Phase": "Finish",
        "ID": 202160102
      }
    ]
  },
  "OwnerMainMissionID": 2021601,
  "ConflictIDList": [],
  "AnchorList": [
    {
      "ID": 1,
      "PosX": -63.332000732421875,
      "PosY": 0.3869999945163727,
      "PosZ": -98.03700256347656,
      "Name": "Anchor1",
      "RotY": 289.5542907714844,
      "RotX": 3.5530009269714355,
      "RotZ": 0.40423598885536194,
      "Usage": "Camera"
    },
    {
      "ID": 2,
      "PosX": -62.47100067138672,
      "PosY": 0.38499999046325684,
      "PosZ": -99.11699676513672,
      "Name": "Anchor2",
      "RotY": 284.37469482421875,
      "RotX": 4.858356952667236,
      "RotZ": 359.42620849609375,
      "Usage": "Camera"
    },
    {
      "ID": 3,
      "PosX": -63.92599868774414,
      "PosY": -1.0124520063400269,
      "PosZ": -99.12300109863281,
      "Name": "Anchor3",
      "RotY": 307.7680969238281
    }
  ],
  "MonsterList": [],
  "PropList": [
    {
      "ID": 300001,
      "PosX": -64.81700134277344,
      "PosY": -0.38999998569488525,
      "PosZ": -97.36299896240234,
      "Name": "Prop1",
      "PropID": 100,
      "LoadOnInitial": false,
      "IsOverrideInitLevelGraph": true,
      "Trigger": {
        "Radius": 1.5,
        "DimX": 1.0,
        "DimY": 1.0,
        "DimZ": 1.0,
        "PointList": []
      },
      "CampID": 4,
      "CustomTriggerMap": {},
      "DialogueGroups": [],
      "TalkDialogGroupIDList": [],
      "ServerInteractVerificationIDList": []
    }
  ],
  "DistrictList": [],
  "WaypointList": [],
  "PathwayList": [],
  "BattleAreaList": [],
  "NPCList": [
    {
      "ID": 400001,
      "PosX": -64.87100219726562,
      "PosY": -1.0124549865722656,
      "PosZ": -96.88500213623047,
      "Name": "NPC1",
      "RotY": 188.78529357910156,
      "NPCID": 12103,
      "LoadOnInitial": false,
      "DialogueGroups": [],
      "ServerInteractVerificationIDList": [],
      "DefaultLookAtMode": "LookTarget",
      "DefaultLookAtTargetInfo": {
        "GroupID": 138,
        "InstanceID": 400002
      },
      "BoardShowList": [
        1,
        64
      ],
      "TalkDialogGroupIDList": [],
      "DefaultIdleFreeStyleMotionID": 100010231,
      "InitialHiddenNodeList": []
    },
    {
      "ID": 400002,
      "PosX": -64.78199768066406,
      "PosY": -1.0124540328979492,
      "PosZ": -97.98100280761719,
      "Name": "NPC2",
      "RotY": 351.9508972167969,
      "NPCID": 12248,
      "LoadOnInitial": false,
      "DialogueGroups": [],
      "ServerInteractVerificationIDList": [],
      "DefaultLookAtMode": "LookTarget",
      "DefaultLookAtTargetInfo": {
        "GroupID": 138,
        "InstanceID": 400001
      },
      "BoardShowList": [
        1,
        4,
        64
      ],
      "OverrideNPCName": {
        "hash": 1388188723,
        "hash64": 13442442258855365591
      },
      "TalkDialogGroupIDList": [],
      "DefaultIdleFreeStyleMotionID": 100020231,
      "InitialHiddenNodeList": []
    },
    {
      "ID": 400003,
      "PosX": -64.78199768066406,
      "PosY": -1.0124540328979492,
      "PosZ": -97.98100280761719,
      "Name": "NPC3",
      "RotY": 88.07183837890625,
      "NPCID": 12248,
      "LoadOnInitial": false,
      "DialogueGroups": [],
      "ServerInteractVerificationIDList": [],
      "BoardShowList": [
        1,
        4,
        64
      ],
      "OverrideNPCName": {
        "hash": 1388188723,
        "hash64": 13442442258855365591
      },
      "TalkDialogGroupIDList": [],
      "DefaultIdleFreeStyleMotionID": 100020237,
      "InitialHiddenNodeList": [],
      "Dialog": {
        "LevelGraph": "Config/Level/NPCDialogue/P10201/F10201001_G138/DialogueMain_F10201001_G138_N400003.json",
        "PackList": []
      }
    },
    {
      "ID": 400004,
      "PosX": -63.92599868774414,
      "PosY": -1.0124520063400269,
      "PosZ": -99.12300109863281,
      "Name": "NPC4",
      "RotY": 307.7680969238281,
      "NPCID": 1992,
      "LoadOnInitial": false,
      "DialogueGroups": [],
      "ServerInteractVerificationIDList": [],
      "BoardShowList": [],
      "TalkDialogGroupIDList": [],
      "DefaultIdleFreeStyleMotionID": 380020000,
      "InitialHiddenNodeList": []
    }
  ],
  "CrowdList": [],
  "PedestrianList": [],
  "SmartObjectList": []
}