{
  "$type": "RPG.GameCore.RtLevelGroupInfo",
  "GroupName": "MainMission2020901_",
  "Category": "Mission",
  "AreaAnchorName": "LevelArea_P10201_F10201001_G147",
  "SaveType": "Reset",
  "LoadCondition": {
    "Conditions": [
      {
        "Type": "SubMission",
        "ID": 202090113
      }
    ]
  },
  "UnloadCondition": {
    "Conditions": [
      {
        "Type": "SubMission",
        "Phase": "Finish",
        "ID": 202090113
      }
    ]
  },
  "OwnerMainMissionID": 2020901,
  "ConflictIDList": [],
  "AnchorList": [
    {
      "ID": 1,
      "PosX": -18.290000915527344,
      "PosY": 0.5199999809265137,
      "PosZ": -54.619998931884766,
      "Name": "Anchor1",
      "RotY": 291.53228759765625,
      "Usage": "Camera"
    },
    {
      "ID": 2,
      "PosX": -19.43000030517578,
      "PosY": -0.9744970202445984,
      "PosZ": -54.439998626708984,
      "Name": "Anchor2",
      "RotY": 316.1072082519531
    },
    {
      "ID": 3,
      "PosX": -20.14900016784668,
      "PosY": -0.9552109837532043,
      "PosZ": -53.36000061035156,
      "Name": "Anchor3",
      "RotY": 139.01100158691406
    }
  ],
  "MonsterList": [],
  "PropList": [
    {
      "ID": 300001,
      "PosX": -21.290000915527344,
      "PosY": -0.9552109837532043,
      "PosZ": -53.470001220703125,
      "Name": "Prop1",
      "PropID": 100,
      "IsOverrideInitLevelGraph": true,
      "Trigger": {
        "Radius": 10.0,
        "DimX": 1.0,
        "DimY": 1.0,
        "DimZ": 1.0,
        "PointList": []
      },
      "CampID": 4,
      "CustomTriggerMap": {},
      "DialogueGroups": [],
      "TalkDialogGroupIDList": [],
      "ServerInteractVerificationIDList": []
    }
  ],
  "DistrictList": [],
  "WaypointList": [],
  "PathwayList": [],
  "BattleAreaList": [],
  "NPCList": [
    {
      "ID": 400001,
      "PosX": -22.440000534057617,
      "PosY": -0.9244940280914307,
      "PosZ": -51.279998779296875,
      "Name": "NPC1",
      "RotY": 103.3749008178711,
      "NPCID": 11209,
      "DialogueGroups": [],
      "ServerInteractVerificationIDList": [],
      "DefaultLookAtMode": "Closed",
      "BoardShowList": [
        8
      ],
      "TalkDialogGroupIDList": [],
      "DefaultIdleFreeStyleMotionID": 100020000,
      "InitialHiddenNodeList": []
    },
    {
      "ID": 400002,
      "PosX": -21.040000915527344,
      "PosY": -0.9552109837532043,
      "PosZ": -54.27000045776367,
      "Name": "NPC2",
      "NPCID": 12151,
      "DialogueGroups": [],
      "ServerInteractVerificationIDList": [],
      "DefaultLookAtMode": "Closed",
      "BoardShowList": [
        8
      ],
      "TalkDialogGroupIDList": [],
      "DefaultIdleFreeStyleMotionID": 100010000,
      "InitialHiddenNodeList": []
    },
    {
      "ID": 400003,
      "PosX": -20.14900016784668,
      "PosY": -0.9552109837532043,
      "PosZ": -53.36000061035156,
      "Name": "NPC3",
      "RotY": 139.01100158691406,
      "NPCID": 11209,
      "LoadOnInitial": false,
      "DialogueGroups": [],
      "ServerInteractVerificationIDList": [],
      "DefaultLookAtMode": "Closed",
      "BoardShowList": [
        8
      ],
      "TalkDialogGroupIDList": [],
      "DefaultIdleFreeStyleMotionID": 100020000,
      "InitialHiddenNodeList": []
    },
    {
      "ID": 400004,
      "PosX": -19.43000030517578,
      "PosY": -0.9744970202445984,
      "PosZ": -54.439998626708984,
      "Name": "NPC4",
      "RotY": 316.1072082519531,
      "NPCID": 1992,
      "LoadOnInitial": false,
      "DialogueGroups": [],
      "ServerInteractVerificationIDList": [],
      "BoardShowList": [],
      "TalkDialogGroupIDList": [],
      "DefaultIdleFreeStyleMotionID": 380020000,
      "InitialHiddenNodeList": []
    }
  ],
  "CrowdList": [],
  "PedestrianList": [],
  "SmartObjectList": []
}