{
  "$type": "RPG.GameCore.RtLevelGroupInfo",
  "GroupName": "MainMission1040204_04",
  "Category": "Mission",
  "LevelGraph": "Config/Level/GroupGraph/F10401001/Group_F10401001_G237.json",
  "AreaAnchorName": "LevelArea_P10401_F10401001_G237",
  "SaveType": "Reset",
  "OwnerMainMissionID": 1040204,
  "ValueSource": {},
  "ConflictIDList": [],
  "IsHoyoGroup": true,
  "ConflictWhiteList": [],
  "AnchorList": [
    {
      "ID": 1,
      "PosX": 341.17999267578125,
      "PosY": 153.43670654296875,
      "PosZ": 316.7799987792969,
      "Name": "Anchor1",
      "RotY": 164.62669372558594
    },
    {
      "ID": 2,
      "PosX": 149.08999633789062,
      "PosY": 98.37423706054688,
      "PosZ": 218.67999267578125,
      "Name": "Anchor2",
      "RotY": 241.32000732421875
    },
    {
      "ID": 3,
      "PosX": 149.08999633789062,
      "PosY": 98.37423706054688,
      "PosZ": 218.67999267578125,
      "Name": "Anchor3",
      "RotY": 241.32000732421875
    }
  ],
  "MonsterList": [],
  "PropList": [
    {
      "ID": 300001,
      "PosX": 198.52490234375,
      "PosY": 167.8428955078125,
      "PosZ": 361.8299865722656,
      "IsDelete": true,
      "Name": "Prop1",
      "PropID": 111,
      "ValueSource": {},
      "CampID": 4,
      "CustomTriggerMap": {},
      "CustomTriggerMapV2": {},
      "StateConfigs": [],
      "DialogueGroups": [],
      "TalkDialogGroupIDList": [],
      "ServerInteractVerificationIDList": [],
      "HideInCutScene": true,
      "HideInStory": true,
      "PerformanceHideFlags": 15,
      "DialogueTriggerSkipSpecifiedFakeAvatarList": [],
      "CameraCenterEntityList": [],
      "CameraConfig": {},
      "SpawnConfig": {
        "EntitySpawnConfig": {}
      }
    }
  ],
  "DistrictList": [
    {
      "ID": 1,
      "PosX": 341.572998046875,
      "PosY": 153.43670654296875,
      "PosZ": 315.57598876953125,
      "Name": "District1",
      "RotY": 62.13063049316406,
      "Trigger": {
        "Radius": 2.0,
        "DimX": 1.0,
        "DimY": 1.0,
        "DimZ": 1.0,
        "PointList": []
      },
      "DistrictType": "Level",
      "ValueSource": {}
    }
  ],
  "WaypointList": [],
  "PathwayList": [],
  "BattleAreaList": [],
  "NPCList": [
    {
      "ID": 400001,
      "PosX": 341.17999267578125,
      "PosY": 153.43670654296875,
      "PosZ": 316.7799987792969,
      "Name": "NPC1",
      "RotY": 164.62669372558594,
      "NPCID": 1407,
      "ValueSource": {},
      "DialogueGroups": [],
      "ServerInteractVerificationIDList": [],
      "BoardShowList": [],
      "TalkDialogGroupIDList": [],
      "DefaultIdleFreeStyleMotionID": 314070000,
      "AdditiveResidentEffect": [],
      "InitialHiddenNodeList": [],
      "Dialog": {
        "LevelGraph": "Config/Level/NPCDialogue/P10401/F10401001_G237/DialogueMain_F10401001_G237_N400001.json",
        "PackList": []
      },
      "DialogueTriggerSkipSpecifiedFakeAvatarList": [],
      "OverrideReplaceMaterialKeyList": [],
      "CameraCenterEntityList": [],
      "CameraConfig": {},
      "SpawnConfig": {
        "EntitySpawnConfig": {}
      },
      "TriggerValidGuest": {}
    },
    {
      "ID": 400002,
      "PosX": 341.8380126953125,
      "PosY": 153.456298828125,
      "PosZ": 316.1499938964844,
      "Name": "NPC2",
      "RotY": 303.9078063964844,
      "NPCID": 1409,
      "ValueSource": {},
      "DialogueGroups": [],
      "ServerInteractVerificationIDList": [],
      "BoardShowList": [],
      "TalkDialogGroupIDList": [],
      "DefaultIdleFreeStyleMotionID": 314090246,
      "AdditiveResidentEffect": [],
      "InitialHiddenNodeList": [],
      "DialogueTriggerSkipSpecifiedFakeAvatarList": [],
      "OverrideReplaceMaterialKeyList": [],
      "CameraCenterEntityList": [],
      "CameraConfig": {},
      "SpawnConfig": {
        "EntitySpawnConfig": {}
      },
      "TriggerValidGuest": {}
    }
  ],
  "CrowdList": [],
  "PedestrianList": [],
  "PedestrianV2List": [],
  "AudienceList": [],
  "SmartObjectList": [],
  "CurveList": [],
  "LittleGameList": []
}