{
  "$type": "RPG.GameCore.RtLevelGroupInfo",
  "GroupName": "MainMission1040204_06",
  "Category": "Mission",
  "LevelGraph": "Config/Level/GroupGraph/F10401001/Group_F10401001_G239.json",
  "AreaAnchorName": "LevelArea_P10401_F10401001_G239",
  "SaveType": "Reset",
  "OwnerMainMissionID": 1040204,
  "ValueSource": {},
  "ConflictIDList": [],
  "IsHoyoGroup": true,
  "ConflictWhiteList": [],
  "AnchorList": [
    {
      "ID": 1,
      "PosX": 271.33099365234375,
      "PosY": 101.63819885253906,
      "PosZ": 255.30099487304688,
      "Name": "Anchor1",
      "RotY": 32.349998474121094
    }
  ],
  "MonsterList": [],
  "PropList": [],
  "DistrictList": [
    {
      "ID": 1,
      "PosX": 270.45001220703125,
      "PosY": 101.63819885253906,
      "PosZ": 256.75,
      "Name": "District1",
      "RotY": 194.66639709472656,
      "Trigger": {
        "Radius": 4.5,
        "DimX": 1.0,
        "DimY": 1.0,
        "DimZ": 1.0
      },
      "DistrictType": "Level",
      "ValueSource": {}
    }
  ],
  "WaypointList": [
    {
      "ID": 1,
      "PosX": 272.2699890136719,
      "PosY": 101.63819885253906,
      "PosZ": 252.19000244140625
    },
    {
      "ID": 2,
      "PosX": 271.0299987792969,
      "PosY": 101.63819885253906,
      "PosZ": 254.83999633789062
    }
  ],
  "PathwayList": [
    {
      "ID": 1,
      "PosX": 272.1247863769531,
      "PosY": 101.63819885253906,
      "PosZ": 252.8061981201172,
      "Name": "Pathway1",
      "WaypointIDList": [
        1,
        2
      ]
    }
  ],
  "BattleAreaList": [],
  "NPCList": [
    {
      "ID": 400001,
      "PosX": 271.30999755859375,
      "PosY": 101.63819885253906,
      "PosZ": 256.1600036621094,
      "Name": "NPC1",
      "RotY": 136.7279052734375,
      "NPCID": 100,
      "ValueSource": {},
      "DialogueGroups": [],
      "ServerInteractVerificationIDList": [],
      "BoardShowList": [],
      "OverrideNPCName": {
        "Hash": -474502973,
        "Hash64": 12130373973264777064
      },
      "TalkDialogGroupIDList": [],
      "AdditiveResidentEffect": [],
      "InitialHiddenNodeList": [],
      "Dialog": {
        "LevelGraph": "Config/Level/NPCDialogue/P10401/F10401001_G239/DialogueMain_F10401001_G239_N400001.json",
        "PackList": []
      },
      "DialogueTriggerSkipSpecifiedFakeAvatarList": [],
      "OverrideReplaceMaterialKeyList": [],
      "CameraCenterEntityList": [],
      "CameraConfig": {},
      "SpawnConfig": {
        "EntitySpawnConfig": {}
      },
      "TriggerValidGuest": {}
    },
    {
      "ID": 400002,
      "PosX": 273.19000244140625,
      "PosY": 101.63819885253906,
      "PosZ": 250.08999633789062,
      "Name": "NPC2",
      "RotY": 337.422607421875,
      "NPCID": 1407,
      "ValueSource": {},
      "DialogueGroups": [],
      "ServerInteractVerificationIDList": [],
      "DefaultLookAtMode": "Closed",
      "BoardShowList": [],
      "TalkDialogGroupIDList": [],
      "DefaultIdleFreeStyleMotionID": 314070000,
      "AdditiveResidentEffect": [],
      "InitialHiddenNodeList": [],
      "DialogueTriggerSkipSpecifiedFakeAvatarList": [],
      "OverrideReplaceMaterialKeyList": [],
      "CameraCenterEntityList": [],
      "CameraConfig": {},
      "SpawnConfig": {
        "EntitySpawnConfig": {}
      },
      "TriggerValidGuest": {}
    }
  ],
  "CrowdList": [],
  "PedestrianList": [],
  "PedestrianV2List": [],
  "AudienceList": [],
  "SmartObjectList": [],
  "CurveList": [],
  "LittleGameList": []
}