{
  "$type": "RPG.GameCore.RtLevelGroupInfo",
  "GroupName": "MainMission1040103_46",
  "Category": "Mission",
  "LevelGraph": "Config/Level/GroupGraph/F10401001/Group_F10401001_G137.json",
  "AreaAnchorName": "LevelArea_P10401_F10401001_G137",
  "SaveType": "Reset",
  "OwnerMainMissionID": 1040103,
  "ValueSource": {},
  "ConflictIDList": [],
  "IsHoyoGroup": true,
  "ConflictWhiteList": [],
  "AnchorList": [
    {
      "ID": 1,
      "PosX": 312.1383972167969,
      "PosY": 106.1229019165039,
      "PosZ": 162.3531951904297,
      "Name": "Anchor1",
      "RotY": 12.8100004196167
    }
  ],
  "MonsterList": [],
  "PropList": [
    {
      "ID": 300001,
      "PosX": 314.68450927734375,
      "PosY": 106.13749694824219,
      "PosZ": 156.94729614257812,
      "Name": "Prop1",
      "PropID": 111,
      "ValueSource": {},
      "CampID": 4,
      "CustomTriggerMap": {},
      "CustomTriggerMapV2": {
        "MissionTrigger": {
          "Radius": 3.0,
          "PointList": []
        }
      },
      "StateConfigs": [],
      "DialogueGroups": [],
      "TalkDialogGroupIDList": [],
      "ServerInteractVerificationIDList": [],
      "HideInCutScene": true,
      "HideInStory": true,
      "PerformanceHideFlags": 15,
      "DialogueTriggerSkipSpecifiedFakeAvatarList": [],
      "CameraCenterEntityList": [],
      "CameraConfig": {},
      "SpawnConfig": {
        "EntitySpawnConfig": {}
      }
    }
  ],
  "DistrictList": [],
  "WaypointList": [
    {
      "ID": 1,
      "PosX": 303.8558044433594,
      "PosY": 105.97100067138672,
      "PosZ": 190.9001007080078
    },
    {
      "ID": 2,
      "PosX": 299.8606872558594,
      "PosY": 105.97100067138672,
      "PosZ": 183.30679321289062
    },
    {
      "ID": 3,
      "PosX": 315.6119079589844,
      "PosY": 106.13749694824219,
      "PosZ": 155.09579467773438
    }
  ],
  "PathwayList": [
    {
      "ID": 1,
      "PosX": 315.6398010253906,
      "PosY": 106.23670196533203,
      "PosZ": 154.00250244140625,
      "Name": "Pathway1",
      "WaypointIDList": [
        1,
        2,
        3
      ]
    }
  ],
  "BattleAreaList": [],
  "NPCList": [
    {
      "ID": 400001,
      "PosX": 303.8558044433594,
      "PosY": 105.97100067138672,
      "PosZ": 190.9001007080078,
      "Name": "NPC1",
      "RotY": 198.38999938964844,
      "NPCID": 1403,
      "LoadOnInitial": false,
      "ValueSource": {},
      "StaticNPC": true,
      "DialogueGroups": [],
      "ServerInteractVerificationIDList": [],
      "BoardShowList": [],
      "TalkDialogGroupIDList": [],
      "DefaultIdleFreeStyleMotionID": 314030000,
      "AdditiveResidentEffect": [],
      "InitialHiddenNodeList": [],
      "DialogueTriggerSkipSpecifiedFakeAvatarList": [],
      "OverrideReplaceMaterialKeyList": [],
      "CameraCenterEntityList": [],
      "CameraConfig": {},
      "SpawnConfig": {
        "OverrideSpawn": true,
        "EntitySpawnConfig": {
          "NeedBlackIn": false,
          "NeedFadeIn": false,
          "NeedFadeOut": false
        },
        "CaptureDistanceTolerance": 5.0
      },
      "TriggerValidGuest": {}
    }
  ],
  "CrowdList": [],
  "PedestrianList": [],
  "PedestrianV2List": [],
  "AudienceList": [],
  "SmartObjectList": [],
  "CurveList": [],
  "LittleGameList": []
}