{
  "$type": "RPG.GameCore.RtLevelGroupInfo",
  "GroupName": "MainMission1040302_GardenLaigushi",
  "Category": "Mission",
  "LevelGraph": "Config/Level/GroupGraph/F10401001/Group_F10401001_G712.json",
  "AreaAnchorName": "LevelArea_P10401_F10401001_G712",
  "SaveType": "Reset",
  "OwnerMainMissionID": 1040302,
  "ValueSource": {},
  "ConflictIDList": [],
  "IsHoyoGroup": true,
  "StreamingTemplateType": "None",
  "ConflictWhiteList": [],
  "AnchorList": [
    {
      "ID": 1,
      "PosX": 197.49000549316406,
      "PosY": 168.04299926757812,
      "PosZ": 407.3599853515625,
      "Name": "Anchor1",
      "RotY": 159.18589782714844
    }
  ],
  "MonsterList": [],
  "PropList": [],
  "DistrictList": [],
  "WaypointList": [
    {
      "ID": 1,
      "PosX": 204.47000122070312,
      "PosY": 167.4429931640625,
      "PosZ": 386.75
    },
    {
      "ID": 2,
      "PosX": 199.14999389648438,
      "PosY": 167.489501953125,
      "PosZ": 403.69000244140625
    },
    {
      "ID": 3,
      "PosX": 194.5399932861328,
      "PosY": 167.84300231933594,
      "PosZ": 414.7699890136719
    }
  ],
  "PathwayList": [
    {
      "ID": 1,
      "PosX": 202.7716064453125,
      "PosY": 166.70249938964844,
      "PosZ": 397.70111083984375,
      "Name": "Pathway1",
      "WaypointIDList": [
        1,
        2,
        3
      ]
    }
  ],
  "BattleAreaList": [],
  "NPCList": [
    {
      "ID": 400001,
      "PosX": 204.47000122070312,
      "PosY": 167.4429931640625,
      "PosZ": 386.75,
      "Name": "NPC1",
      "RotY": 9.09434986114502,
      "NPCID": 14167,
      "LoadOnInitial": false,
      "ValueSource": {},
      "DialogueGroups": [],
      "ServerInteractVerificationIDList": [],
      "BoardShowList": [
        1
      ],
      "TalkDialogGroupIDList": [],
      "DefaultIdleFreeStyleMotionID": 100010000,
      "AdditiveResidentEffect": [],
      "InitialHiddenNodeList": [],
      "DialogueTriggerSkipSpecifiedFakeAvatarList": [],
      "OverrideReplaceMaterialKeyList": [],
      "CameraCenterEntityList": [],
      "CameraConfig": {},
      "SpawnConfig": {
        "EntitySpawnConfig": {}
      },
      "TriggerValidGuest": {}
    },
    {
      "ID": 400002,
      "PosX": 197.49000549316406,
      "PosY": 168.04299926757812,
      "PosZ": 407.3599853515625,
      "Name": "NPC2",
      "RotY": 159.18589782714844,
      "NPCID": 14167,
      "LoadOnInitial": false,
      "ValueSource": {},
      "DialogueGroups": [],
      "ServerInteractVerificationIDList": [],
      "BoardShowList": [
        1
      ],
      "TalkDialogGroupIDList": [],
      "DefaultIdleFreeStyleMotionID": 100010000,
      "AdditiveResidentEffect": [],
      "InitialHiddenNodeList": [],
      "DialogueTriggerSkipSpecifiedFakeAvatarList": [],
      "OverrideReplaceMaterialKeyList": [],
      "CameraCenterEntityList": [],
      "CameraConfig": {},
      "SpawnConfig": {
        "EntitySpawnConfig": {}
      },
      "TriggerValidGuest": {}
    },
    {
      "ID": 400003,
      "PosX": 215.1300048828125,
      "PosY": 167.4429931640625,
      "PosZ": 401.04998779296875,
      "Name": "NPC3",
      "RotY": 9.98089599609375,
      "NPCID": 14101,
      "ValueSource": {},
      "DialogueGroups": [],
      "ServerInteractVerificationIDList": [],
      "BoardShowList": [],
      "TalkDialogGroupIDList": [],
      "DefaultIdleFreeStyleMotionID": 100010000,
      "AdditiveResidentEffect": [],
      "OverrideSeriesID": 140301,
      "InitialHiddenNodeList": [],
      "DialogueTriggerSkipSpecifiedFakeAvatarList": [],
      "OverrideReplaceMaterialKeyList": [],
      "CameraCenterEntityList": [],
      "CameraConfig": {},
      "SpawnConfig": {
        "EntitySpawnConfig": {}
      },
      "TriggerValidGuest": {}
    }
  ],
  "CrowdList": [],
  "PedestrianList": [],
  "PedestrianV2List": [],
  "AudienceList": [],
  "SmartObjectList": [],
  "CurveList": [],
  "LittleGameList": []
}