{
  "$type": "RPG.GameCore.RtLevelGroupInfo",
  "GroupName": "MainMission1040112_01",
  "Category": "Mission",
  "LevelGraph": "Config/Level/GroupGraph/F10401001/Group_F10401001_G202.json",
  "AreaAnchorName": "LevelArea_P10401_F10401001_G202",
  "SaveType": "Reset",
  "OwnerMainMissionID": 1040112,
  "ValueSource": {},
  "ConflictIDList": [],
  "IsHoyoGroup": true,
  "ConflictWhiteList": [],
  "AnchorList": [
    {
      "ID": 1,
      "PosX": -102.31790161132812,
      "PosY": 16.175670623779297,
      "PosZ": -290.6747131347656,
      "Name": "Anchor1",
      "RotY": 204.47390747070312,
      "RotX": 35.260009765625,
      "RotZ": -0.0006300000241026282,
      "Usage": "Camera",
      "CustomParameter": {
        "$type": "RPG.GameCore.LevelAnchorCameraParameter",
        "fov": 40.0
      }
    },
    {
      "ID": 2,
      "PosX": -98.13851928710938,
      "PosY": 15.58549976348877,
      "PosZ": -255.8260040283203,
      "Name": "Anchor2",
      "RotY": 81.05908203125,
      "RotX": 11.487099647521973,
      "RotZ": -0.0005189999938011169,
      "Usage": "Camera",
      "CustomParameter": {
        "$type": "RPG.GameCore.LevelAnchorCameraParameter",
        "fov": 40.0
      }
    },
    {
      "ID": 3,
      "PosX": -69.92906188964844,
      "PosY": 14.138079643249512,
      "PosZ": -238.5211944580078,
      "Name": "Anchor3",
      "RotY": 75.72981262207031,
      "RotX": 36.75455093383789,
      "RotZ": -0.0021669999696314335,
      "Usage": "Camera",
      "CustomParameter": {
        "$type": "RPG.GameCore.LevelAnchorCameraParameter",
        "fov": 40.0
      }
    },
    {
      "ID": 4,
      "PosX": -70.75843811035156,
      "PosY": 11.054019927978516,
      "PosZ": -237.30349731445312,
      "Name": "Anchor4",
      "RotY": 180.0
    }
  ],
  "MonsterList": [],
  "PropList": [
    {
      "ID": 300001,
      "PosX": -71.80000305175781,
      "PosY": 11.031579971313477,
      "PosZ": -238.51319885253906,
      "Name": "Prop1",
      "PropID": 111,
      "ValueSource": {},
      "CampID": 4,
      "CustomTriggerMap": {},
      "CustomTriggerMapV2": {
        "MissionTrigger": {
          "Radius": 5.0,
          "PointList": []
        }
      },
      "StateConfigs": [],
      "DialogueGroups": [],
      "TalkDialogGroupIDList": [],
      "ServerInteractVerificationIDList": [],
      "HideInCutScene": true,
      "HideInStory": true,
      "PerformanceHideFlags": 15,
      "DialogueTriggerSkipSpecifiedFakeAvatarList": [],
      "CameraCenterEntityList": [],
      "CameraConfig": {},
      "SpawnConfig": {
        "EntitySpawnConfig": {}
      }
    }
  ],
  "DistrictList": [],
  "WaypointList": [],
  "PathwayList": [],
  "BattleAreaList": [],
  "NPCList": [],
  "CrowdList": [],
  "PedestrianList": [],
  "PedestrianV2List": [],
  "AudienceList": [],
  "SmartObjectList": [],
  "CurveList": [],
  "LittleGameList": []
}