{
  "$type": "RPG.GameCore.RtLevelGroupInfo",
  "GroupName": "NPC",
  "Category": "Atmosphere",
  "LevelGraph": "Config/Level/GroupGraph/F10401001/Group_F10401001_G695.json",
  "AreaAnchorName": "LevelArea_P10401_F10401001_G695",
  "SaveType": "Reset",
  "AtmosphereCondition": {
    "Conditions": []
  },
  "LoadOnInitial": true,
  "ValueSource": {},
  "ConflictIDList": [],
  "IsHoyoGroup": true,
  "ConflictWhiteList": [
    650
  ],
  "TagContainer": {
    "List": [
      {
        "Tag": "Group.Atomsphere.NPC",
        "TagHash": -882113524
      }
    ]
  },
  "AnchorList": [
    {
      "ID": 1,
      "PosX": 352.7200012207031,
      "PosY": 108.14600372314453,
      "PosZ": 192.07400512695312,
      "Name": "Anchor1"
    },
    {
      "ID": 2,
      "PosX": 354.2439880371094,
      "PosY": 108.23400115966797,
      "PosZ": 193.85000610351562,
      "Name": "Anchor2",
      "RotY": 218.977294921875,
      "RotX": 7.0,
      "Usage": "Camera",
      "CustomParameter": {
        "$type": "RPG.GameCore.LevelAnchorCameraParameter",
        "fov": 40.0
      }
    },
    {
      "ID": 3,
      "PosX": 353.0719909667969,
      "PosY": 107.3499984741211,
      "PosZ": 192.28700256347656,
      "Name": "Anchor3",
      "RotY": 176.38980102539062
    },
    {
      "ID": 4,
      "PosX": 356.3169860839844,
      "PosY": 107.97100067138672,
      "PosZ": 195.78799438476562,
      "Name": "Anchor4",
      "RotY": 241.67059326171875
    }
  ],
  "MonsterList": [],
  "PropList": [
    {
      "ID": 300001,
      "PosX": 352.6709899902344,
      "PosY": 107.44100189208984,
      "PosZ": 191.92799377441406,
      "Name": "Prop1",
      "RotY": 1.2731759548187256,
      "Scale": {
        "x": 3.0,
        "y": 3.0,
        "z": 3.0
      },
      "PropID": 104113,
      "LoadOnInitial": false,
      "ValueSource": {},
      "Trigger": {
        "Radius": 0.800000011920929,
        "DimX": 1.0,
        "DimY": 1.0,
        "DimZ": 1.0,
        "PointList": []
      },
      "CampID": 4,
      "CustomTriggerMap": {},
      "CustomTriggerMapV2": {},
      "StateConfigs": [],
      "DialogueGroups": [],
      "TalkDialogGroupIDList": [],
      "ServerInteractVerificationIDList": [],
      "Dialog": {
        "LevelGraph": "Config/Level/PropDialogue/P10401/F10401001_G695/DialogueMain_F10401001_G695_P300001.json",
        "PackList": []
      },
      "InteractIconType": "CheckIcon",
      "DialogueTriggerSkipSpecifiedFakeAvatarList": [],
      "InteractTitle": {
        "hash": 278713937,
        "hash64": 16304550243505668348
      },
      "CameraCenterEntityList": [],
      "CameraConfig": {},
      "SpawnConfig": {
        "EntitySpawnConfig": {}
      }
    }
  ],
  "DistrictList": [],
  "WaypointList": [],
  "PathwayList": [],
  "BattleAreaList": [],
  "NPCList": [
    {
      "ID": 400001,
      "PosX": 353.0719909667969,
      "PosY": 107.3499984741211,
      "PosZ": 192.28700256347656,
      "Name": "NPC1",
      "RotY": 176.38980102539062,
      "NPCID": 1990,
      "LoadOnInitial": false,
      "ValueSource": {},
      "DialogueGroups": [],
      "ServerInteractVerificationIDList": [],
      "DefaultLookAtMode": "Closed",
      "BoardShowList": [],
      "TalkDialogGroupIDList": [],
      "DefaultIdleFreeStyleMotionID": 911,
      "AdditiveResidentEffect": [],
      "InitialHiddenNodeList": [],
      "DialogueTriggerSkipSpecifiedFakeAvatarList": [],
      "OverrideReplaceMaterialKeyList": [],
      "CameraCenterEntityList": [],
      "CameraConfig": {},
      "SpawnConfig": {
        "EntitySpawnConfig": {}
      },
      "TriggerValidGuest": {}
    }
  ],
  "CrowdList": [],
  "PedestrianList": [],
  "PedestrianV2List": [],
  "AudienceList": [],
  "SmartObjectList": [],
  "CurveList": [],
  "LittleGameList": []
}