{
  "$type": "RPG.GameCore.RtLevelGroupInfo",
  "GroupName": "Toilet",
  "AreaAnchorName": "LevelArea_P20003_F20003001_G105",
  "SaveType": "Reset",
  "LoadOnInitial": true,
  "ConflictIDList": [],
  "AnchorList": [
    {
      "ID": 1,
      "PosX": 134.48300170898438,
      "PosY": 80.47245025634766,
      "PosZ": 113.98999786376953,
      "Name": "Anchor1",
      "RotY": 268.70001220703125
    },
    {
      "ID": 2,
      "PosX": 133.61000061035156,
      "PosY": 80.47245025634766,
      "PosZ": 113.39099884033203,
      "IsDelete": true,
      "Name": "Anchor2",
      "RotY": 270.0
    },
    {
      "ID": 3,
      "PosX": 131.552001953125,
      "PosY": 82.16600036621094,
      "PosZ": 114.19999694824219,
      "Name": "Anchor3",
      "RotY": 93.20996856689453,
      "RotX": 16.40505027770996,
      "RotZ": 3.000000106112566e-6,
      "Usage": "Camera"
    }
  ],
  "MonsterList": [],
  "PropList": [
    {
      "ID": 300001,
      "PosX": 135.11700439453125,
      "PosY": 80.47100067138672,
      "PosZ": 113.96399688720703,
      "Name": "Prop1",
      "RotY": 269.8984069824219,
      "Scale": {
        "x": 1.5,
        "y": 1.5,
        "z": 1.5
      },
      "PropID": 100047,
      "IsOverrideInitLevelGraph": true,
      "Trigger": {
        "Radius": 1.5,
        "PointList": []
      },
      "CampID": 4,
      "CustomTriggerMap": {},
      "DialogueGroups": [],
      "TalkDialogGroupIDList": [],
      "ServerInteractVerificationIDList": [],
      "Dialog": {
        "LevelGraph": "Config/Level/PropDialogue/P20003/F20003001_G105/DialogueMain_F20003001_G105_P300001.json",
        "PackList": [],
        "EnableCondition": {
          "Conditions": [
            {
              "Type": "SubMission",
              "ID": 404001801
            },
            {
              "Phase": "Finish",
              "ID": 4040018
            }
          ],
          "Operation": "Or"
        }
      },
      "InteractIconType": "CheckIcon",
      "InteractTitle": {
        "Hash": 278713937,
        "Hash64": 16304550243505668348
      }
    }
  ],
  "DistrictList": [],
  "WaypointList": [],
  "PathwayList": [],
  "BattleAreaList": [],
  "NPCList": [
    {
      "ID": 400002,
      "PosX": 134.48300170898438,
      "PosY": 80.47245025634766,
      "PosZ": 113.98999786376953,
      "Name": "NPC2",
      "RotY": 268.70001220703125,
      "NPCID": 1992,
      "LoadOnInitial": false,
      "DialogueGroups": [],
      "ServerInteractVerificationIDList": [],
      "BoardShowList": [],
      "TalkDialogGroupIDList": [],
      "DefaultIdleFreeStyleMotionID": 380020900,
      "BornType": "Permanent",
      "InitialHiddenNodeList": []
    }
  ],
  "CrowdList": [],
  "PedestrianList": []
}