{
  "$type": "RPG.GameCore.RtLevelGroupInfo",
  "GroupName": "MainMission8002106_2",
  "Category": "Mission",
  "LevelGraph": "Config/Level/GroupGraph/F20003001/Group_F20003001_G130.json",
  "AreaAnchorName": "LevelArea_P20003_F20003001_G130",
  "SaveType": "Reset",
  "OwnerMainMissionID": 8002106,
  "ValueSource": {},
  "ConflictIDList": [],
  "IsHoyoGroup": true,
  "ConflictWhiteList": [],
  "AnchorList": [
    {
      "ID": 1,
      "PosX": 270.07000732421875,
      "PosY": 79.92752075195312,
      "PosZ": 80.58999633789062,
      "Name": "Anchor1"
    }
  ],
  "MonsterList": [],
  "PropList": [
    {
      "ID": 300001,
      "PosX": 289.20001220703125,
      "PosY": 82.7699966430664,
      "PosZ": 64.75,
      "Name": "Prop1",
      "RotY": 40.321781158447266,
      "RotX": 1.1333119869232178,
      "RotZ": 355.85101318359375,
      "Scale": {
        "x": 30.0,
        "y": 1.0,
        "z": 1.0
      },
      "PropID": 121,
      "IsOverrideInitLevelGraph": true,
      "InitLevelGraph": "Config/Level/LevelInstanceGraph/F20003001/LG_Prop_F20003001_G130_300001.json",
      "ValueSource": {},
      "Trigger": {
        "Shape": "Box",
        "Radius": 15.0,
        "DimX": 0.6499999761581421,
        "DimY": 5.0,
        "DimZ": 9.920000076293945,
        "Offset": {
          "x": -0.699999988079071,
          "y": -4.820000171661377,
          "z": 0.0
        },
        "PointList": []
      },
      "CampID": 4,
      "CustomTriggerMap": {},
      "CustomTriggerMapV2": {},
      "DialogueGroups": [],
      "TalkDialogGroupIDList": [],
      "ServerInteractVerificationIDList": []
    },
    {
      "ID": 300002,
      "PosX": 276.3999938964844,
      "PosY": 61.47999954223633,
      "PosZ": 73.1500015258789,
      "Name": "Prop2",
      "RotY": 291.4919128417969,
      "RotX": 321.3794860839844,
      "RotZ": 348.4442138671875,
      "Scale": {
        "x": 20.0,
        "y": 20.0,
        "z": 20.0
      },
      "PropID": 100056,
      "IsOverrideInitLevelGraph": true,
      "CampID": 4,
      "CustomTriggerMap": {},
      "CustomTriggerMapV2": {},
      "DialogueGroups": [],
      "TalkDialogGroupIDList": [],
      "ServerInteractVerificationIDList": []
    },
    {
      "ID": 300003,
      "PosX": 277.6300048828125,
      "PosY": 82.4800033569336,
      "PosZ": 77.25,
      "Name": "Prop3",
      "RotY": 289.4718933105469,
      "RotX": 29.337369918823242,
      "RotZ": 9.999999974752427e-7,
      "PropID": 100057,
      "IsOverrideInitLevelGraph": true,
      "CampID": 4,
      "CustomTriggerMap": {},
      "CustomTriggerMapV2": {},
      "DialogueGroups": [],
      "TalkDialogGroupIDList": [],
      "ServerInteractVerificationIDList": []
    },
    {
      "ID": 300004,
      "PosX": 276.739990234375,
      "PosY": 82.02999877929688,
      "PosZ": 75.91999816894531,
      "Name": "Prop4",
      "RotY": 223.60220336914062,
      "RotX": 31.82809066772461,
      "RotZ": 352.8865051269531,
      "PropID": 100056,
      "IsOverrideInitLevelGraph": true,
      "ValueSource": {},
      "CampID": 4,
      "CustomTriggerMap": {},
      "CustomTriggerMapV2": {},
      "DialogueGroups": [],
      "TalkDialogGroupIDList": [],
      "ServerInteractVerificationIDList": []
    },
    {
      "ID": 300005,
      "PosX": 275.9599914550781,
      "PosY": 81.41999816894531,
      "PosZ": 74.94000244140625,
      "Name": "Prop5",
      "RotY": 14.31173038482666,
      "RotX": 349.97088623046875,
      "RotZ": 28.326810836791992,
      "PropID": 100055,
      "IsOverrideInitLevelGraph": true,
      "ValueSource": {},
      "CampID": 4,
      "CustomTriggerMap": {},
      "CustomTriggerMapV2": {},
      "DialogueGroups": [],
      "TalkDialogGroupIDList": [],
      "ServerInteractVerificationIDList": []
    },
    {
      "ID": 300006,
      "PosX": 256.8999938964844,
      "PosY": 79.92759704589844,
      "PosZ": 100.9000015258789,
      "Name": "Prop6",
      "RotY": 223.60220336914062,
      "RotX": 31.82809066772461,
      "RotZ": 352.8865051269531,
      "PropID": 100,
      "IsOverrideInitLevelGraph": true,
      "ValueSource": {},
      "Trigger": {
        "Radius": 35.0,
        "DimX": 1.0,
        "DimY": 1.0,
        "DimZ": 1.0,
        "PointList": []
      },
      "CampID": 4,
      "CustomTriggerMap": {},
      "CustomTriggerMapV2": {},
      "DialogueGroups": [],
      "TalkDialogGroupIDList": [],
      "ServerInteractVerificationIDList": []
    }
  ],
  "DistrictList": [],
  "WaypointList": [],
  "PathwayList": [],
  "BattleAreaList": [],
  "NPCList": [],
  "CrowdList": [],
  "PedestrianList": [],
  "SmartObjectList": []
}