{
  "$type": "RPG.GameCore.RtLevelGroupInfo",
  "GroupName": "MainMission1040506_07",
  "Category": "Mission",
  "LevelGraph": "Config/Level/GroupGraph/F41441001/Group_F41441001_G9.json",
  "AreaAnchorName": "LevelArea_P41441_F41441001_G9",
  "SaveType": "Reset",
  "OwnerMainMissionID": 1040506,
  "ValueSource": {},
  "ConflictIDList": [],
  "IsHoyoGroup": true,
  "StreamingTemplateType": "None",
  "ConflictWhiteList": [],
  "AnchorList": [],
  "MonsterList": [],
  "PropList": [
    {
      "ID": 300001,
      "PosX": -90.4000015258789,
      "PosY": 0.034147001802921295,
      "PosZ": 150.60000610351562,
      "IsDelete": true,
      "Name": "Prop1",
      "RotY": 151.6529998779297,
      "PropID": 104169,
      "ValueSource": {},
      "CampID": 4,
      "CustomTriggerMap": {},
      "CustomTriggerMapV2": {},
      "StateConfigs": [],
      "DialogueGroups": [],
      "TalkDialogGroupIDList": [],
      "ServerInteractVerificationIDList": [],
      "DialogueTriggerSkipSpecifiedFakeAvatarList": [],
      "CameraCenterEntityList": [],
      "CameraConfig": {},
      "OverrideAdvEffectMap": {},
      "SpawnConfig": {
        "OverrideSpawn": true,
        "EntitySpawnConfig": {
          "NeedBlackIn": false,
          "NeedFadeIn": false,
          "NeedFadeOut": false
        }
      }
    }
  ],
  "DistrictList": [
    {
      "ID": 500001,
      "PosX": -73.22000122070312,
      "PosY": 0.034147001802921295,
      "PosZ": 118.72000122070312,
      "Name": "District1",
      "RotY": 151.6529998779297,
      "Trigger": {
        "Shape": "GeometryBox",
        "Radius": 1.0,
        "DimX": 110.06999969482422,
        "DimY": 8.609999656677246,
        "DimZ": 12.4399995803833
      },
      "DistrictType": "Level",
      "ValueSource": {}
    }
  ],
  "WaypointList": [
    {
      "ID": 1,
      "PosX": -71.99826049804688,
      "PosY": 0.03414300084114075,
      "PosZ": 119.81680297851562
    },
    {
      "ID": 2,
      "PosX": -70.6500015258789,
      "PosY": 0.03414300084114075,
      "PosZ": 117.94000244140625
    },
    {
      "ID": 3,
      "PosX": -73.239990234375,
      "PosY": 0.03414300084114075,
      "PosZ": 119.20999908447266
    },
    {
      "ID": 4,
      "PosX": -70.93998718261719,
      "PosY": 0.03414300084114075,
      "PosZ": 116.47000122070312
    }
  ],
  "PathwayList": [
    {
      "ID": 1,
      "PosX": -28.729999542236328,
      "PosY": 156.8903045654297,
      "PosZ": 50.15999984741211,
      "Name": "Pathway1",
      "WaypointIDList": [
        1,
        2
      ]
    },
    {
      "ID": 2,
      "PosX": -28.729999542236328,
      "PosY": 156.8903045654297,
      "PosZ": 50.15999984741211,
      "Name": "Pathway2",
      "WaypointIDList": [
        3,
        4
      ]
    }
  ],
  "BattleAreaList": [],
  "NPCList": [
    {
      "ID": 400001,
      "PosX": -72.33380126953125,
      "PosY": 0.03414300084114075,
      "PosZ": 120.60320281982422,
      "Name": "NPC1",
      "RotY": 150.16160583496094,
      "NPCID": 1002,
      "ValueSource": {},
      "DialogueGroups": [],
      "ServerInteractVerificationIDList": [],
      "BoardShowList": [
        8
      ],
      "TalkDialogGroupIDList": [],
      "DefaultIdleFreeStyleMotionID": 310020000,
      "AdditiveResidentEffect": [],
      "IsNeedFade": true,
      "InitialHiddenNodeList": [],
      "Dialog": {
        "LevelGraph": "Config/Level/NPCDialogue/P41441/F41441001_G9/DialogueMain_F41441001_G9_N400001.json",
        "PackList": []
      },
      "DialogueTriggerSkipSpecifiedFakeAvatarList": [],
      "OverrideReplaceMaterialKeyList": [],
      "CameraCenterEntityList": [],
      "CameraConfig": {},
      "SpawnConfig": {
        "OverrideSpawn": true,
        "EntitySpawnConfig": {
          "NeedBlackIn": false
        },
        "TryCapture": false
      },
      "TriggerValidGuest": {}
    },
    {
      "ID": 400002,
      "PosX": -73.68000030517578,
      "PosY": 0.03414300084114075,
      "PosZ": 119.6500015258789,
      "Name": "NPC2",
      "RotY": 126.22149658203125,
      "NPCID": 1991,
      "LoadOnInitial": false,
      "ValueSource": {},
      "DialogueGroups": [],
      "ServerInteractVerificationIDList": [],
      "BoardShowList": [
        8
      ],
      "TalkDialogGroupIDList": [],
      "DefaultIdleFreeStyleMotionID": 380010000,
      "AdditiveResidentEffect": [],
      "IsNeedFade": true,
      "InitialHiddenNodeList": [],
      "DialogueTriggerSkipSpecifiedFakeAvatarList": [],
      "OverrideReplaceMaterialKeyList": [],
      "CameraCenterEntityList": [],
      "CameraConfig": {},
      "SpawnConfig": {
        "OverrideSpawn": true,
        "EntitySpawnConfig": {
          "NeedBlackIn": false
        },
        "TryCapture": false
      },
      "TriggerValidGuest": {}
    },
    {
      "ID": 400003,
      "PosX": -73.68000030517578,
      "PosY": 0.03414300084114075,
      "PosZ": 119.6500015258789,
      "Name": "NPC3",
      "RotY": 126.22149658203125,
      "NPCID": 1992,
      "LoadOnInitial": false,
      "ValueSource": {},
      "DialogueGroups": [],
      "ServerInteractVerificationIDList": [],
      "BoardShowList": [
        8
      ],
      "TalkDialogGroupIDList": [],
      "DefaultIdleFreeStyleMotionID": 380020000,
      "AdditiveResidentEffect": [],
      "IsNeedFade": true,
      "InitialHiddenNodeList": [],
      "DialogueTriggerSkipSpecifiedFakeAvatarList": [],
      "OverrideReplaceMaterialKeyList": [],
      "CameraCenterEntityList": [],
      "CameraConfig": {},
      "SpawnConfig": {
        "OverrideSpawn": true,
        "EntitySpawnConfig": {
          "NeedBlackIn": false
        },
        "TryCapture": false
      },
      "TriggerValidGuest": {}
    }
  ],
  "CrowdList": [],
  "PedestrianList": [],
  "PedestrianV2List": [],
  "AudienceList": [],
  "SmartObjectList": [],
  "CurveList": [],
  "LittleGameList": []
}