{
  "$type": "RPG.GameCore.RtLevelGroupInfo",
  "GroupName": "MainMission6020101_",
  "Category": "Mission",
  "AreaAnchorName": "LevelArea_P10201_F10201002_G26",
  "SaveType": "Reset",
  "LoadCondition": {
    "Conditions": [
      {
        "Type": "SubMission",
        "ID": 602010118
      }
    ]
  },
  "UnloadCondition": {
    "Conditions": [
      {
        "Type": "SubMission",
        "Phase": "Finish",
        "ID": 602010118
      }
    ]
  },
  "OwnerMainMissionID": 6020101,
  "ConflictIDList": [],
  "AnchorList": [
    {
      "ID": 1,
      "PosX": 1.659999966621399,
      "PosY": 8.311790466308594,
      "PosZ": -28.350000381469727,
      "Name": "Anchor1",
      "RotY": 15.78007984161377,
      "Usage": "Camera"
    },
    {
      "ID": 2,
      "PosX": 2.3399999141693115,
      "PosY": 9.710000038146973,
      "PosZ": -29.719999313354492,
      "Name": "Anchor2",
      "RotY": 344.14801025390625,
      "Usage": "Camera"
    }
  ],
  "MonsterList": [],
  "PropList": [],
  "DistrictList": [],
  "WaypointList": [],
  "PathwayList": [],
  "BattleAreaList": [],
  "NPCList": [
    {
      "ID": 400001,
      "PosX": 2.0280001163482666,
      "PosY": 8.311790466308594,
      "PosZ": -27.111000061035156,
      "Name": "NPC1",
      "RotY": 204.08560180664062,
      "NPCID": 12251,
      "DialogueGroups": [],
      "ServerInteractVerificationIDList": [],
      "BoardShowList": [],
      "TalkDialogGroupIDList": [],
      "DefaultIdleFreeStyleMotionID": 100020000,
      "InitialHiddenNodeList": [],
      "Dialog": {
        "LevelGraph": "Config/Level/NPCDialogue/P10201/F10201002_G26/DialogueMain_F10201002_G26_N400001.json",
        "PackList": []
      }
    },
    {
      "ID": 400002,
      "PosX": 1.0390000343322754,
      "PosY": 8.291200637817383,
      "PosZ": -27.972999572753906,
      "Name": "NPC2",
      "RotY": 53.56098937988281,
      "NPCID": 1004,
      "LoadOnInitial": false,
      "DialogueGroups": [],
      "ServerInteractVerificationIDList": [],
      "BoardShowList": [],
      "TalkDialogGroupIDList": [],
      "DefaultIdleFreeStyleMotionID": 310040000,
      "InitialHiddenNodeList": []
    },
    {
      "ID": 400003,
      "PosX": 2.6410000324249268,
      "PosY": 8.291200637817383,
      "PosZ": -27.98200035095215,
      "Name": "NPC3",
      "RotY": 326.2685852050781,
      "NPCID": 1001,
      "LoadOnInitial": false,
      "DialogueGroups": [],
      "ServerInteractVerificationIDList": [],
      "BoardShowList": [],
      "TalkDialogGroupIDList": [],
      "DefaultIdleFreeStyleMotionID": 310010000,
      "InitialHiddenNodeList": []
    },
    {
      "ID": 400004,
      "PosX": -5.131373882293701,
      "PosY": 9.634540557861328,
      "PosZ": 13.901000022888184,
      "Name": "NPC4",
      "NPCID": 100,
      "DialogueGroups": [],
      "ServerInteractVerificationIDList": [],
      "BoardShowList": [],
      "TalkDialogGroupIDList": [],
      "OverrideSeriesID": 120201,
      "InitialHiddenNodeList": []
    }
  ],
  "CrowdList": [],
  "PedestrianList": [],
  "SmartObjectList": []
}