{
  "$type": "RPG.GameCore.RtLevelGroupInfo",
  "GroupName": "MainMission6020101_",
  "Category": "Mission",
  "AreaAnchorName": "LevelArea_P10202_F10202003_G7",
  "SaveType": "Reset",
  "LoadCondition": {
    "Conditions": [
      {
        "Type": "SubMission",
        "ID": 602010112
      }
    ]
  },
  "UnloadCondition": {
    "Conditions": [
      {
        "Type": "SubMission",
        "Phase": "Finish",
        "ID": 602010112
      }
    ],
    "DelayToLevelReload": true
  },
  "OwnerMainMissionID": 6020101,
  "ConflictIDList": [],
  "AnchorList": [
    {
      "ID": 1,
      "PosX": -1.8950070142745972,
      "PosY": 0.9059669971466064,
      "PosZ": 13.337209701538086,
      "Name": "Anchor1",
      "RotY": 24.231199264526367,
      "Usage": "Camera"
    },
    {
      "ID": 2,
      "PosX": -1.3389999866485596,
      "PosY": 2.3540000915527344,
      "PosZ": 11.769000053405762,
      "Name": "Anchor2",
      "RotY": 351.127197265625,
      "Usage": "Camera"
    },
    {
      "ID": 3,
      "PosX": -3.5280001163482666,
      "PosY": 2.374000072479248,
      "PosZ": 12.267999649047852,
      "Name": "Anchor3",
      "RotY": 46.65633010864258,
      "Usage": "Camera"
    }
  ],
  "MonsterList": [],
  "PropList": [
    {
      "ID": 300001,
      "PosX": -0.690883994102478,
      "PosY": 0.8999170064926147,
      "PosZ": 14.2158203125,
      "Name": "Prop1",
      "PropID": 100,
      "IsOverrideInitLevelGraph": true,
      "CampID": 4,
      "CustomTriggerMap": {},
      "DialogueGroups": [],
      "TalkDialogGroupIDList": [],
      "ServerInteractVerificationIDList": []
    }
  ],
  "DistrictList": [],
  "WaypointList": [],
  "PathwayList": [],
  "BattleAreaList": [],
  "NPCList": [
    {
      "ID": 400001,
      "PosX": -1.090000033378601,
      "PosY": 0.8999170064926147,
      "PosZ": 14.5600004196167,
      "Name": "NPC1",
      "RotY": 199.57859802246094,
      "NPCID": 1205,
      "LoadOnInitial": false,
      "DialogueGroups": [],
      "ServerInteractVerificationIDList": [],
      "BoardShowList": [],
      "TalkDialogGroupIDList": [],
      "DefaultIdleFreeStyleMotionID": 312040000,
      "InitialHiddenNodeList": [],
      "Dialog": {
        "LevelGraph": "Config/Level/NPCDialogue/P10202/F10202003_G7/DialogueMain_F10202003_G7_N400001.json",
        "PackList": []
      }
    },
    {
      "ID": 400002,
      "PosX": 0.3160000145435333,
      "PosY": 0.8999170064926147,
      "PosZ": 13.529999732971191,
      "IsDelete": true,
      "Name": "NPC2",
      "RotY": 328.71380615234375,
      "NPCID": 12244,
      "LoadOnInitial": false,
      "DialogueGroups": [],
      "ServerInteractVerificationIDList": [],
      "BoardShowList": [],
      "TalkDialogGroupIDList": [],
      "DefaultIdleFreeStyleMotionID": 100020303,
      "InitialHiddenNodeList": []
    },
    {
      "ID": 400003,
      "PosX": -1.0709999799728394,
      "PosY": 0.9059669971466064,
      "PosZ": 12.541999816894531,
      "Name": "NPC3",
      "RotY": 4.408491134643555,
      "NPCID": 1001,
      "LoadOnInitial": false,
      "DialogueGroups": [],
      "ServerInteractVerificationIDList": [],
      "BoardShowList": [],
      "TalkDialogGroupIDList": [],
      "DefaultIdleFreeStyleMotionID": 310010000,
      "InitialHiddenNodeList": []
    },
    {
      "ID": 400004,
      "PosX": -2.5880000591278076,
      "PosY": 0.9059669971466064,
      "PosZ": 13.90999984741211,
      "Name": "NPC4",
      "RotY": 81.9716796875,
      "NPCID": 1004,
      "LoadOnInitial": false,
      "DialogueGroups": [],
      "ServerInteractVerificationIDList": [],
      "BoardShowList": [],
      "TalkDialogGroupIDList": [],
      "DefaultIdleFreeStyleMotionID": 310040000,
      "InitialHiddenNodeList": []
    }
  ],
  "CrowdList": [],
  "PedestrianList": [],
  "SmartObjectList": []
}