{
  "$type": "RPG.GameCore.RtLevelGroupInfo",
  "GroupName": "MainMission1040102_MM5",
  "Category": "Mission",
  "LevelGraph": "Config/Level/GroupGraph/F40401002/Group_F40401002_G46.json",
  "AreaAnchorName": "LevelArea_P40401_F40401002_G46",
  "SaveType": "Reset",
  "OwnerMainMissionID": 1040102,
  "ValueSource": {},
  "ConflictIDList": [],
  "IsHoyoGroup": true,
  "ConflictWhiteList": [],
  "TagContainer": {
    "List": [
      {
        "Tag": "Group.Level.Gameplay",
        "TagHash": -141571921
      }
    ]
  },
  "AnchorList": [
    {
      "ID": 1,
      "PosX": 22.89999008178711,
      "PosY": -0.2040490061044693,
      "PosZ": -64.60997772216797,
      "Name": "Anchor1",
      "RotY": 71.90374755859375
    }
  ],
  "MonsterList": [],
  "PropList": [
    {
      "ID": 300001,
      "PosX": 15.369970321655273,
      "PosY": -0.2040490061044693,
      "PosZ": -67.2399673461914,
      "Name": "Prop1",
      "RotY": 84.93168640136719,
      "PropID": 100,
      "ValueSource": {},
      "CampID": 4,
      "CustomTriggerMap": {},
      "CustomTriggerMapV2": {
        "MissionTrigger": {
          "Shape": "Box",
          "Radius": 2.0,
          "DimX": 22.059999465942383,
          "DimY": 4.0,
          "DimZ": 4.0,
          "PointList": []
        }
      },
      "StateConfigs": [],
      "DialogueGroups": [],
      "TalkDialogGroupIDList": [],
      "ServerInteractVerificationIDList": [],
      "DialogueTriggerSkipSpecifiedFakeAvatarList": [],
      "CameraCenterEntityList": [],
      "SpawnConfig": {
        "EntitySpawnConfig": {}
      }
    }
  ],
  "DistrictList": [],
  "WaypointList": [
    {
      "ID": 1,
      "PosX": 68.87999725341797,
      "PosY": -0.20395399630069733,
      "PosZ": 1.0299999713897705
    },
    {
      "ID": 2,
      "PosX": 63.95000076293945,
      "PosY": -0.20395399630069733,
      "PosZ": 17.299999237060547
    },
    {
      "ID": 3,
      "PosX": 61.97999954223633,
      "PosY": -0.20395399630069733,
      "PosZ": 29.81999969482422
    }
  ],
  "PathwayList": [
    {
      "ID": 1,
      "PosX": 25.237720489501953,
      "PosY": -0.2040490061044693,
      "PosZ": -64.65474700927734,
      "Name": "Pathway1",
      "WaypointIDList": [
        1,
        2,
        3
      ]
    }
  ],
  "BattleAreaList": [],
  "NPCList": [
    {
      "ID": 400001,
      "PosX": 68.87999725341797,
      "PosY": -0.20395399630069733,
      "PosZ": -0.5199999809265137,
      "IsDelete": true,
      "Name": "NPC1",
      "RotY": 345.8598937988281,
      "NPCID": 4003,
      "ValueSource": {},
      "DialogueGroups": [],
      "ServerInteractVerificationIDList": [],
      "BoardShowList": [],
      "TalkDialogGroupIDList": [],
      "DefaultIdleFreeStyleMotionID": 900310000,
      "InitialHiddenNodeList": [],
      "DialogueTriggerSkipSpecifiedFakeAvatarList": [],
      "OverrideReplaceMaterialKeyList": [],
      "CameraCenterEntityList": [],
      "CameraConfig": {},
      "SpawnConfig": {
        "OverrideSpawn": true,
        "EntitySpawnConfig": {
          "NeedBlackIn": false
        }
      },
      "TriggerValidGuest": {}
    }
  ],
  "CrowdList": [],
  "PedestrianList": [],
  "PedestrianV2List": [],
  "AudienceList": [],
  "SmartObjectList": [],
  "CurveList": [],
  "LittleGameList": []
}