{
  "$type": "RPG.GameCore.RtLevelGroupInfo",
  "GroupName": "MainMission1040102_MM3",
  "Category": "Mission",
  "LevelGraph": "Config/Level/GroupGraph/F40401002/Group_F40401002_G45.json",
  "AreaAnchorName": "LevelArea_P40401_F40401002_G45",
  "SaveType": "Reset",
  "OwnerMainMissionID": 1040102,
  "ValueSource": {},
  "ConflictIDList": [],
  "IsHoyoGroup": true,
  "ConflictWhiteList": [],
  "TagContainer": {
    "List": [
      {
        "Tag": "Group.Level.Gameplay",
        "TagHash": -141571921
      }
    ]
  },
  "AnchorList": [
    {
      "ID": 1,
      "PosX": 67.56999969482422,
      "PosY": -0.20395700633525848,
      "PosZ": -16.420000076293945,
      "Name": "Anchor1",
      "RotY": 345.8598937988281
    }
  ],
  "MonsterList": [],
  "PropList": [
    {
      "ID": 300001,
      "PosX": 70.58000183105469,
      "PosY": -0.16613100469112396,
      "PosZ": -10.920000076293945,
      "Name": "Prop1",
      "RotY": 356.985107421875,
      "PropID": 100,
      "ValueSource": {},
      "CampID": 4,
      "CustomTriggerMap": {},
      "CustomTriggerMapV2": {
        "MissionTrigger": {
          "Shape": "Box",
          "Radius": 2.0,
          "DimX": 22.059999465942383,
          "DimY": 4.0,
          "DimZ": 4.0,
          "PointList": []
        }
      },
      "StateConfigs": [],
      "DialogueGroups": [],
      "TalkDialogGroupIDList": [],
      "ServerInteractVerificationIDList": [],
      "DialogueTriggerSkipSpecifiedFakeAvatarList": [],
      "CameraCenterEntityList": [],
      "CameraConfig": {},
      "SpawnConfig": {
        "EntitySpawnConfig": {}
      }
    }
  ],
  "DistrictList": [],
  "WaypointList": [
    {
      "ID": 1,
      "PosX": 65.13999938964844,
      "PosY": -0.20395100116729736,
      "PosZ": -43.54999923706055
    },
    {
      "ID": 2,
      "PosX": 68.697998046875,
      "PosY": -0.14499999582767487,
      "PosZ": -15.677000045776367
    }
  ],
  "PathwayList": [
    {
      "ID": 1,
      "PosX": 62.14274978637695,
      "PosY": -0.3868440091609955,
      "PosZ": -57.26100158691406,
      "Name": "Pathway1",
      "WaypointIDList": [
        1,
        2
      ]
    }
  ],
  "BattleAreaList": [],
  "NPCList": [
    {
      "ID": 400001,
      "PosX": 62.959999084472656,
      "PosY": -0.20394699275493622,
      "PosZ": -50.20000076293945,
      "IsDelete": true,
      "Name": "NPC1",
      "RotY": 337.56689453125,
      "NPCID": 4003,
      "ValueSource": {},
      "DialogueGroups": [],
      "ServerInteractVerificationIDList": [],
      "BoardShowList": [],
      "TalkDialogGroupIDList": [],
      "DefaultIdleFreeStyleMotionID": 900310000,
      "InitialHiddenNodeList": [],
      "DialogueTriggerSkipSpecifiedFakeAvatarList": [],
      "OverrideReplaceMaterialKeyList": [],
      "CameraCenterEntityList": [],
      "CameraConfig": {},
      "SpawnConfig": {
        "OverrideSpawn": true,
        "EntitySpawnConfig": {
          "NeedBlackIn": false
        },
        "CaptureDistanceTolerance": 15.0
      },
      "TriggerValidGuest": {}
    }
  ],
  "CrowdList": [],
  "PedestrianList": [],
  "PedestrianV2List": [],
  "AudienceList": [],
  "SmartObjectList": [],
  "CurveList": [],
  "LittleGameList": []
}