{
  "$type": "RPG.GameCore.RtLevelGroupInfo",
  "GroupName": "Contamination_Norm_OB02",
  "AreaAnchorName": "LevelArea_P20211_F20211001_G151",
  "LoadSide": "Server",
  "ConflictIDList": [],
  "AnchorList": [],
  "MonsterList": [],
  "PropList": [],
  "DistrictList": [],
  "WaypointList": [
    {
      "ID": 1,
      "PosX": -32.0860710144043,
      "PosY": 3.9299089908599854,
      "PosZ": -66.7300033569336
    },
    {
      "ID": 2,
      "PosX": -32.0860710144043,
      "PosY": 3.9299089908599854,
      "PosZ": -79.94000244140625
    }
  ],
  "PathwayList": [
    {
      "ID": 1,
      "PosX": -35.82283020019531,
      "PosY": 6.423243045806885,
      "PosZ": -77.37428283691406,
      "Name": "Pathway1",
      "WaypointIDList": [
        1,
        2
      ]
    }
  ],
  "BattleAreaList": [],
  "NPCList": [],
  "CrowdList": [],
  "PedestrianList": []
}