{
  "$type": "RPG.GameCore.RtLevelGroupInfo",
  "GroupName": "MainMission2020104_15",
  "Category": "Mission",
  "AreaAnchorName": "LevelArea_P20211_F20211001_G183",
  "SaveType": "Reset",
  "OwnerMainMissionID": 2020104,
  "ConflictIDList": [],
  "AnchorList": [
    {
      "ID": 1,
      "PosX": 12.350000381469727,
      "PosY": 2.2458159923553467,
      "PosZ": 67.66000366210938,
      "Name": "Anchor1",
      "RotY": 94.73222351074219
    },
    {
      "ID": 2,
      "PosX": 96.68800354003906,
      "PosY": 2.2308390140533447,
      "PosZ": 94.58100128173828,
      "Name": "Anchor2",
      "RotY": 330.75628662109375
    }
  ],
  "MonsterList": [],
  "PropList": [
    {
      "ID": 300001,
      "PosX": 97.30000305175781,
      "PosY": 2.230823040008545,
      "PosZ": 88.20999908447266,
      "Name": "Prop1",
      "PropID": 100,
      "IsOverrideInitLevelGraph": true,
      "Trigger": {
        "Shape": "Box",
        "Radius": 1.0,
        "DimX": 7.0,
        "DimY": 1.0,
        "DimZ": 7.0,
        "PointList": []
      },
      "CampID": 4,
      "CustomTriggerMap": {},
      "DialogueGroups": [],
      "TalkDialogGroupIDList": [],
      "ServerInteractVerificationIDList": []
    },
    {
      "ID": 300002,
      "PosX": 96.79000091552734,
      "PosY": 2.2308170795440674,
      "PosZ": 96.80999755859375,
      "Name": "Prop2",
      "PropID": 100,
      "IsOverrideInitLevelGraph": true,
      "Trigger": {
        "Radius": 3.0,
        "DimX": 7.0,
        "DimY": 1.0,
        "DimZ": 2.0,
        "PointList": []
      },
      "CampID": 4,
      "CustomTriggerMap": {},
      "DialogueGroups": [],
      "TalkDialogGroupIDList": [],
      "ServerInteractVerificationIDList": []
    }
  ],
  "DistrictList": [],
  "WaypointList": [],
  "PathwayList": [],
  "BattleAreaList": [],
  "NPCList": [
    {
      "ID": 400001,
      "PosX": 96.4729995727539,
      "PosY": 2.230846881866455,
      "PosZ": 98.8479995727539,
      "Name": "NPC1",
      "RotY": 190.88999938964844,
      "NPCID": 12254,
      "DialogueGroups": [],
      "ServerInteractVerificationIDList": [],
      "BoardShowList": [],
      "TalkDialogGroupIDList": [],
      "DefaultIdleFreeStyleMotionID": 100020000,
      "OverrideSeriesID": 4294967295,
      "InitialHiddenNodeList": []
    },
    {
      "ID": 400002,
      "PosX": 95.4209976196289,
      "PosY": 2.230858087539673,
      "PosZ": 97.08799743652344,
      "Name": "NPC2",
      "RotY": 26.149139404296875,
      "NPCID": 2204,
      "DialogueGroups": [],
      "ServerInteractVerificationIDList": [],
      "BoardShowList": [],
      "TalkDialogGroupIDList": [],
      "DefaultIdleFreeStyleMotionID": 200170000,
      "InitialHiddenNodeList": []
    },
    {
      "ID": 400003,
      "PosX": 97.7300033569336,
      "PosY": 2.230858087539673,
      "PosZ": 97.21199798583984,
      "Name": "NPC3",
      "RotY": 319.3223876953125,
      "NPCID": 2204,
      "DialogueGroups": [],
      "ServerInteractVerificationIDList": [],
      "BoardShowList": [],
      "TalkDialogGroupIDList": [],
      "DefaultIdleFreeStyleMotionID": 200170000,
      "InitialHiddenNodeList": []
    },
    {
      "ID": 400004,
      "PosX": 96.68800354003906,
      "PosY": 2.2308390140533447,
      "PosZ": 94.58100128173828,
      "Name": "NPC4",
      "RotY": 330.75628662109375,
      "NPCID": 1991,
      "LoadOnInitial": false,
      "DialogueGroups": [],
      "ServerInteractVerificationIDList": [],
      "BoardShowList": [],
      "TalkDialogGroupIDList": [],
      "DefaultIdleFreeStyleMotionID": 380010000,
      "InitialHiddenNodeList": []
    }
  ],
  "CrowdList": [],
  "PedestrianList": []
}