{
  "$type": "RPG.GameCore.RtLevelGroupInfo",
  "GroupName": "Investigative",
  "AreaAnchorName": "LevelArea_P20002_F20002001_G92",
  "SaveType": "Reset",
  "LoadCondition": {
    "Conditions": [
      {
        "Phase": "Finish",
        "ID": 1000401
      }
    ]
  },
  "AnchorList": [],
  "MonsterList": [],
  "PropList": [
    {
      "ID": 300002,
      "PosX": -68.69000244140625,
      "PosY": -3.1530020236968994,
      "PosZ": -76.72000122070312,
      "Name": "Prop2",
      "Scale": {
        "x": 0.38997599482536316,
        "y": 0.38997599482536316,
        "z": 0.38997599482536316
      },
      "PropID": 120,
      "IsOverrideInitLevelGraph": true,
      "Trigger": {
        "Shape": "Box",
        "Radius": 1.0,
        "DimX": 10.0,
        "DimY": 3.0,
        "DimZ": 12.0
      },
      "CampID": 4,
      "State": "Open",
      "CustomTriggerMap": {},
      "DialogueGroups": [],
      "TalkDialogGroupIDList": [
        500012301
      ],
      "TalkChosenType": "random",
      "ServerInteractVerificationIDList": []
    },
    {
      "ID": 300003,
      "PosX": -68.69001007080078,
      "PosY": 19.49703025817871,
      "PosZ": -76.38999938964844,
      "Name": "Prop3",
      "Scale": {
        "x": 0.38997599482536316,
        "y": 0.38997599482536316,
        "z": 0.38997599482536316
      },
      "PropID": 120,
      "IsOverrideInitLevelGraph": true,
      "Trigger": {
        "Shape": "Box",
        "Radius": 1.0,
        "DimX": 10.0,
        "DimY": 3.0,
        "DimZ": 12.0
      },
      "CampID": 4,
      "State": "Open",
      "CustomTriggerMap": {},
      "DialogueGroups": [],
      "TalkDialogGroupIDList": [
        500012301
      ],
      "TalkChosenType": "random",
      "ServerInteractVerificationIDList": []
    },
    {
      "ID": 300004,
      "PosX": -34.93000030517578,
      "PosY": 18.611230850219727,
      "PosZ": -76.37000274658203,
      "Name": "Prop4",
      "Scale": {
        "x": 0.38997599482536316,
        "y": 0.38997599482536316,
        "z": 0.38997599482536316
      },
      "PropID": 120,
      "IsOverrideInitLevelGraph": true,
      "Trigger": {
        "Shape": "Box",
        "Radius": 1.0,
        "DimX": 10.0,
        "DimY": 3.0,
        "DimZ": 12.0
      },
      "CampID": 4,
      "State": "Open",
      "CustomTriggerMap": {},
      "DialogueGroups": [],
      "TalkDialogGroupIDList": [
        500012301
      ],
      "TalkChosenType": "random",
      "ServerInteractVerificationIDList": []
    }
  ],
  "DistrictList": [],
  "WaypointList": [],
  "PathwayList": [],
  "BattleAreaList": [],
  "NPCList": [],
  "CrowdList": [],
  "PedestrianList": []
}