{
  "$type": "RPG.GameCore.RtLevelGroupInfo",
  "GroupName": "MainMission4040010_",
  "Category": "Mission",
  "AreaAnchorName": "LevelArea_P20002_F20002001_G65",
  "SaveType": "Reset",
  "LoadCondition": {
    "Conditions": [
      {
        "ID": 4040010
      }
    ]
  },
  "UnloadCondition": {
    "Conditions": [
      {
        "Phase": "Finish",
        "ID": 4040010
      }
    ]
  },
  "OwnerMainMissionID": 4040010,
  "ConflictIDList": [],
  "AnchorList": [
    {
      "ID": 1,
      "PosX": -24.14801025390625,
      "PosY": 18.857879638671875,
      "PosZ": -45.4640007019043,
      "Name": "Anchor1",
      "RotY": 153.70069885253906
    }
  ],
  "MonsterList": [],
  "PropList": [
    {
      "ID": 300001,
      "PosX": -24.1560001373291,
      "PosY": 19.03700065612793,
      "PosZ": -45.492000579833984,
      "Name": "Prop1",
      "RotY": 332.7713928222656,
      "Scale": {
        "x": 3.4891130924224854,
        "y": 0.5314900279045105,
        "z": 5.928202152252197
      },
      "PropID": 100,
      "LoadOnInitial": false,
      "IsOverrideInitLevelGraph": true,
      "Trigger": {
        "Shape": "Box",
        "Radius": 1.0,
        "DimX": 1.0,
        "DimY": 1.0,
        "DimZ": 1.0,
        "PointList": []
      },
      "CampID": 4,
      "CustomTriggerMap": {},
      "DialogueGroups": [],
      "TalkDialogGroupIDList": [],
      "ServerInteractVerificationIDList": []
    },
    {
      "ID": 300002,
      "PosX": 27.732999801635742,
      "PosY": 5.815000057220459,
      "PosZ": -28.85300064086914,
      "Name": "Prop2",
      "RotY": 320.534912109375,
      "Scale": {
        "x": 1.399999976158142,
        "y": 1.399999976158142,
        "z": 1.399999976158142
      },
      "PropID": 100,
      "LoadOnInitial": false,
      "IsOverrideInitLevelGraph": true,
      "Trigger": {
        "Radius": 1.600000023841858,
        "DimX": 1.0,
        "DimY": 1.0,
        "DimZ": 1.0,
        "PointList": []
      },
      "CampID": 4,
      "CustomTriggerMap": {},
      "DialogueGroups": [],
      "TalkDialogGroupIDList": [],
      "ServerInteractVerificationIDList": []
    },
    {
      "ID": 300004,
      "PosX": -24.1560001373291,
      "PosY": 19.03700065612793,
      "PosZ": -45.492000579833984,
      "Name": "Prop4",
      "RotY": 332.7713928222656,
      "Scale": {
        "x": 3.4891130924224854,
        "y": 0.5314900279045105,
        "z": 5.928202152252197
      },
      "PropID": 100,
      "LoadOnInitial": false,
      "IsOverrideInitLevelGraph": true,
      "Trigger": {
        "Shape": "Box",
        "Radius": 1.0,
        "DimX": 1.0,
        "DimY": 1.0,
        "DimZ": 1.0,
        "PointList": []
      },
      "CampID": 4,
      "CustomTriggerMap": {},
      "DialogueGroups": [],
      "TalkDialogGroupIDList": [],
      "ServerInteractVerificationIDList": []
    },
    {
      "ID": 300005,
      "PosX": -24.1560001373291,
      "PosY": 19.03700065612793,
      "PosZ": -45.492000579833984,
      "Name": "Prop5",
      "RotY": 332.7713928222656,
      "Scale": {
        "x": 3.4891130924224854,
        "y": 0.5314900279045105,
        "z": 5.928202152252197
      },
      "PropID": 100,
      "LoadOnInitial": false,
      "IsOverrideInitLevelGraph": true,
      "Trigger": {
        "Shape": "Box",
        "Radius": 1.0,
        "DimX": 1.0,
        "DimY": 1.0,
        "DimZ": 1.0,
        "PointList": []
      },
      "CampID": 4,
      "CustomTriggerMap": {},
      "DialogueGroups": [],
      "TalkDialogGroupIDList": [],
      "ServerInteractVerificationIDList": []
    },
    {
      "ID": 300007,
      "PosX": 27.895000457763672,
      "PosY": 4.943999767303467,
      "PosZ": -29.479000091552734,
      "Name": "Prop7",
      "RotY": 344.3262023925781,
      "Scale": {
        "x": 1.399999976158142,
        "y": 1.399999976158142,
        "z": 1.399999976158142
      },
      "PropID": 100,
      "LoadOnInitial": false,
      "IsOverrideInitLevelGraph": true,
      "Trigger": {
        "Radius": 1.0,
        "DimX": 1.0,
        "DimY": 1.0,
        "DimZ": 1.0,
        "PointList": []
      },
      "CampID": 4,
      "OverrideHintRange": 20.0,
      "CustomTriggerMap": {},
      "DialogueGroups": [],
      "TalkDialogGroupIDList": [],
      "ServerInteractVerificationIDList": []
    },
    {
      "ID": 300008,
      "PosX": 27.732999801635742,
      "PosY": 5.815000057220459,
      "PosZ": -28.85300064086914,
      "Name": "Prop8",
      "RotY": 320.534912109375,
      "Scale": {
        "x": 1.399999976158142,
        "y": 1.399999976158142,
        "z": 1.399999976158142
      },
      "PropID": 100,
      "LoadOnInitial": false,
      "IsOverrideInitLevelGraph": true,
      "CampID": 4,
      "CustomTriggerMap": {},
      "DialogueGroups": [],
      "TalkDialogGroupIDList": [],
      "ServerInteractVerificationIDList": []
    },
    {
      "ID": 300006,
      "PosX": -23.961999893188477,
      "PosY": 18.770959854125977,
      "PosZ": -48.04800033569336,
      "Name": "Prop6",
      "RotY": 81.3436279296875,
      "PropID": 101030,
      "LoadOnInitial": false,
      "IsOverrideInitLevelGraph": true,
      "CampID": 4,
      "CustomTriggerMap": {},
      "DialogueGroups": [],
      "TalkDialogGroupIDList": [],
      "ServerInteractVerificationIDList": []
    },
    {
      "ID": 300009,
      "PosX": -23.961999893188477,
      "PosY": 19.020959854125977,
      "PosZ": -48.04800033569336,
      "Name": "Prop9",
      "PropID": 100,
      "LoadOnInitial": false,
      "IsOverrideInitLevelGraph": true,
      "Trigger": {
        "Radius": 1.0,
        "DimX": 1.0,
        "DimY": 1.0,
        "DimZ": 1.0,
        "PointList": []
      },
      "CampID": 4,
      "OverrideHintRange": 6.0,
      "CustomTriggerMap": {},
      "DialogueGroups": [],
      "TalkDialogGroupIDList": [],
      "ServerInteractVerificationIDList": []
    },
    {
      "ID": 300003,
      "PosX": -24.143009185791016,
      "PosY": 20.099000930786133,
      "PosZ": -45.51100158691406,
      "Name": "Prop3",
      "PropID": 100,
      "LoadOnInitial": false,
      "IsOverrideInitLevelGraph": true,
      "Trigger": {
        "Radius": 1.0,
        "DimX": 1.0,
        "DimY": 1.0,
        "DimZ": 1.0,
        "PointList": []
      },
      "CampID": 4,
      "OverrideHintRange": 5.0,
      "CustomTriggerMap": {},
      "DialogueGroups": [],
      "TalkDialogGroupIDList": [],
      "ServerInteractVerificationIDList": []
    }
  ],
  "DistrictList": [],
  "WaypointList": [],
  "PathwayList": [],
  "BattleAreaList": [],
  "NPCList": [],
  "CrowdList": [],
  "PedestrianList": []
}