{
  "$type": "RPG.GameCore.RtLevelGroupInfo",
  "GroupName": "MainMission8002102_1",
  "Category": "Mission",
  "LevelGraph": "Config/Level/GroupGraph/F20002001/Group_F20002001_G119.json",
  "AreaAnchorName": "LevelArea_P20002_F20002001_G119",
  "SaveType": "Reset",
  "IsPendedUnload": true,
  "OwnerMainMissionID": 8002102,
  "ValueSource": {},
  "ConflictIDList": [],
  "IsHoyoGroup": true,
  "ConflictWhiteList": [],
  "AnchorList": [
    {
      "ID": 1,
      "PosX": 1.1299999952316284,
      "PosY": 18.61001968383789,
      "PosZ": -109.22000122070312,
      "Name": "Anchor1",
      "RotY": 186.91969299316406,
      "Usage": "Actor"
    },
    {
      "ID": 2,
      "PosX": 57.428001403808594,
      "PosY": 3.4382998943328857,
      "PosZ": -120.05400085449219,
      "Name": "Anchor2",
      "RotY": 62.000370025634766,
      "Usage": "Actor"
    },
    {
      "ID": 3,
      "PosX": 57.599998474121094,
      "PosY": 4.619999885559082,
      "PosZ": -123.0,
      "Name": "Anchor3",
      "RotY": 11.3100004196167,
      "Usage": "Camera",
      "CustomParameter": {
        "$type": "RPG.GameCore.LevelAnchorCameraParameter",
        "fov": 35.0
      }
    }
  ],
  "MonsterList": [],
  "PropList": [
    {
      "ID": 300001,
      "PosX": 58.8390007019043,
      "PosY": 3.4382998943328857,
      "PosZ": -118.87300109863281,
      "Name": "Prop1",
      "RotY": 286.4186096191406,
      "PropID": 100,
      "LoadOnInitial": false,
      "IsOverrideInitLevelGraph": true,
      "InitLevelGraph": "Config/Level/LevelInstanceGraph/F20002001/LG_Prop_F20002001_G119_300001.json",
      "ValueSource": {},
      "Trigger": {
        "Radius": 25.0,
        "DimX": 1.0,
        "DimY": 1.0,
        "DimZ": 1.0,
        "PointList": []
      },
      "CampID": 4,
      "CustomTriggerMap": {},
      "CustomTriggerMapV2": {},
      "DialogueGroups": [],
      "TalkDialogGroupIDList": [],
      "ServerInteractVerificationIDList": []
    },
    {
      "ID": 300002,
      "PosX": 58.8390007019043,
      "PosY": 3.4382998943328857,
      "PosZ": -118.87300109863281,
      "Name": "Prop2",
      "RotY": 286.4186096191406,
      "PropID": 100,
      "IsOverrideInitLevelGraph": true,
      "InitLevelGraph": "Config/Level/LevelInstanceGraph/F20002001/LG_Prop_F20002001_G119_300002.json",
      "ValueSource": {},
      "Trigger": {
        "Radius": 25.0,
        "DimX": 1.0,
        "DimY": 1.0,
        "DimZ": 1.0,
        "PointList": []
      },
      "CampID": 4,
      "CustomTriggerMap": {},
      "CustomTriggerMapV2": {},
      "DialogueGroups": [],
      "TalkDialogGroupIDList": [],
      "ServerInteractVerificationIDList": []
    }
  ],
  "DistrictList": [],
  "WaypointList": [],
  "PathwayList": [],
  "BattleAreaList": [],
  "NPCList": [
    {
      "ID": 400001,
      "PosX": 58.95199966430664,
      "PosY": 3.4382998943328857,
      "PosZ": -119.60800170898438,
      "Name": "NPC1",
      "RotY": 256.93218994140625,
      "NPCID": 1013,
      "LoadOnInitial": false,
      "ValueSource": {},
      "DialogueGroups": [
        500002105
      ],
      "ServerInteractVerificationIDList": [],
      "DefaultLookAtMode": "Closed",
      "BoardShowList": [],
      "TalkDialogGroupIDList": [],
      "DefaultIdleFreeStyleMotionID": 310130246,
      "OverrideSeriesID": 4294967295,
      "InitialHiddenNodeList": [],
      "SpawnConfig": {
        "EntitySpawnConfig": {},
        "CaptureDistanceTolerance": 10.0
      }
    },
    {
      "ID": 400002,
      "PosX": 59.40999984741211,
      "PosY": 3.4382998943328857,
      "PosZ": -119.04199981689453,
      "Name": "NPC2",
      "RotY": 252.39019775390625,
      "NPCID": 1013,
      "LoadOnInitial": false,
      "ValueSource": {},
      "DialogueGroups": [
        500002105
      ],
      "ServerInteractVerificationIDList": [],
      "DefaultLookAtMode": "Closed",
      "BoardShowList": [],
      "TalkDialogGroupIDList": [],
      "DefaultIdleFreeStyleMotionID": 310130231,
      "OverrideSeriesID": 4294967295,
      "InitialHiddenNodeList": [],
      "SpawnConfig": {
        "EntitySpawnConfig": {},
        "CaptureDistanceTolerance": 10.0
      }
    }
  ],
  "CrowdList": [],
  "PedestrianList": [],
  "SmartObjectList": []
}