{
  "$type": "RPG.GameCore.RtLevelGroupInfo",
  "GroupName": "MainMission2011101_",
  "Category": "Mission",
  "AreaAnchorName": "LevelArea_P20131_F20131001_G26",
  "LoadCondition": {
    "Conditions": [
      {
        "Type": "SubMission",
        "ID": 201110104
      }
    ]
  },
  "UnloadCondition": {
    "Conditions": [
      {
        "Type": "SubMission",
        "Phase": "Finish",
        "ID": 201110104
      }
    ]
  },
  "LoadSide": "Server",
  "OwnerMainMissionID": 2011101,
  "ConflictIDList": [],
  "AnchorList": [
    {
      "ID": 1,
      "PosX": 6.690000057220459,
      "PosY": -2.2899999618530273,
      "PosZ": -62.86000061035156,
      "Name": "Anchor1"
    }
  ],
  "MonsterList": [
    {
      "ID": 200001,
      "PosX": 12.9399995803833,
      "PosY": -2.500072956085205,
      "PosZ": -66.30000305175781,
      "Name": "Monster1",
      "NPCMonsterID": 1012030,
      "AIConfig": {
        "PathwayList": [
          {
            "UseGroup": 26,
            "UseID": 1,
            "StartAt": 1
          }
        ],
        "SlaveConfigList": []
      },
      "CampID": 3,
      "BattleArea": {
        "GroupID": 2,
        "ID": 1
      },
      "EventID": 20131201,
      "BoardShowList": [
        2
      ]
    }
  ],
  "PropList": [
    {
      "ID": 300001,
      "PosX": 3.8499999046325684,
      "PosY": -3.000072956085205,
      "PosZ": -68.70999908447266,
      "Name": "Prop1",
      "RotY": 285.1745910644531,
      "PropID": 100,
      "IsOverrideInitLevelGraph": true,
      "Trigger": {
        "Shape": "Box",
        "Radius": 1.0,
        "DimX": 15.0,
        "DimY": 8.0,
        "DimZ": 15.0,
        "PointList": []
      },
      "CustomTriggerMap": {},
      "DialogueTriggerAngle": 0,
      "DialogueGroups": [],
      "TalkDialogGroupIDList": [],
      "ServerInteractVerificationIDList": []
    }
  ],
  "DistrictList": [],
  "WaypointList": [
    {
      "ID": 1,
      "PosX": 14.979999542236328,
      "PosY": -3.0000720024108887,
      "PosZ": -65.73999786376953
    },
    {
      "ID": 2,
      "PosX": 6.699999809265137,
      "PosY": -3.000075101852417,
      "PosZ": -65.63999938964844
    },
    {
      "ID": 3,
      "PosX": 4.460000038146973,
      "PosY": -3.000075101852417,
      "PosZ": -62.38999938964844
    },
    {
      "ID": 4,
      "PosX": 11.850000381469727,
      "PosY": -3.0000720024108887,
      "PosZ": -66.8499984741211
    }
  ],
  "PathwayList": [
    {
      "ID": 1,
      "Name": "Pathway1",
      "WaypointIDList": [
        1,
        2,
        3,
        4
      ]
    }
  ],
  "BattleAreaList": [],
  "NPCList": [],
  "CrowdList": [],
  "PedestrianList": []
}