{
  "$type": "RPG.GameCore.RtLevelGroupInfo",
  "GroupName": "MainMission",
  "AreaAnchorName": "LevelArea_P10101_F10101007_G10",
  "LoadOnInitial": true,
  "AnchorList": [
    {
      "ID": 1,
      "PosX": 1.6799999475479126,
      "PosY": -9.999999974752427e-7,
      "PosZ": 5.349999904632568,
      "Name": "Anchor1",
      "RotY": 30.0
    },
    {
      "ID": 2,
      "PosX": 0.8999999761581421,
      "PosY": -9.999999974752427e-7,
      "PosZ": 6.179999828338623,
      "Name": "Anchor2",
      "RotY": 90.0
    },
    {
      "ID": 3,
      "PosX": 4.741000175476074,
      "PosY": -9.999999974752427e-7,
      "PosZ": 6.7870001792907715,
      "Name": "Anchor3",
      "RotY": 300.0
    },
    {
      "ID": 4,
      "PosX": 2.7320001125335693,
      "PosY": -9.999999974752427e-7,
      "PosZ": 7.607999801635742,
      "Name": "Anchor4",
      "RotY": 140.0
    }
  ],
  "MonsterList": [],
  "PropList": [],
  "WaypointList": [],
  "PathwayList": [],
  "BattleAreaList": [],
  "NPCList": []
}