{
  "$type": "RPG.GameCore.RtLevelGroupInfo",
  "GroupName": "MainMission1030302_02",
  "Category": "Mission",
  "LevelGraph": "Config/Level/GroupGraph/F10301001/Group_F10301001_G72.json",
  "AreaAnchorName": "LevelArea_P10301_F10301001_G72",
  "SaveType": "Reset",
  "OwnerMainMissionID": 1030302,
  "ValueSource": {},
  "ConflictIDList": [],
  "IsHoyoGroup": true,
  "StreamingTemplateType": "None",
  "ConflictWhiteList": [],
  "TagContainer": {},
  "AnchorList": [
    {
      "ID": 1,
      "PosX": 132.8800048828125,
      "PosY": -7.134280204772949,
      "PosZ": 148.32000732421875,
      "Name": "Anchor1"
    }
  ],
  "MonsterList": [],
  "PropList": [
    {
      "ID": 300001,
      "PosX": 132.74000549316406,
      "PosY": -7.134282112121582,
      "PosZ": 147.6999969482422,
      "Name": "Prop1",
      "PropID": 100,
      "IsOverrideInitLevelGraph": true,
      "ValueSource": {},
      "Trigger": {
        "Radius": 3.0,
        "DimX": 1.0,
        "DimY": 1.0,
        "DimZ": 1.0,
        "PointList": []
      },
      "CampID": 4,
      "CustomTriggerMap": {},
      "CustomTriggerMapV2": {},
      "DialogueGroups": [],
      "TalkDialogGroupIDList": [],
      "ServerInteractVerificationIDList": [],
      "TriggerValidGuest": {},
      "CameraCenterEntityList": []
    }
  ],
  "DistrictList": [],
  "WaypointList": [
    {
      "ID": 1,
      "PosX": 179.77000427246094,
      "PosY": -4.903697967529297,
      "PosZ": 152.0
    },
    {
      "ID": 2,
      "PosX": 164.66000366210938,
      "PosY": -4.903698921203613,
      "PosZ": 148.72999572753906
    },
    {
      "ID": 3,
      "PosX": 155.52000427246094,
      "PosY": -6.686595916748047,
      "PosZ": 148.19000244140625
    },
    {
      "ID": 4,
      "PosX": 133.3800048828125,
      "PosY": -7.134281158447266,
      "PosZ": 148.30999755859375
    }
  ],
  "PathwayList": [
    {
      "ID": 1,
      "PosX": 135.83709716796875,
      "PosY": -7.134277820587158,
      "PosZ": 152.6280975341797,
      "Name": "Pathway1",
      "WaypointIDList": [
        1,
        2,
        3,
        4
      ]
    }
  ],
  "BattleAreaList": [],
  "NPCList": [
    {
      "ID": 400001,
      "PosX": 179.77000427246094,
      "PosY": -4.903697967529297,
      "PosZ": 152.0,
      "Name": "NPC1",
      "RotY": 267.5028991699219,
      "NPCID": 1310,
      "ValueSource": {},
      "DialogueGroups": [],
      "ServerInteractVerificationIDList": [],
      "BoardShowList": [],
      "TalkDialogGroupIDList": [],
      "DefaultIdleFreeStyleMotionID": 313100000,
      "InitialHiddenNodeList": [],
      "CameraCenterEntityList": [],
      "SpawnConfig": {
        "EntitySpawnConfig": {}
      },
      "TriggerValidGuest": {}
    }
  ],
  "CrowdList": [],
  "PedestrianList": [],
  "SmartObjectList": []
}