{
  "$type": "RPG.GameCore.RtLevelGroupInfo",
  "GroupName": "MainMission1031001_0",
  "Category": "Mission",
  "AreaAnchorName": "LevelArea_P10301_F10301001_G168",
  "SaveType": "Reset",
  "OwnerMainMissionID": 1031001,
  "ValueSource": {},
  "ConflictIDList": [],
  "IsHoyoGroup": true,
  "ConflictWhiteList": [],
  "TagContainer": {},
  "AnchorList": [
    {
      "ID": 1,
      "PosX": 0.009999999776482582,
      "PosY": -22.212820053100586,
      "PosZ": 205.64999389648438,
      "Name": "Anchor1",
      "RotY": 8.536168098449707
    },
    {
      "ID": 2,
      "PosX": 126.9800033569336,
      "PosY": -4.456254959106445,
      "PosZ": 68.62200164794922,
      "Name": "Anchor2"
    },
    {
      "ID": 3,
      "PosX": -0.09200000017881393,
      "PosY": -18.658000946044922,
      "PosZ": 211.96499633789062,
      "Name": "Anchor3"
    },
    {
      "ID": 4,
      "PosX": 1.0490000247955322,
      "PosY": -13.960000038146973,
      "PosZ": 258.69000244140625,
      "Name": "Anchor4"
    }
  ],
  "MonsterList": [],
  "PropList": [
    {
      "ID": 300001,
      "PosX": -19.889999389648438,
      "PosY": -16.881000518798828,
      "PosZ": 230.36000061035156,
      "Name": "Prop1",
      "PropID": 111,
      "LoadOnInitial": false,
      "ValueSource": {},
      "CampID": 4,
      "CustomTriggerMap": {},
      "CustomTriggerMapV2": {},
      "DialogueGroups": [],
      "TalkDialogGroupIDList": [],
      "ServerInteractVerificationIDList": [],
      "TriggerValidGuest": {},
      "CameraCenterEntityList": [],
      "SpawnConfig": {
        "EntitySpawnConfig": {}
      }
    }
  ],
  "DistrictList": [
    {
      "ID": 1,
      "PosX": -19.959999084472656,
      "PosY": -16.881000518798828,
      "PosZ": 230.33999633789062,
      "Name": "District1",
      "Trigger": {
        "Radius": 2.5,
        "DimX": 1.0,
        "DimY": 1.0,
        "DimZ": 1.0,
        "PointList": []
      },
      "DistrictType": "Level",
      "ValueSource": {}
    }
  ],
  "WaypointList": [],
  "PathwayList": [],
  "BattleAreaList": [],
  "NPCList": [
    {
      "ID": 400001,
      "PosX": 6.510000228881836,
      "PosY": -22.212839126586914,
      "PosZ": 208.75999450683594,
      "Name": "NPC1",
      "RotY": 296.85198974609375,
      "NPCID": 1003,
      "ValueSource": {},
      "DialogueGroups": [],
      "ServerInteractVerificationIDList": [],
      "DefaultLookAtMode": "LookTarget",
      "DefaultLookAtTargetInfo": {
        "GroupID": 168,
        "InstanceID": 3
      },
      "BoardShowList": [],
      "TalkDialogGroupIDList": [],
      "DefaultIdleFreeStyleMotionID": 310030000,
      "InitialHiddenNodeList": [],
      "Dialog": {
        "LevelGraph": "Config/Level/NPCDialogue/P10301/F10301001_G168/DialogueMain_F10301001_G168_N400001.json",
        "PackList": []
      },
      "CameraCenterEntityList": [],
      "SpawnConfig": {
        "EntitySpawnConfig": {}
      },
      "TriggerValidGuest": {}
    },
    {
      "ID": 400002,
      "PosX": 0.9300000071525574,
      "PosY": -16.86495018005371,
      "PosZ": 251.27999877929688,
      "Name": "NPC2",
      "RotY": 1.0292329788208008,
      "NPCID": 1001,
      "ValueSource": {},
      "DialogueGroups": [],
      "ServerInteractVerificationIDList": [],
      "DefaultLookAtMode": "LookTarget",
      "DefaultLookAtTargetInfo": {
        "GroupID": 168,
        "InstanceID": 4
      },
      "BoardShowList": [],
      "TalkDialogGroupIDList": [],
      "DefaultIdleFreeStyleMotionID": 310010000,
      "InitialHiddenNodeList": [],
      "Dialog": {
        "LevelGraph": "Config/Level/NPCDialogue/P10301/F10301001_G168/DialogueMain_F10301001_G168_N400002.json",
        "PackList": []
      },
      "CameraCenterEntityList": [],
      "SpawnConfig": {
        "EntitySpawnConfig": {}
      },
      "TriggerValidGuest": {}
    },
    {
      "ID": 400003,
      "PosX": 11.75,
      "PosY": -22.212839126586914,
      "PosZ": 219.7899932861328,
      "Name": "NPC3",
      "RotY": 231.6842041015625,
      "NPCID": 1004,
      "ValueSource": {},
      "DialogueGroups": [],
      "ServerInteractVerificationIDList": [],
      "BoardShowList": [],
      "TalkDialogGroupIDList": [],
      "DefaultIdleFreeStyleMotionID": 310040222,
      "InitialHiddenNodeList": [],
      "Dialog": {
        "LevelGraph": "Config/Level/NPCDialogue/P10301/F10301001_G168/DialogueMain_F10301001_G168_N400003.json",
        "PackList": []
      },
      "CameraCenterEntityList": [],
      "SpawnConfig": {
        "EntitySpawnConfig": {}
      },
      "TriggerValidGuest": {}
    }
  ],
  "CrowdList": [],
  "PedestrianList": [],
  "SmartObjectList": []
}