{
  "$type": "RPG.GameCore.RtLevelGroupInfo",
  "GroupName": "MainMission2010201_19",
  "Category": "Mission",
  "AreaAnchorName": "LevelArea_P10101_F10101009_G31",
  "SaveType": "Reset",
  "LoadCondition": {
    "Conditions": [
      {
        "Type": "SubMission",
        "ID": 201020119
      }
    ]
  },
  "UnloadCondition": {
    "Conditions": [
      {
        "Type": "SubMission",
        "Phase": "Finish",
        "ID": 201020119
      }
    ]
  },
  "OwnerMainMissionID": 2010201,
  "ConflictIDList": [],
  "AnchorList": [
    {
      "ID": 1,
      "PosX": 13.187000274658203,
      "PosY": 0.6700350046157837,
      "PosZ": 5.916143894195557,
      "Name": "Anchor1"
    },
    {
      "ID": 2,
      "PosX": 4.5620012283325195,
      "PosY": 0.6700279712677002,
      "PosZ": 20.30500030517578,
      "Name": "Anchor2",
      "RotY": 307.2699890136719
    }
  ],
  "MonsterList": [],
  "PropList": [
    {
      "ID": 300001,
      "PosX": 10.470780372619629,
      "PosY": 0.6700329780578613,
      "PosZ": 9.356552124023438,
      "Name": "Prop1",
      "PropID": 100,
      "IsOverrideInitLevelGraph": true,
      "Trigger": {
        "Radius": 1.0,
        "DimX": 1.0,
        "DimY": 1.0,
        "DimZ": 1.0,
        "PointList": []
      },
      "CampID": 4,
      "CustomTriggerMap": {},
      "DialogueGroups": [],
      "TalkDialogGroupIDList": [],
      "ServerInteractVerificationIDList": []
    }
  ],
  "DistrictList": [],
  "WaypointList": [
    {
      "ID": 1,
      "PosX": 12.380999565124512,
      "PosY": 0.6700339913368225,
      "PosZ": 7.675000190734863
    },
    {
      "ID": 2,
      "PosX": 3.1316640377044678,
      "PosY": 0.6700299978256226,
      "PosZ": 13.420000076293945
    },
    {
      "ID": 3,
      "PosX": 3.0257909297943115,
      "PosY": 0.6700279712677002,
      "PosZ": 20.75
    }
  ],
  "PathwayList": [
    {
      "ID": 1,
      "PosX": 2.5739259719848633,
      "PosY": 0.6700279712677002,
      "PosZ": 19.499919891357422,
      "Name": "Pathway1",
      "WaypointIDList": [
        1,
        2,
        3
      ]
    }
  ],
  "BattleAreaList": [],
  "NPCList": [
    {
      "ID": 400001,
      "PosX": 12.380999565124512,
      "PosY": 0.6700339913368225,
      "PosZ": 7.675000190734863,
      "Name": "NPC1",
      "RotY": 317.67999267578125,
      "NPCID": 1112,
      "AIConfig": {
        "AIFile": "Config/ConfigAI/Adventure/MazeNPC_FollowPlayer_201020120.json",
        "PathwayList": [
          {
            "UseOwnerGroup": true,
            "UseGroup": 31,
            "UseID": 1
          }
        ],
        "SlaveConfigList": []
      },
      "DialogueGroups": [],
      "ServerInteractVerificationIDList": [],
      "BoardShowList": [],
      "TalkDialogGroupIDList": [],
      "DefaultIdleFreeStyleMotionID": 311120000,
      "InitialHiddenNodeList": []
    },
    {
      "ID": 400002,
      "PosX": 2.8369998931884766,
      "PosY": 0.6700279712677002,
      "PosZ": 22.034000396728516,
      "Name": "NPC2",
      "RotY": 269.3500061035156,
      "NPCID": 1112,
      "LoadOnInitial": false,
      "DialogueGroups": [],
      "ServerInteractVerificationIDList": [],
      "BoardShowList": [],
      "TalkDialogGroupIDList": [],
      "DefaultIdleFreeStyleMotionID": 311120000,
      "InitialHiddenNodeList": []
    },
    {
      "ID": 400003,
      "PosX": 3.758579969406128,
      "PosY": 0.6700279712677002,
      "PosZ": 19.579809188842773,
      "Name": "NPC3",
      "RotY": 340.70001220703125,
      "NPCID": 1001,
      "LoadOnInitial": false,
      "DialogueGroups": [],
      "ServerInteractVerificationIDList": [],
      "BoardShowList": [],
      "TalkDialogGroupIDList": [],
      "DefaultIdleFreeStyleMotionID": 310010000,
      "InitialHiddenNodeList": []
    }
  ],
  "CrowdList": [],
  "PedestrianList": []
}