{
  "$type": "RPG.GameCore.RtLevelGroupInfo",
  "GroupName": "MainMission2010201_20",
  "Category": "Mission",
  "AreaAnchorName": "LevelArea_P10101_F10101009_G32",
  "SaveType": "Reset",
  "LoadCondition": {
    "Conditions": [
      {
        "Type": "SubMission",
        "ID": 201020120
      }
    ]
  },
  "UnloadCondition": {
    "Conditions": [
      {
        "Type": "SubMission",
        "Phase": "Finish",
        "ID": 201020120
      }
    ]
  },
  "OwnerMainMissionID": 2010201,
  "ConflictIDList": [],
  "AnchorList": [
    {
      "ID": 1,
      "PosX": 7.682000160217285,
      "PosY": 0.6700209975242615,
      "PosZ": 47.16699981689453,
      "Name": "Anchor1",
      "RotY": 257.30999755859375
    }
  ],
  "MonsterList": [],
  "PropList": [
    {
      "ID": 300001,
      "PosX": 6.00600004196167,
      "PosY": 0.6700260043144226,
      "PosZ": 29.139999389648438,
      "Name": "Prop1",
      "PropID": 100,
      "IsOverrideInitLevelGraph": true,
      "Trigger": {
        "Radius": 1.0,
        "DimX": 1.0,
        "DimY": 1.0,
        "DimZ": 1.0,
        "PointList": []
      },
      "CampID": 4,
      "CustomTriggerMap": {},
      "DialogueGroups": [],
      "TalkDialogGroupIDList": [],
      "ServerInteractVerificationIDList": []
    }
  ],
  "DistrictList": [],
  "WaypointList": [
    {
      "ID": 1,
      "PosX": 4.5,
      "PosY": 0.6700270175933838,
      "PosZ": 25.969999313354492
    },
    {
      "ID": 2,
      "PosX": 10.388440132141113,
      "PosY": 0.6700239777565002,
      "PosZ": 38.18132019042969
    },
    {
      "ID": 3,
      "PosX": 10.058079719543457,
      "PosY": 0.6700220108032227,
      "PosZ": 47.23878860473633
    },
    {
      "ID": 4,
      "PosX": 5.05087423324585,
      "PosY": 0.6700209975242615,
      "PosZ": 47.07046890258789
    }
  ],
  "PathwayList": [
    {
      "ID": 1,
      "PosX": 3.5322580337524414,
      "PosY": 0.6700260043144226,
      "PosZ": 26.649429321289062,
      "Name": "Pathway1",
      "WaypointIDList": [
        1,
        2,
        3,
        4
      ]
    }
  ],
  "BattleAreaList": [],
  "NPCList": [
    {
      "ID": 400001,
      "PosX": 4.5,
      "PosY": 0.6700270175933838,
      "PosZ": 25.969999313354492,
      "Name": "NPC1",
      "RotY": 22.5,
      "NPCID": 1112,
      "AIConfig": {
        "AIFile": "Config/ConfigAI/Adventure/MazeNPC_FollowPlayer_201020120.json",
        "PathwayList": [
          {
            "UseOwnerGroup": true,
            "UseGroup": 32,
            "UseID": 1
          }
        ],
        "SlaveConfigList": []
      },
      "DialogueGroups": [],
      "ServerInteractVerificationIDList": [],
      "BoardShowList": [],
      "TalkDialogGroupIDList": [],
      "DefaultIdleFreeStyleMotionID": 311120000,
      "InitialHiddenNodeList": []
    },
    {
      "ID": 400002,
      "PosX": 5.881255149841309,
      "PosY": 0.6700209975242615,
      "PosZ": 47.376949310302734,
      "Name": "NPC2",
      "RotY": 221.39999389648438,
      "NPCID": 1112,
      "LoadOnInitial": false,
      "DialogueGroups": [],
      "ServerInteractVerificationIDList": [],
      "BoardShowList": [],
      "TalkDialogGroupIDList": [],
      "DefaultIdleFreeStyleMotionID": 311120000,
      "InitialHiddenNodeList": []
    },
    {
      "ID": 400003,
      "PosX": 7.742000102996826,
      "PosY": 0.6700209975242615,
      "PosZ": 45.99300003051758,
      "Name": "NPC3",
      "RotY": 299.0,
      "NPCID": 1001,
      "LoadOnInitial": false,
      "DialogueGroups": [],
      "ServerInteractVerificationIDList": [],
      "BoardShowList": [],
      "TalkDialogGroupIDList": [],
      "DefaultIdleFreeStyleMotionID": 310010000,
      "InitialHiddenNodeList": []
    }
  ],
  "CrowdList": [],
  "PedestrianList": []
}