{
  "AbilityList": [
    {
      "Name": "Monster_SW_Minion01_02_Skill01_Camera",
      "TargetInfo": {
        "TargetType": "SkillTargetEntityList"
      },
      "OnStart": [
        {
          "$type": "RPG.GameCore.VCameraConfigChange",
          "CameraConfig": {
            "NormalConfig": {
              "CameraState": "CasterToTargetPerform",
              "TemplateName": "Monster_Common_SoloRangeAttack",
              "IsLocalOffset": true,
              "AnchorOffset": {
                "x": -1.7999999523162842,
                "y": -0.4000000059604645,
                "z": 2.0
              },
              "AnchorRatio": 1.0,
              "AimOffset": {
                "x": 2.5,
                "y": 0.0,
                "z": 0.0
              },
              "AimRatio": 0.009999999776482582,
              "FollowDamp": 0.009999999776482582,
              "AimDamp": 0.009999999776482582,
              "Dutch": 2.0,
              "ForbidDynamicOffset": false
            },
            "AdditiveNormalConfig": {
              "AnchorOffset": {
                "x": 0.49000000953674316,
                "y": 0.33000001311302185,
                "z": -0.33000001311302185
              },
              "AimOffset": {
                "x": 0.8399999737739563,
                "y": 0.7300000190734863,
                "z": -5.210000038146973
              },
              "ResetToDefault": false
            },
            "BlendConfig": {
              "BlendType": "Cut"
            }
          }
        }
      ]
    }
  ]
}