{
  "$type": "RPG.GameCore.RtLevelGroupInfo",
  "GroupName": "DefaultData",
  "AreaAnchorName": "LevelArea_P40121_F40121002_G2",
  "SaveType": "Reset",
  "LoadOnInitial": true,
  "ConflictIDList": [],
  "AnchorList": [
    {
      "ID": 1,
      "PosX": 128.19000244140625,
      "PosY": 28.867900848388672,
      "PosZ": -112.7300033569336,
      "Name": "Anchor1"
    },
    {
      "ID": 2,
      "PosX": 125.94000244140625,
      "PosY": 28.670000076293945,
      "PosZ": -114.93000030517578,
      "Name": "Anchor2",
      "RotY": 93.7934799194336
    },
    {
      "ID": 3,
      "PosX": 117.1500015258789,
      "PosY": 28.390499114990234,
      "PosZ": -116.81999969482422,
      "Name": "Anchor3",
      "RotY": 86.75769805908203
    },
    {
      "ID": 4,
      "PosX": 118.51000213623047,
      "PosY": 28.389999389648438,
      "PosZ": -114.52999877929688,
      "Name": "Anchor4"
    }
  ],
  "MonsterList": [],
  "PropList": [],
  "DistrictList": [],
  "WaypointList": [],
  "PathwayList": [],
  "BattleAreaList": [
    {
      "ID": 1,
      "PosX": -318.239990234375,
      "PosZ": 126.08000183105469,
      "Name": "BattleArea1",
      "EnviroProfile": "Stages/Outputs/Chapter01/EnviroProfile/Chap01_CloseView_BAT_Area_M201_01_Night.enviroProfile.asset",
      "Tags": [
        "BattleArea01"
      ],
      "AudioEnterEvent": [],
      "PrefetchMainMissionList": [],
      "PrefetchSubMissionList": []
    }
  ],
  "NPCList": [],
  "CrowdList": [],
  "PedestrianList": [],
  "SmartObjectList": []
}