{
  "$type": "RPG.GameCore.RtLevelGroupInfo",
  "GroupName": "MainMission1040504_04",
  "Category": "Mission",
  "LevelGraph": "Config/Level/GroupGraph/F41442004/Group_F41442004_G25.json",
  "AreaAnchorName": "LevelArea_P41442_F41442004_G25",
  "SaveType": "Reset",
  "OwnerMainMissionID": 1040504,
  "ValueSource": {},
  "ConflictIDList": [],
  "IsHoyoGroup": true,
  "StreamingTemplateType": "None",
  "ConflictWhiteList": [],
  "AnchorList": [],
  "MonsterList": [],
  "PropList": [],
  "DistrictList": [
    {
      "ID": 500001,
      "PosX": 0.21995599567890167,
      "PosY": 82.05487823486328,
      "PosZ": 196.3699951171875,
      "Name": "District1",
      "Trigger": {
        "Shape": "GeometrySphere",
        "Radius": 15.960000038146973,
        "DimX": 1.0,
        "DimY": 1.0,
        "DimZ": 1.0
      },
      "DistrictType": "Level",
      "ValueSource": {}
    },
    {
      "ID": 500002,
      "PosX": 0.21995599567890167,
      "PosY": 82.05487823486328,
      "PosZ": 196.3699951171875,
      "Name": "District2",
      "Trigger": {
        "Shape": "GeometrySphere",
        "Radius": 5.699999809265137,
        "DimX": 1.0,
        "DimY": 1.0,
        "DimZ": 1.0
      },
      "DistrictType": "Level",
      "ValueSource": {}
    }
  ],
  "WaypointList": [
    {
      "ID": 1,
      "PosX": 0.20197799801826477,
      "PosY": 81.80690002441406,
      "PosZ": 176.2855987548828
    },
    {
      "ID": 2,
      "PosX": 0.052400000393390656,
      "PosY": 81.82537841796875,
      "PosZ": 193.34539794921875
    }
  ],
  "PathwayList": [
    {
      "ID": 1,
      "PosX": 0.976364016532898,
      "PosY": 89.92147064208984,
      "PosZ": 186.1134033203125,
      "Name": "Pathway1",
      "WaypointIDList": [
        1,
        2
      ]
    }
  ],
  "BattleAreaList": [],
  "NPCList": [
    {
      "ID": 400001,
      "PosX": -2.390000104904175,
      "PosY": 81.79113006591797,
      "PosZ": 179.6699981689453,
      "Name": "NPC1",
      "RotY": 21.03049087524414,
      "NPCID": 1408,
      "ValueSource": {},
      "DialogueGroups": [],
      "ServerInteractVerificationIDList": [],
      "BoardShowList": [
        8
      ],
      "TalkDialogGroupIDList": [],
      "DefaultIdleFreeStyleMotionID": 314080912,
      "AdditiveResidentEffect": [],
      "IsNeedFade": true,
      "InitialHiddenNodeList": [],
      "DialogueTriggerSkipSpecifiedFakeAvatarList": [],
      "OverrideReplaceMaterialKeyList": [
        "StoryNanookCyborgIllusion_Phainon_00"
      ],
      "CameraCenterEntityList": [],
      "CameraConfig": {},
      "SFXOnLoad": "Ev_sfx_npc_common_NanookCyborgIllusion_loop",
      "SpawnConfig": {
        "OverrideSpawn": true,
        "EntitySpawnConfig": {
          "NeedBlackIn": false
        },
        "TryCapture": false
      },
      "TriggerValidGuest": {}
    },
    {
      "ID": 400002,
      "PosX": 2.0199999809265137,
      "PosY": 81.79113006591797,
      "PosZ": 179.27999877929688,
      "Name": "NPC2",
      "RotY": 352.1643981933594,
      "NPCID": 1408,
      "ValueSource": {},
      "DialogueGroups": [],
      "ServerInteractVerificationIDList": [],
      "BoardShowList": [
        8
      ],
      "TalkDialogGroupIDList": [],
      "DefaultIdleFreeStyleMotionID": 314080916,
      "AdditiveResidentEffect": [],
      "IsNeedFade": true,
      "InitialHiddenNodeList": [],
      "DialogueTriggerSkipSpecifiedFakeAvatarList": [],
      "OverrideReplaceMaterialKeyList": [
        "StoryNanookCyborgIllusion_Phainon_00"
      ],
      "CameraCenterEntityList": [],
      "CameraConfig": {},
      "SFXOnLoad": "Ev_sfx_npc_common_NanookCyborgIllusion_loop",
      "SpawnConfig": {
        "OverrideSpawn": true,
        "EntitySpawnConfig": {
          "NeedBlackIn": false
        },
        "TryCapture": false
      },
      "TriggerValidGuest": {}
    },
    {
      "ID": 400003,
      "PosX": -2.0799999237060547,
      "PosY": 81.80841827392578,
      "PosZ": 186.1300048828125,
      "Name": "NPC3",
      "RotY": 8.167701721191406,
      "NPCID": 1408,
      "ValueSource": {},
      "DialogueGroups": [],
      "ServerInteractVerificationIDList": [],
      "BoardShowList": [
        8
      ],
      "TalkDialogGroupIDList": [],
      "DefaultIdleFreeStyleMotionID": 314080917,
      "AdditiveResidentEffect": [],
      "IsNeedFade": true,
      "InitialHiddenNodeList": [],
      "DialogueTriggerSkipSpecifiedFakeAvatarList": [],
      "OverrideReplaceMaterialKeyList": [
        "StoryNanookCyborgIllusion_Phainon_00"
      ],
      "CameraCenterEntityList": [],
      "CameraConfig": {},
      "SFXOnLoad": "Ev_sfx_npc_common_NanookCyborgIllusion_loop",
      "SpawnConfig": {
        "OverrideSpawn": true,
        "EntitySpawnConfig": {
          "NeedBlackIn": false
        },
        "TryCapture": false
      },
      "TriggerValidGuest": {}
    },
    {
      "ID": 400004,
      "PosX": 1.940000057220459,
      "PosY": 81.82906341552734,
      "PosZ": 184.94000244140625,
      "Name": "NPC4",
      "RotY": 76.64823913574219,
      "NPCID": 1408,
      "ValueSource": {},
      "DialogueGroups": [],
      "ServerInteractVerificationIDList": [],
      "BoardShowList": [
        8
      ],
      "TalkDialogGroupIDList": [],
      "DefaultIdleFreeStyleMotionID": 314080915,
      "AdditiveResidentEffect": [],
      "IsNeedFade": true,
      "InitialHiddenNodeList": [],
      "DialogueTriggerSkipSpecifiedFakeAvatarList": [],
      "OverrideReplaceMaterialKeyList": [
        "StoryNanookCyborgIllusion_Phainon_00"
      ],
      "CameraCenterEntityList": [],
      "CameraConfig": {},
      "SFXOnLoad": "Ev_sfx_npc_common_NanookCyborgIllusion_loop",
      "SpawnConfig": {
        "OverrideSpawn": true,
        "EntitySpawnConfig": {
          "NeedBlackIn": false
        },
        "TryCapture": false
      },
      "TriggerValidGuest": {}
    },
    {
      "ID": 400005,
      "PosX": -1.3899999856948853,
      "PosY": 81.80841064453125,
      "PosZ": 188.91000366210938,
      "Name": "NPC5",
      "RotY": 354.6174011230469,
      "NPCID": 1408,
      "ValueSource": {},
      "DialogueGroups": [],
      "ServerInteractVerificationIDList": [],
      "BoardShowList": [
        8
      ],
      "TalkDialogGroupIDList": [],
      "DefaultIdleFreeStyleMotionID": 314080914,
      "AdditiveResidentEffect": [],
      "IsNeedFade": true,
      "InitialHiddenNodeList": [],
      "DialogueTriggerSkipSpecifiedFakeAvatarList": [],
      "OverrideReplaceMaterialKeyList": [
        "StoryNanookCyborgIllusion_Phainon_00"
      ],
      "CameraCenterEntityList": [],
      "CameraConfig": {},
      "SFXOnLoad": "Ev_sfx_npc_common_NanookCyborgIllusion_loop",
      "SpawnConfig": {
        "OverrideSpawn": true,
        "EntitySpawnConfig": {
          "NeedBlackIn": false
        },
        "TryCapture": false
      },
      "TriggerValidGuest": {}
    },
    {
      "ID": 400006,
      "PosX": 1.9199999570846558,
      "PosY": 81.80841064453125,
      "PosZ": 187.83999633789062,
      "Name": "NPC6",
      "RotY": 336.1116027832031,
      "NPCID": 1408,
      "ValueSource": {},
      "DialogueGroups": [],
      "ServerInteractVerificationIDList": [],
      "BoardShowList": [
        8
      ],
      "TalkDialogGroupIDList": [],
      "DefaultIdleFreeStyleMotionID": 314080916,
      "AdditiveResidentEffect": [],
      "IsNeedFade": true,
      "InitialHiddenNodeList": [],
      "DialogueTriggerSkipSpecifiedFakeAvatarList": [],
      "OverrideReplaceMaterialKeyList": [
        "StoryNanookCyborgIllusion_Phainon_00"
      ],
      "CameraCenterEntityList": [],
      "CameraConfig": {},
      "SFXOnLoad": "Ev_sfx_npc_common_NanookCyborgIllusion_loop",
      "SpawnConfig": {
        "OverrideSpawn": true,
        "EntitySpawnConfig": {
          "NeedBlackIn": false
        },
        "TryCapture": false
      },
      "TriggerValidGuest": {}
    },
    {
      "ID": 400007,
      "PosX": -4.400000095367432,
      "PosY": 81.81968688964844,