{
  "$type": "RPG.GameCore.RtLevelGroupInfo",
  "GroupName": "MainMission2001002_08",
  "Category": "Mission",
  "LevelGraph": "Config/Level/GroupGraph/F43004001/Group_F43004001_G12.json",
  "AreaAnchorName": "LevelArea_P43004_F43004001_G12",
  "SaveType": "Reset",
  "OwnerMainMissionID": 2001002,
  "ValueSource": {},
  "ConflictIDList": [],
  "IsHoyoGroup": true,
  "ConflictWhiteList": [],
  "AnchorList": [],
  "MonsterList": [],
  "PropList": [],
  "DistrictList": [
    {
      "ID": 1,
      "PosX": 8.680046081542969,
      "PosY": 76.69328308105469,
      "PosZ": 157.2169952392578,
      "Name": "District1",
      "Trigger": {
        "Radius": 2.0,
        "DimX": 1.0,
        "DimY": 1.0,
        "DimZ": 1.0,
        "PointList": []
      },
      "DistrictType": "Level",
      "ValueSource": {}
    }
  ],
  "WaypointList": [
    {
      "ID": 1,
      "PosX": 8.57800006866455,
      "PosY": 76.7021484375,
      "PosZ": 164.81199645996094
    },
    {
      "ID": 2,
      "PosX": 8.678999900817871,
      "PosY": 76.70221710205078,
      "PosZ": 155.9759979248047
    },
    {
      "ID": 3,
      "PosX": 9.740999221801758,
      "PosY": 76.64382934570312,
      "PosZ": 152.9759979248047
    },
    {
      "ID": 4,
      "PosX": 11.642000198364258,
      "PosY": 76.6607666015625,
      "PosZ": 150.36700439453125
    }
  ],
  "PathwayList": [
    {
      "ID": 1,
      "PosX": 1.75804603099823,
      "PosY": 77.44377899169922,
      "PosZ": 164.38580322265625,
      "Name": "Pathway1",
      "WaypointIDList": [
        1,
        2,
        3,
        4
      ]
    }
  ],
  "BattleAreaList": [],
  "NPCList": [
    {
      "ID": 400001,
      "PosX": 8.57800006866455,
      "PosY": 76.7021484375,
      "PosZ": 164.81199645996094,
      "Name": "NPC1",
      "RotY": 354.1072998046875,
      "NPCID": 1306,
      "ValueSource": {},
      "DialogueGroups": [],
      "ServerInteractVerificationIDList": [],
      "BoardShowList": [],
      "TalkDialogGroupIDList": [],
      "DefaultIdleFreeStyleMotionID": 313030000,
      "InitialHiddenNodeList": [],
      "SpawnConfig": {
        "OverrideSpawn": true,
        "EntitySpawnConfig": {
          "NeedBlackIn": false,
          "NeedFadeIn": false,
          "NeedFadeOut": false
        }
      },
      "TriggerValidGuest": {}
    }
  ],
  "CrowdList": [],
  "PedestrianList": [],
  "SmartObjectList": []
}