{
  "$type": "RPG.GameCore.RtLevelGroupInfo",
  "GroupName": "MainMission2021902_New Group",
  "Category": "Mission",
  "LevelGraph": "Config/Level/GroupGraph/F40234001/Group_F40234001_G26.json",
  "AreaAnchorName": "LevelArea_P40234_F40234001_G26",
  "SaveType": "Reset",
  "OwnerMainMissionID": 2021902,
  "ValueSource": {},
  "ConflictIDList": [],
  "IsHoyoGroup": true,
  "ConflictWhiteList": [],
  "AnchorList": [
    {
      "ID": 1,
      "PosX": 98.90299987792969,
      "PosY": 4.888000011444092,
      "PosZ": -36.19499969482422,
      "Name": "Anchor1",
      "RotY": 291.0361022949219,
      "RotX": 10.060700416564941,
      "RotZ": 0.0015820000553503633,
      "Usage": "Camera",
      "CustomParameter": {
        "$type": "RPG.GameCore.LevelAnchorCameraParameter",
        "fov": 48.0
      }
    }
  ],
  "MonsterList": [],
  "PropList": [
    {
      "ID": 300002,
      "PosX": 18.233999252319336,
      "PosY": 1.6200000047683716,
      "PosZ": -81.00800323486328,
      "Name": "Prop2",
      "RotY": 16.518840789794922,
      "PropID": 100,
      "LoadOnInitial": false,
      "ValueSource": {},
      "CampID": 4,
      "CustomTriggerMap": {},
      "CustomTriggerMapV2": {
        "MissionTrigger": {
          "Shape": "Box",
          "DimX": 30.0,
          "DimY": 3.0,
          "DimZ": 2.0,
          "PointList": []
        }
      },
      "DialogueGroups": [],
      "TalkDialogGroupIDList": [],
      "ServerInteractVerificationIDList": [],
      "CameraCenterEntityList": [],
      "SpawnConfig": {
        "EntitySpawnConfig": {}
      }
    }
  ],
  "DistrictList": [],
  "WaypointList": [
    {
      "ID": 1,
      "PosX": 49.58000183105469,
      "PosY": 3.6700000762939453,
      "PosZ": -38.45000076293945
    },
    {
      "ID": 2,
      "PosX": 33.0,
      "PosY": 3.313999891281128,
      "PosZ": -48.97999954223633
    },
    {
      "ID": 3,
      "PosX": 21.979999542236328,
      "PosY": 0.009999999776482582,
      "PosZ": -83.77999877929688
    }
  ],
  "PathwayList": [
    {
      "ID": 1,
      "PosX": 35.45000076293945,
      "PosY": 3.1660590171813965,
      "PosZ": -49.79999923706055,
      "Name": "Pathway1",
      "WaypointIDList": [
        1,
        2,
        3
      ]
    }
  ],
  "BattleAreaList": [],
  "NPCList": [
    {
      "ID": 400001,
      "PosX": 50.58000183105469,
      "PosY": 3.8320000171661377,
      "PosZ": -37.099998474121094,
      "Name": "NPC1",
      "RotY": 180.0,
      "NPCID": 3129,
      "LoadOnInitial": false,
      "ValueSource": {},
      "DialogueGroups": [],
      "ServerInteractVerificationIDList": [],
      "BoardShowList": [],
      "TalkDialogGroupIDList": [],
      "DefaultIdleFreeStyleMotionID": 900240000,
      "InitialHiddenNodeList": [],
      "CameraCenterEntityList": [],
      "SpawnConfig": {
        "EntitySpawnConfig": {}
      },
      "TriggerValidGuest": {}
    },
    {
      "ID": 400009,
      "PosX": 22.73900032043457,
      "PosY": 0.5350000262260437,
      "PosZ": -85.77799987792969,
      "Name": "NPC9",
      "RotY": 101.91809844970703,
      "NPCID": 3133,
      "LoadOnInitial": false,
      "ValueSource": {},
      "DialogueGroups": [],
      "ServerInteractVerificationIDList": [],
      "BoardShowList": [],
      "TalkDialogGroupIDList": [],
      "DefaultIdleFreeStyleMotionID": 900240000,
      "InitialHiddenNodeList": [],
      "OverrideReplaceMaterialKeyList": [
        "StoryHoloGram_Common"
      ],
      "CameraCenterEntityList": [],
      "SpawnConfig": {
        "EntitySpawnConfig": {}
      },
      "TriggerValidGuest": {}
    },
    {
      "ID": 400010,
      "PosX": 20.082000732421875,
      "PosY": 0.019999999552965164,
      "PosZ": -86.28600311279297,
      "Name": "NPC10",
      "RotY": 110.1990966796875,
      "NPCID": 2202,
      "LoadOnInitial": false,
      "ValueSource": {},
      "DialogueGroups": [],
      "ServerInteractVerificationIDList": [],
      "BoardShowList": [],
      "TalkDialogGroupIDList": [],
      "DefaultIdleFreeStyleMotionID": 200160201,
      "InitialHiddenNodeList": [],
      "CameraCenterEntityList": [],
      "SpawnConfig": {
        "EntitySpawnConfig": {}
      },
      "TriggerValidGuest": {}
    },
    {
      "ID": 400002,
      "PosX": 96.4209976196289,
      "PosY": 3.8540000915527344,
      "PosZ": -36.058998107910156,
      "Name": "NPC2",
      "RotY": 273.86761474609375,
      "NPCID": 3133,
      "ValueSource": {},
      "StaticNPC": true,
      "DialogueGroups": [],
      "ServerInteractVerificationIDList": [],
      "BoardShowList": [],
      "TalkDialogGroupIDList": [],
      "DefaultIdleFreeStyleMotionID": 900240000,
      "InitialHiddenNodeList": [],
      "CameraCenterEntityList": [],
      "SpawnConfig": {
        "EntitySpawnConfig": {}
      },
      "TriggerValidGuest": {}
    },
    {
      "ID": 400003,
      "PosX": 97.88123321533203,
      "PosY": 3.741386890411377,
      "PosZ": -35.25075149536133,
      "Name": "NPC3",
      "RotY": 246.36410522460938,
      "NPCID": 1221,
      "ValueSource": {},
      "DialogueGroups": [],
      "ServerInteractVerificationIDList": [],
      "BoardShowList": [],
      "TalkDialogGroupIDList": [],
      "DefaultIdleFreeStyleMotionID": 312210000,
      "InitialHiddenNodeList": [],
      "CameraCenterEntityList": [],
      "SpawnConfig": {
        "EntitySpawnConfig": {}
      },
      "TriggerValidGuest": {}
    }
  ],
  "CrowdList": [],
  "PedestrianList": [],
  "AudienceList": [],
  "SmartObjectList": []
}