{
  "$type": "RPG.GameCore.RtLevelGroupInfo",
  "GroupName": "MainMission2021902_New Group",
  "Category": "Mission",
  "LevelGraph": "Config/Level/GroupGraph/F40234001/Group_F40234001_G23.json",
  "AreaAnchorName": "LevelArea_P40234_F40234001_G23",
  "SaveType": "Reset",
  "OwnerMainMissionID": 2021902,
  "ValueSource": {},
  "ConflictIDList": [],
  "IsHoyoGroup": true,
  "ConflictWhiteList": [],
  "AnchorList": [
    {
      "ID": 1,
      "PosX": 98.90299987792969,
      "PosY": 4.888000011444092,
      "PosZ": -36.19499969482422,
      "Name": "Anchor1",
      "RotY": 291.0361022949219,
      "RotX": 10.060700416564941,
      "RotZ": 0.0015820000553503633,
      "Usage": "Camera",
      "CustomParameter": {
        "$type": "RPG.GameCore.LevelAnchorCameraParameter",
        "fov": 48.0
      }
    }
  ],
  "MonsterList": [],
  "PropList": [
    {
      "ID": 300001,
      "PosX": 19.520000457763672,
      "PosY": 1.6200000047683716,
      "PosZ": -76.66000366210938,
      "Name": "Prop1",
      "RotY": 16.518840789794922,
      "PropID": 100,
      "LoadOnInitial": false,
      "ValueSource": {},
      "CampID": 4,
      "CustomTriggerMap": {},
      "CustomTriggerMapV2": {
        "MissionTrigger": {
          "Shape": "Box",
          "DimX": 30.0,
          "DimY": 3.0,
          "DimZ": 1.0,
          "PointList": []
        }
      },
      "DialogueGroups": [],
      "TalkDialogGroupIDList": [],
      "ServerInteractVerificationIDList": [],
      "CameraCenterEntityList": [],
      "SpawnConfig": {
        "EntitySpawnConfig": {}
      }
    }
  ],
  "DistrictList": [],
  "WaypointList": [
    {
      "ID": 1,
      "PosX": 49.58000183105469,
      "PosY": 3.6700000762939453,
      "PosZ": -38.45000076293945
    },
    {
      "ID": 2,
      "PosX": 33.0,
      "PosY": 3.313999891281128,
      "PosZ": -48.97999954223633
    },
    {
      "ID": 3,
      "PosX": 21.979999542236328,
      "PosY": 0.009999999776482582,
      "PosZ": -83.77999877929688
    }
  ],
  "PathwayList": [
    {
      "ID": 1,
      "PosX": 35.45000076293945,
      "PosY": 3.1660590171813965,
      "PosZ": -49.79999923706055,
      "Name": "Pathway1",
      "WaypointIDList": [
        1,
        2,
        3
      ]
    }
  ],
  "BattleAreaList": [],
  "NPCList": [
    {
      "ID": 400001,
      "PosX": 52.0,
      "PosY": 3.8320000171661377,
      "PosZ": -34.900001525878906,
      "Name": "NPC1",
      "RotY": 180.0,
      "NPCID": 3129,
      "LoadOnInitial": false,
      "ValueSource": {},
      "DialogueGroups": [],
      "ServerInteractVerificationIDList": [],
      "BoardShowList": [],
      "TalkDialogGroupIDList": [],
      "DefaultIdleFreeStyleMotionID": 900240000,
      "InitialHiddenNodeList": [],
      "CameraCenterEntityList": [],
      "SpawnConfig": {
        "EntitySpawnConfig": {}
      },
      "TriggerValidGuest": {}
    },
    {
      "ID": 400002,
      "PosX": 23.809999465942383,
      "PosY": -0.18000000715255737,
      "PosZ": -88.04000091552734,
      "Name": "NPC2",
      "RotY": 297.8916931152344,
      "NPCID": 11229,
      "LoadOnInitial": false,
      "ValueSource": {},
      "DialogueGroups": [],
      "ServerInteractVerificationIDList": [],
      "BoardShowList": [],
      "TalkDialogGroupIDList": [],
      "DefaultIdleFreeStyleMotionID": 100020333,
      "InitialHiddenNodeList": [],
      "OverrideReplaceMaterialKeyList": [
        "StoryHoloGram_Common"
      ],
      "CameraCenterEntityList": [],
      "SpawnConfig": {
        "EntitySpawnConfig": {}
      },
      "TriggerValidGuest": {}
    },
    {
      "ID": 400003,
      "PosX": 20.86079978942871,
      "PosY": 0.029999999329447746,
      "PosZ": -87.70635986328125,
      "Name": "NPC3",
      "RotY": 67.1771011352539,
      "NPCID": 2224,
      "LoadOnInitial": false,
      "ValueSource": {},
      "DialogueGroups": [],
      "ServerInteractVerificationIDList": [],
      "BoardShowList": [],
      "TalkDialogGroupIDList": [],
      "DefaultIdleFreeStyleMotionID": 200700201,
      "InitialHiddenNodeList": [],
      "CameraCenterEntityList": [],
      "SpawnConfig": {
        "EntitySpawnConfig": {}
      },
      "TriggerValidGuest": {}
    },
    {
      "ID": 400004,
      "PosX": 24.610000610351562,
      "PosY": 0.029999999329447746,
      "PosZ": -84.83000183105469,
      "Name": "NPC4",
      "RotY": 246.33949279785156,
      "NPCID": 11121,
      "LoadOnInitial": false,
      "ValueSource": {},
      "DialogueGroups": [],
      "ServerInteractVerificationIDList": [],
      "BoardShowList": [],
      "TalkDialogGroupIDList": [],
      "DefaultIdleFreeStyleMotionID": 100010307,
      "InitialHiddenNodeList": [],
      "OverrideReplaceMaterialKeyList": [
        "StoryHoloGram_Common"
      ],
      "CameraCenterEntityList": [],
      "SpawnConfig": {
        "EntitySpawnConfig": {}
      },
      "TriggerValidGuest": {}
    },
    {
      "ID": 400005,
      "PosX": 19.989999771118164,
      "PosY": 0.029999999329447746,
      "PosZ": -84.7300033569336,
      "Name": "NPC5",
      "RotY": 109.45249938964844,
      "NPCID": 2225,
      "LoadOnInitial": false,
      "ValueSource": {},
      "DialogueGroups": [],
      "ServerInteractVerificationIDList": [],
      "BoardShowList": [],
      "TalkDialogGroupIDList": [],
      "DefaultIdleFreeStyleMotionID": 200720000,
      "InitialHiddenNodeList": [],
      "CameraCenterEntityList": [],
      "SpawnConfig": {
        "EntitySpawnConfig": {}
      },
      "TriggerValidGuest": {}
    },
    {
      "ID": 400006,
      "PosX": 20.35689926147461,
      "PosY": -0.18000000715255737,
      "PosZ": -86.29720306396484,
      "Name": "NPC6",
      "RotY": 300.8345031738281,
      "NPCID": 11229,
      "LoadOnInitial": false,
      "ValueSource": {},
      "DialogueGroups": [],
      "ServerInteractVerificationIDList": [],
      "BoardShowList": [],
      "TalkDialogGroupIDList": [],
      "DefaultIdleFreeStyleMotionID": 100020297,
      "InitialHiddenNodeList": [],
      "OverrideReplaceMaterialKeyList": [
        "StoryHoloGram_Common"
      ],
      "CameraCenterEntityList": [],
      "SpawnConfig": {
        "EntitySpawnConfig": {}
      },
      "TriggerValidGuest": {}
    },
    {
      "ID": 400007,
      "PosX": 18.66699981689453,
      "PosY": 0.11800000071525574,
      "PosZ": -84.760986328125,
      "Name": "NPC7",
      "RotY": 217.39830017089844,
      "NPCID": 11229,
      "LoadOnInitial": false,
      "ValueSource": {},
      "DialogueGroups": [],
      "ServerInteractVerificationIDList": [],
      "BoardShowList": [],
      "TalkDialogGroupIDList": [],
      "DefaultIdleFreeStyleMotionID": 100020297,
      "InitialHiddenNodeList": [],
      "OverrideReplaceMaterialKeyList": [
        "StoryHoloGram_Common"
      ],
      "CameraCenterEntityList": [],
      "SpawnConfig": {
        "EntitySpawnConfig": {}
      },
      "TriggerValidGuest": {}
    },
    {
      "ID": 400008,
      "PosX": 18.780000686645508,
      "PosY": 0.029999999329447746,
      "PosZ": -87.18000030517578,
      "Name": "NPC8",
      "RotY": 67.1771011352539,
      "NPCID": 2224,
      "LoadOnInitial": false,
      "ValueSource": {},
      "DialogueGroups": [],
      "ServerInteractVerificationIDList": [],
      "BoardShowList": [],
      "TalkDialogGroupIDList": [],
      "DefaultIdleFreeStyleMotionID": 200700000,
      "InitialHiddenNodeList": [],
      "CameraCenterEntityList": [],
      "SpawnConfig": {
        "EntitySpawnConfig": {}
      },
      "TriggerValidGuest": {}
    },
    {
      "ID": 400009,
      "PosX": 22.68400001525879,
      "PosY": 0.029999999329447746,
      "PosZ": -86.53500366210938,
      "Name": "NPC9",
      "RotY": 277.989013671875,
      "NPCID": 2201,
      "LoadOnInitial": false,
      "ValueSource": {},
      "DialogueGroups": [],
      "ServerInteractVerificationIDList": [],
      "BoardShowList": [],
      "TalkDialogGroupIDList": [],
      "DefaultIdleFreeStyleMotionID": 200230201,