{
  "$type": "RPG.GameCore.RtLevelGroupInfo",
  "GroupName": "MainMission1040208_08",
  "Category": "Mission",
  "LevelGraph": "Config/Level/GroupGraph/F20412001/Group_F20412001_G159.json",
  "AreaAnchorName": "LevelArea_P20412_F20412001_G159",
  "SaveType": "Reset",
  "OwnerMainMissionID": 1040208,
  "ValueSource": {},
  "ConflictIDList": [],
  "IsHoyoGroup": true,
  "StreamingTemplateType": "None",
  "ConflictWhiteList": [],
  "TagContainer": {
    "List": [
      {
        "Tag": "GameModule.EraFlip.State.Day",
        "TagHash": 1090843668
      }
    ]
  },
  "AnchorList": [],
  "MonsterList": [],
  "PropList": [],
  "DistrictList": [
    {
      "ID": 1,
      "PosX": -57.77000045776367,
      "PosY": 17.399999618530273,
      "PosZ": 314.1000061035156,
      "Name": "District1",
      "Trigger": {
        "Shape": "GeometryBox",
        "Radius": 11.1899995803833,
        "DimX": 7.800000190734863,
        "DimY": 4.0,
        "DimZ": 35.7599983215332
      },
      "DistrictType": "Level",
      "ValueSource": {}
    }
  ],
  "WaypointList": [
    {
      "ID": 1,
      "PosX": -42.36000061035156,
      "PosY": 16.020830154418945,
      "PosZ": 282.08709716796875,
      "IsDelete": true
    },
    {
      "ID": 2,
      "PosX": -52.44187927246094,
      "PosY": 16.02082061767578,
      "PosZ": 281.2616882324219,
      "IsDelete": true
    },
    {
      "ID": 3,
      "PosX": -58.970001220703125,
      "PosY": 16.020870208740234,
      "PosZ": 319.6300048828125
    },
    {
      "ID": 4,
      "PosX": -59.70600128173828,
      "PosY": 16.020870208740234,
      "PosZ": 329.8380126953125
    }
  ],
  "PathwayList": [
    {
      "ID": 1,
      "PosX": -53.24055099487305,
      "PosY": 16.112459182739258,
      "PosZ": 284.8026123046875,
      "Name": "Pathway1",
      "WaypointIDList": [
        3,
        4
      ]
    }
  ],
  "BattleAreaList": [],
  "NPCList": [
    {
      "ID": 400001,
      "PosX": -58.606998443603516,
      "PosY": 16.020870208740234,
      "PosZ": 318.0060119628906,
      "Name": "NPC1",
      "RotY": 178.58790588378906,
      "NPCID": 1498,
      "ValueSource": {},
      "DialogueGroups": [],
      "ServerInteractVerificationIDList": [],
      "BoardShowList": [],
      "TalkDialogGroupIDList": [],
      "DefaultIdleFreeStyleMotionID": 314030000,
      "AdditiveResidentEffect": [],
      "InitialHiddenNodeList": [],
      "DialogueTriggerSkipSpecifiedFakeAvatarList": [],
      "OverrideReplaceMaterialKeyList": [],
      "CameraCenterEntityList": [],
      "CameraConfig": {},
      "SpawnConfig": {
        "OverrideSpawn": true,
        "EntitySpawnConfig": {
          "NeedBlackIn": false,
          "NeedFadeIn": false,
          "NeedFadeOut": false
        },
        "TryCapture": false
      },
      "TriggerValidGuest": {}
    }
  ],
  "CrowdList": [],
  "PedestrianList": [],
  "PedestrianV2List": [],
  "AudienceList": [],
  "SmartObjectList": [],
  "CurveList": [],
  "LittleGameList": []
}