{
  "$type": "RPG.GameCore.RtLevelGroupInfo",
  "GroupName": "MainMission2010703_",
  "Category": "Mission",
  "AreaAnchorName": "LevelArea_P20122_F20122001_G71",
  "SaveType": "Reset",
  "LoadCondition": {
    "Conditions": [
      {
        "Type": "SubMission",
        "ID": 201070312
      }
    ]
  },
  "UnloadCondition": {
    "Conditions": [
      {
        "Type": "SubMission",
        "Phase": "Finish",
        "ID": 201070312
      }
    ]
  },
  "OwnerMainMissionID": 2010703,
  "ConflictIDList": [],
  "AnchorList": [
    {
      "ID": 1,
      "PosX": -89.94999694824219,
      "PosY": 6.051180839538574,
      "PosZ": 100.51000213623047,
      "Name": "Anchor1",
      "RotY": 263.3399963378906
    },
    {
      "ID": 2,
      "PosX": -87.2300033569336,
      "PosY": 7.659999847412109,
      "PosZ": 98.7300033569336,
      "Name": "Anchor2",
      "RotY": 285.72369384765625,
      "RotX": 8.2028169631958,
      "RotZ": 358.8387145996094,
      "Usage": "Camera"
    }
  ],
  "MonsterList": [],
  "PropList": [
    {
      "ID": 300001,
      "PosX": -91.55000305175781,
      "PosY": 6.088491916656494,
      "PosZ": 100.2300033569336,
      "Name": "Prop1",
      "RotY": 69.5999984741211,
      "PropID": 100,
      "IsOverrideInitLevelGraph": true,
      "Trigger": {
        "Shape": "Box",
        "Radius": 1.0,
        "DimX": 8.0,
        "DimY": 1.0,
        "DimZ": 6.0,
        "PointList": []
      },
      "CampID": 4,
      "CustomTriggerMap": {},
      "DialogueGroups": [],
      "TalkDialogGroupIDList": [],
      "ServerInteractVerificationIDList": []
    }
  ],
  "DistrictList": [],
  "WaypointList": [],
  "PathwayList": [],
  "BattleAreaList": [],
  "NPCList": [
    {
      "ID": 400001,
      "PosX": -92.18000030517578,
      "PosY": 6.165219783782959,
      "PosZ": 98.69000244140625,
      "Name": "NPC1",
      "RotY": 55.599998474121094,
      "NPCID": 2102,
      "DialogueGroups": [],
      "ServerInteractVerificationIDList": [],
      "DefaultLookAtMode": "Closed",
      "BoardShowList": [],
      "OverrideNPCName": {
        "Hash": -270385606,
        "Hash64": 12886392011648169901
      },
      "TalkDialogGroupIDList": [],
      "DefaultIdleFreeStyleMotionID": 200510000,
      "InitialHiddenNodeList": []
    },
    {
      "ID": 400002,
      "PosX": -92.44999694824219,
      "PosY": 6.220359802246094,
      "PosZ": 100.83000183105469,
      "Name": "NPC2",
      "RotY": 101.46170043945312,
      "NPCID": 2102,
      "DialogueGroups": [],
      "ServerInteractVerificationIDList": [],
      "DefaultLookAtMode": "Closed",
      "BoardShowList": [],
      "OverrideNPCName": {
        "Hash": -270385606,
        "Hash64": 12886392011648169901
      },
      "TalkDialogGroupIDList": [],
      "DefaultIdleFreeStyleMotionID": 200510000,
      "InitialHiddenNodeList": []
    },
    {
      "ID": 400003,
      "PosX": -89.94999694824219,
      "PosY": 6.051180839538574,
      "PosZ": 100.51000213623047,
      "Name": "NPC3",
      "RotY": 263.3399963378906,
      "NPCID": 1992,
      "LoadOnInitial": false,
      "DialogueGroups": [],
      "ServerInteractVerificationIDList": [],
      "DefaultLookAtMode": "Closed",
      "BoardShowList": [],
      "OverrideNPCName": {
        "Hash": -270385606,
        "Hash64": 12886392011648169901
      },
      "TalkDialogGroupIDList": [],
      "DefaultIdleFreeStyleMotionID": 380020000,
      "InitialHiddenNodeList": []
    }
  ],
  "CrowdList": [],
  "PedestrianList": []
}