{
  "$type": "RPG.GameCore.RtLevelGroupInfo",
  "GroupName": "MainMission8002105_1",
  "Category": "Mission",
  "LevelGraph": "Config/Level/GroupGraph/F20122001/Group_F20122001_G115.json",
  "AreaAnchorName": "LevelArea_P20122_F20122001_G115",
  "SaveType": "Reset",
  "OwnerMainMissionID": 8002105,
  "ValueSource": {},
  "ConflictIDList": [
    85
  ],
  "IsHoyoGroup": true,
  "ConflictWhiteList": [],
  "AnchorList": [
    {
      "ID": 1,
      "PosX": -76.76000213623047,
      "PosY": 3.5831689834594727,
      "PosZ": 97.51000213623047,
      "Name": "Anchor1",
      "RotY": 0.286206990480423
    },
    {
      "ID": 2,
      "PosX": -78.91000366210938,
      "PosY": 3.570559024810791,
      "PosZ": 98.58000183105469,
      "Name": "Anchor2",
      "RotY": 134.09280395507812,
      "Usage": "Actor"
    },
    {
      "ID": 3,
      "PosX": -81.48999786376953,
      "PosY": 5.019999980926514,
      "PosZ": 98.79000091552734,
      "Name": "Anchor3",
      "RotY": 110.30000305175781,
      "RotX": 1.3900020122528076,
      "RotZ": 1.9999999949504854e-6,
      "Usage": "Camera",
      "CustomParameter": {
        "$type": "RPG.GameCore.LevelAnchorCameraParameter",
        "fov": 35.0
      }
    }
  ],
  "MonsterList": [],
  "PropList": [
    {
      "ID": 300001,
      "PosX": -76.25800323486328,
      "PosY": 3.062000036239624,
      "PosZ": 93.69999694824219,
      "Name": "Prop1",
      "RotY": 0.286206990480423,
      "Scale": {
        "x": 0.5,
        "y": 0.5,
        "z": 0.5
      },
      "PropID": 121,
      "IsOverrideInitLevelGraph": true,
      "InitLevelGraph": "Config/Level/LevelInstanceGraph/F20122001/LG_Prop_F20122001_G115_300001.json",
      "ValueSource": {},
      "Trigger": {
        "Radius": 56.0,
        "DimX": 35.0,
        "DimY": 1.0,
        "DimZ": 25.0,
        "PointList": []
      },
      "CampID": 4,
      "CustomTriggerMap": {},
      "CustomTriggerMapV2": {},
      "DialogueGroups": [],
      "TalkDialogGroupIDList": [],
      "ServerInteractVerificationIDList": []
    },
    {
      "ID": 300003,
      "PosX": -76.51000213623047,
      "PosY": 3.5717461109161377,
      "PosZ": 96.77999877929688,
      "Name": "Prop3",
      "PropID": 100,
      "IsOverrideInitLevelGraph": true,
      "ValueSource": {},
      "Trigger": {
        "Radius": 3.0,
        "DimX": 1.0,
        "DimY": 1.0,
        "DimZ": 1.0,
        "PointList": []
      },
      "CampID": 4,
      "CustomTriggerMap": {},
      "CustomTriggerMapV2": {},
      "DialogueGroups": [],
      "TalkDialogGroupIDList": [],
      "ServerInteractVerificationIDList": []
    },
    {
      "ID": 300002,
      "PosX": -76.25,
      "PosY": 4.382999897003174,
      "PosZ": 94.33999633789062,
      "Name": "Prop2",
      "RotY": 0.286206990480423,
      "Scale": {
        "x": 0.5,
        "y": 0.5,
        "z": 0.5
      },
      "PropID": 121,
      "LoadOnInitial": false,
      "IsOverrideInitLevelGraph": true,
      "InitLevelGraph": "Config/Level/LevelInstanceGraph/F20122001/LG_Prop_F20122001_G115_300002.json",
      "ValueSource": {},
      "Trigger": {
        "Radius": 50.0,
        "DimX": 1.0,
        "DimY": 1.0,
        "DimZ": 1.0,
        "PointList": []
      },
      "CampID": 4,
      "CustomTriggerMap": {},
      "CustomTriggerMapV2": {},
      "DialogueGroups": [],
      "TalkDialogGroupIDList": [],
      "ServerInteractVerificationIDList": []
    }
  ],
  "DistrictList": [],
  "WaypointList": [],
  "PathwayList": [],
  "BattleAreaList": [],
  "NPCList": [
    {
      "ID": 400002,
      "PosX": -76.5,
      "PosY": 3.583904981613159,
      "PosZ": 96.88999938964844,
      "Name": "NPC2",
      "RotY": 178.67320251464844,
      "NPCID": 2106,
      "ValueSource": {},
      "StaticNPC": true,
      "DialogueGroups": [],
      "ServerInteractVerificationIDList": [],
      "DefaultIdleStateName": "Sit01",
      "BoardShowList": [],
      "TalkDialogGroupIDList": [],
      "DefaultIdleFreeStyleMotionID": 200100000,
      "InitialHiddenNodeList": [],
      "SpawnConfig": {
        "EntitySpawnConfig": {},
        "CaptureDistanceTolerance": 10.0
      }
    },
    {
      "ID": 400001,
      "PosX": -76.11699676513672,
      "PosY": 3.581300973892212,
      "PosZ": 95.49700164794922,
      "IsDelete": true,
      "Name": "NPC1",
      "RotY": 229.12249755859375,
      "NPCID": 2104,
      "ValueSource": {},
      "StaticNPC": true,
      "DialogueGroups": [],
      "ServerInteractVerificationIDList": [],
      "DefaultIdleStateName": "Sit01",
      "BoardShowList": [],
      "TalkDialogGroupIDList": [],
      "DefaultIdleFreeStyleMotionID": 200070000,
      "InitialHiddenNodeList": [],
      "SpawnConfig": {
        "EntitySpawnConfig": {},
        "CaptureDistanceTolerance": 10.0
      }
    },
    {
      "ID": 400003,
      "PosX": -73.59600067138672,
      "PosY": 3.581300973892212,
      "PosZ": 93.56700134277344,
      "IsDelete": true,
      "Name": "NPC3",
      "RotY": 328.24310302734375,
      "NPCID": 2104,
      "LoadOnInitial": false,
      "ValueSource": {},
      "StaticNPC": true,
      "DialogueGroups": [],
      "ServerInteractVerificationIDList": [],
      "DefaultIdleStateName": "Sit01",
      "BoardShowList": [],
      "TalkDialogGroupIDList": [],
      "DefaultIdleFreeStyleMotionID": 200070000,
      "InitialHiddenNodeList": [],
      "SpawnConfig": {
        "EntitySpawnConfig": {},
        "CaptureDistanceTolerance": 10.0
      }
    },
    {
      "ID": 400004,
      "PosX": -80.63999938964844,
      "PosY": 3.569999933242798,
      "PosZ": 94.19999694824219,
      "IsDelete": true,
      "Name": "NPC4",
      "RotY": 43.887298583984375,
      "NPCID": 2104,
      "LoadOnInitial": false,
      "ValueSource": {},
      "StaticNPC": true,
      "DialogueGroups": [],
      "ServerInteractVerificationIDList": [],
      "DefaultIdleStateName": "Sit01",
      "BoardShowList": [],
      "TalkDialogGroupIDList": [],
      "DefaultIdleFreeStyleMotionID": 200070000,
      "InitialHiddenNodeList": [],
      "SpawnConfig": {
        "EntitySpawnConfig": {},
        "CaptureDistanceTolerance": 10.0
      }
    },
    {
      "ID": 400005,
      "PosX": -77.95999908447266,
      "PosY": 3.583904981613159,
      "PosZ": 96.41000366210938,
      "Name": "NPC5",
      "RotY": 158.54330444335938,
      "NPCID": 2104,
      "ValueSource": {},
      "StaticNPC": true,
      "DialogueGroups": [],
      "ServerInteractVerificationIDList": [],
      "DefaultIdleStateName": "Sit01",
      "BoardShowList": [],
      "TalkDialogGroupIDList": [],
      "DefaultIdleFreeStyleMotionID": 200070000,
      "InitialHiddenNodeList": [],
      "SpawnConfig": {
        "EntitySpawnConfig": {},
        "CaptureDistanceTolerance": 10.0
      },
      "TriggerValidGuest": {}
    },
    {
      "ID": 400006,
      "PosX": -74.27867889404297,
      "PosY": 3.550879955291748,
      "PosZ": 98.21219635009766,
      "Name": "NPC6",
      "NPCID": 100,
      "ValueSource": {},
      "DialogueGroups": [],
      "ServerInteractVerificationIDList": [],
      "BoardShowList": [],
      "TalkDialogGroupIDList": [],
      "OverrideSeriesID": 210701,
      "InitialHiddenNodeList": [],
      "SpawnConfig": {
        "EntitySpawnConfig": {}
      },
      "TriggerValidGuest": {}
    }
  ],
  "CrowdList": [],
  "PedestrianList": [],
  "SmartObjectList": []
}