{
  "$type": "RPG.GameCore.RtLevelGroupInfo",
  "GroupName": "MainMission2011403_",
  "Category": "Mission",
  "AreaAnchorName": "LevelArea_P10102_F10102003_G21",
  "SaveType": "Reset",
  "LoadCondition": {
    "Conditions": [
      {
        "Type": "SubMission",
        "ID": 201140305
      }
    ]
  },
  "UnloadCondition": {
    "Conditions": [
      {
        "Type": "SubMission",
        "Phase": "Finish",
        "ID": 201140305
      }
    ]
  },
  "OwnerMainMissionID": 2011403,
  "ConflictIDList": [],
  "AnchorList": [
    {
      "ID": 1,
      "PosX": 0.609000027179718,
      "PosY": 0.00001700000029813964,
      "PosZ": 0.621999979019165,
      "Name": "Anchor1",
      "RotY": 120.0
    }
  ],
  "MonsterList": [],
  "PropList": [],
  "DistrictList": [],
  "WaypointList": [],
  "PathwayList": [],
  "BattleAreaList": [],
  "NPCList": [
    {
      "ID": 400001,
      "PosX": 1.3969999551773071,
      "PosY": 0.00001700000029813964,
      "PosZ": -0.3880000114440918,
      "Name": "NPC1",
      "RotY": 331.19281005859375,
      "NPCID": 3006,
      "DialogueGroups": [],
      "ServerInteractVerificationIDList": [],
      "DefaultLookAtMode": "Closed",
      "BoardShowList": [],
      "TalkDialogGroupIDList": [],
      "DefaultIdleFreeStyleMotionID": 100010000,
      "InitialHiddenNodeList": []
    },
    {
      "ID": 400002,
      "PosX": 0.07500000298023224,
      "PosY": 0.00001700000029813964,
      "PosZ": 0.16099999845027924,
      "Name": "NPC2",
      "RotY": 96.17259979248047,
      "NPCID": 1104,
      "DialogueGroups": [],
      "ServerInteractVerificationIDList": [],
      "DefaultLookAtMode": "Closed",
      "BoardShowList": [],
      "TalkDialogGroupIDList": [],
      "DefaultIdleFreeStyleMotionID": 311040000,
      "InitialHiddenNodeList": []
    },
    {
      "ID": 400003,
      "PosX": -0.5799999833106995,
      "PosY": 0.00001700000029813964,
      "PosZ": -0.4300000071525574,
      "Name": "NPC3",
      "RotY": 54.21635055541992,
      "NPCID": 1103,
      "DialogueGroups": [],
      "ServerInteractVerificationIDList": [],
      "DefaultLookAtMode": "Closed",
      "BoardShowList": [],
      "TalkDialogGroupIDList": [],
      "DefaultIdleFreeStyleMotionID": 311030231,
      "InitialHiddenNodeList": []
    },
    {
      "ID": 400004,
      "PosX": 1.9199999570846558,
      "PosY": 0.00001700000029813964,
      "PosZ": 0.20999999344348907,
      "Name": "NPC4",
      "RotY": 262.7558898925781,
      "NPCID": 1105,
      "DialogueGroups": [
        201140305
      ],
      "ServerInteractVerificationIDList": [],
      "DefaultLookAtMode": "Closed",
      "BoardShowList": [],
      "TalkDialogGroupIDList": [],
      "DefaultIdleFreeStyleMotionID": 311050000,
      "InitialHiddenNodeList": [],
      "Dialog": {
        "LevelGraph": "Config/Level/NPCDialogue/P10102/F10102003_G21/DialogueMain_F10102003_G21_N400004.json",
        "EnableCondition": {
          "Conditions": [
            {
              "Type": "SubMission",
              "ID": 201140305
            }
          ],
          "Operation": "Or"
        }
      }
    }
  ],
  "CrowdList": [],
  "PedestrianList": []
}