{
  "$type": "RPG.GameCore.RtLevelGroupInfo",
  "GroupName": "MainMission2011405_",
  "Category": "Mission",
  "ConfigPrefabPath": "Level/Mission/2011404/Mission_2011404_temp.prefab",
  "AreaAnchorName": "LevelArea_P10102_F10102003_G20",
  "SaveType": "Reset",
  "LoadCondition": {
    "Conditions": [
      {
        "ID": 2011405
      }
    ]
  },
  "UnloadCondition": {
    "Conditions": [
      {
        "Phase": "Finish",
        "ID": 2011405
      }
    ]
  },
  "OwnerMainMissionID": 2011405,
  "ConflictIDList": [],
  "AnchorList": [
    {
      "ID": 1,
      "PosX": 2.6730000972747803,
      "PosY": 0.000018000000636675395,
      "PosZ": -1.0329999923706055,
      "Name": "Anchor1",
      "RotY": 121.35070037841797
    },
    {
      "ID": 2,
      "PosX": 0.28299999237060547,
      "PosY": 0.000018000000636675395,
      "PosZ": -4.191999912261963,
      "Name": "Anchor2",
      "RotY": 180.0
    }
  ],
  "MonsterList": [],
  "PropList": [
    {
      "ID": 300001,
      "PosX": 0.8210009932518005,
      "PosY": 0.000018999999156221747,
      "PosZ": -5.475001811981201,
      "Name": "Prop1",
      "PropID": 100,
      "IsOverrideInitLevelGraph": true,
      "Trigger": {
        "Radius": 4.0,
        "DimX": 1.0,
        "DimY": 1.0,
        "DimZ": 1.0,
        "PointList": []
      },
      "CampID": 4,
      "CustomTriggerMap": {},
      "DialogueGroups": [],
      "TalkDialogGroupIDList": [],
      "ServerInteractVerificationIDList": []
    }
  ],
  "DistrictList": [],
  "WaypointList": [],
  "PathwayList": [],
  "BattleAreaList": [],
  "NPCList": [
    {
      "ID": 400001,
      "PosX": 1.1970000267028809,
      "PosY": 0.0020000000949949026,
      "PosZ": -6.510000228881836,
      "Name": "NPC1",
      "RotY": 285.618896484375,
      "NPCID": 11302,
      "DialogueGroups": [],
      "ServerInteractVerificationIDList": [],
      "DefaultIdleStateName": "Sit01",
      "DefaultLookAtMode": "Closed",
      "BoardShowList": [
        8
      ],
      "TalkDialogGroupIDList": [],
      "DefaultIdleFreeStyleMotionID": 100040298,
      "InitialHiddenNodeList": []
    },
    {
      "ID": 400002,
      "PosX": 0.26499998569488525,
      "PosY": 0.000018999999156221747,
      "PosZ": -6.038000106811523,
      "Name": "NPC2",
      "RotY": 118.70680236816406,
      "NPCID": 11203,
      "DialogueGroups": [
        201140502
      ],
      "ServerInteractVerificationIDList": [],
      "DefaultLookAtMode": "Closed",
      "BoardShowList": [
        8
      ],
      "OverrideNPCName": {
        "Hash": -635058659,
        "Hash64": 8156956341214217204
      },
      "TalkDialogGroupIDList": [],
      "DefaultIdleFreeStyleMotionID": 100020000,
      "InitialHiddenNodeList": [],
      "Dialog": {
        "LevelGraph": "Config/Level/NPCDialogue/P10102/F10102003_G20/DialogueMain_F10102003_G20_N400002.json",
        "EnableCondition": {
          "Conditions": [
            {
              "Type": "SubMission",
              "ID": 201140502
            }
          ],
          "Operation": "Or"
        }
      }
    },
    {
      "ID": 400003,
      "PosX": 0.0430000014603138,
      "PosY": 0.000018999999156221747,
      "PosZ": -4.822999954223633,
      "Name": "NPC3",
      "RotY": 135.31069946289062,
      "NPCID": 1104,
      "LoadOnInitial": false,
      "DialogueGroups": [],
      "ServerInteractVerificationIDList": [],
      "DefaultLookAtMode": "Closed",
      "BoardShowList": [],
      "TalkDialogGroupIDList": [],
      "DefaultIdleFreeStyleMotionID": 311040000,
      "InitialHiddenNodeList": []
    },
    {
      "ID": 400004,
      "PosX": -0.2800000011920929,
      "PosY": 0.000018999999156221747,
      "PosZ": -3.7839999198913574,
      "Name": "NPC4",
      "RotY": 165.6479034423828,
      "NPCID": 1103,
      "LoadOnInitial": false,
      "DialogueGroups": [],
      "ServerInteractVerificationIDList": [],
      "DefaultLookAtMode": "Closed",
      "BoardShowList": [],
      "TalkDialogGroupIDList": [],
      "DefaultIdleFreeStyleMotionID": 311030000,
      "InitialHiddenNodeList": []
    },
    {
      "ID": 400005,
      "PosX": 2.8380000591278076,
      "PosY": 0.000018999999156221747,
      "PosZ": -1.8569999933242798,
      "Name": "NPC5",
      "RotY": 59.936988830566406,
      "NPCID": 1104,
      "LoadOnInitial": false,
      "DialogueGroups": [],
      "ServerInteractVerificationIDList": [],
      "DefaultLookAtMode": "Closed",
      "BoardShowList": [],
      "TalkDialogGroupIDList": [],
      "DefaultIdleFreeStyleMotionID": 311040000,
      "InitialHiddenNodeList": []
    },
    {
      "ID": 400006,
      "PosX": 2.0820000171661377,
      "PosY": 0.000018999999156221747,
      "PosZ": -1.3040000200271606,
      "Name": "NPC6",
      "RotY": 99.4442367553711,
      "NPCID": 1103,
      "LoadOnInitial": false,
      "DialogueGroups": [],
      "ServerInteractVerificationIDList": [],
      "DefaultLookAtMode": "Closed",
      "BoardShowList": [],
      "TalkDialogGroupIDList": [],
      "DefaultIdleFreeStyleMotionID": 311030000,
      "InitialHiddenNodeList": []
    }
  ],
  "CrowdList": [],
  "PedestrianList": []
}