{
  "$type": "RPG.GameCore.RtLevelGroupInfo",
  "GroupName": "MainMission2010501_",
  "Category": "Mission",
  "ConfigPrefabPath": "Level/Mission/2010501/Mission_2010501_temp.prefab",
  "AreaAnchorName": "LevelArea_P10102_F10102003_G17",
  "SaveType": "Reset",
  "LoadCondition": {
    "Conditions": [
      {
        "Type": "SubMission",
        "ID": 201050104
      }
    ]
  },
  "UnloadCondition": {
    "Conditions": [
      {
        "Type": "SubMission",
        "Phase": "Finish",
        "ID": 201050104
      }
    ]
  },
  "OwnerMainMissionID": 2010501,
  "ConflictIDList": [],
  "AnchorList": [
    {
      "ID": 1,
      "PosX": -2.253000020980835,
      "PosY": 0.003782999934628606,
      "PosZ": -0.8709999918937683,
      "Name": "Anchor1",
      "RotY": 127.30000305175781
    },
    {
      "ID": 2,
      "PosX": -4.189000129699707,
      "PosY": 2.321000099182129,
      "PosZ": -1.847000002861023,
      "Name": "Anchor2",
      "RotY": 81.52999877929688,
      "RotX": 23.0,
      "RotZ": 0.0804309993982315,
      "Usage": "Camera"
    }
  ],
  "MonsterList": [],
  "PropList": [],
  "DistrictList": [],
  "WaypointList": [],
  "PathwayList": [],
  "BattleAreaList": [],
  "NPCList": [
    {
      "ID": 400001,
      "PosX": -0.699999988079071,
      "PosY": 0.003782999934628606,
      "PosZ": -0.6499999761581421,
      "Name": "NPC1",
      "RotY": 205.5,
      "NPCID": 1109,
      "LoadOnInitial": false,
      "DialogueGroups": [],
      "ServerInteractVerificationIDList": [],
      "DefaultLookAtMode": "Closed",
      "BoardShowList": [],
      "TalkDialogGroupIDList": [],
      "DefaultIdleFreeStyleMotionID": 311090000,
      "InitialHiddenNodeList": []
    },
    {
      "ID": 400002,
      "PosX": -1.3270000219345093,
      "PosY": 0.05900000035762787,
      "PosZ": -1.6080000400543213,
      "Name": "NPC2",
      "RotY": 19.600000381469727,
      "NPCID": 3007,
      "LoadOnInitial": false,
      "StaticNPC": true,
      "DialogueGroups": [],
      "ServerInteractVerificationIDList": [],
      "DefaultIdleStateName": "Think01Loop",
      "DefaultLookAtMode": "Closed",
      "BoardShowList": [],
      "OverrideNPCName": {
        "hash": -1433185022,
        "hash64": 5473781365892409652
      },
      "TalkDialogGroupIDList": [],
      "DefaultIdleFreeStyleMotionID": 100010298,
      "InitialHiddenNodeList": []
    },
    {
      "ID": 400003,
      "PosX": -0.014000000432133675,
      "PosY": 0.003782999934628606,
      "PosZ": -1.4290000200271606,
      "Name": "NPC3",
      "RotY": 257.70001220703125,
      "NPCID": 1105,
      "LoadOnInitial": false,
      "DialogueGroups": [],
      "ServerInteractVerificationIDList": [],
      "BoardShowList": [],
      "TalkDialogGroupIDList": [],
      "DefaultIdleFreeStyleMotionID": 311050231,
      "OverrideSeriesID": 4294967295,
      "InitialHiddenNodeList": []
    }
  ],
  "CrowdList": [],
  "PedestrianList": []
}