{
  "$type": "RPG.GameCore.RtLevelGroupInfo",
  "GroupName": "MainMission2010703_Mission",
  "Category": "Mission",
  "AreaAnchorName": "LevelArea_P10102_F10102003_G29",
  "SaveType": "Reset",
  "LoadCondition": {
    "Conditions": [
      {
        "ID": 2010703
      }
    ]
  },
  "UnloadCondition": {
    "Conditions": [
      {
        "Phase": "Finish",
        "ID": 2010703
      }
    ]
  },
  "OwnerMainMissionID": 2010703,
  "ConflictIDList": [],
  "AnchorList": [
    {
      "ID": 1,
      "PosX": 1.2920000553131104,
      "PosY": 1.4249999523162842,
      "PosZ": -0.8640000224113464,
      "Name": "Anchor1",
      "RotY": 90.9184799194336,
      "RotX": 10.646639823913574,
      "RotZ": -9.999999974752427e-7,
      "Usage": "Camera"
    },
    {
      "ID": 2,
      "PosX": 3.819999933242798,
      "PosY": 0.000018000000636675395,
      "PosZ": -0.6100000143051147,
      "Name": "Anchor2",
      "RotY": 124.16310119628906
    }
  ],
  "MonsterList": [],
  "PropList": [],
  "DistrictList": [],
  "WaypointList": [],
  "PathwayList": [],
  "BattleAreaList": [],
  "NPCList": [
    {
      "ID": 400001,
      "PosX": 3.819999933242798,
      "PosY": 0.000018000000636675395,
      "PosZ": -0.6100000143051147,
      "Name": "NPC1",
      "RotY": 131.1436004638672,
      "NPCID": 1992,
      "LoadOnInitial": false,
      "DialogueGroups": [],
      "ServerInteractVerificationIDList": [],
      "BoardShowList": [],
      "TalkDialogGroupIDList": [],
      "DefaultIdleFreeStyleMotionID": 380020000,
      "InitialHiddenNodeList": []
    }
  ],
  "CrowdList": [],
  "PedestrianList": []
}