{
  "$type": "RPG.GameCore.RtLevelGroupInfo",
  "GroupName": "MainMission2010904_04",
  "Category": "Mission",
  "AreaAnchorName": "LevelArea_P10102_F10102003_G1",
  "SaveType": "Reset",
  "LoadCondition": {
    "Conditions": [
      {
        "Type": "SubMission",
        "ID": 201090404
      }
    ]
  },
  "UnloadCondition": {
    "Conditions": [
      {
        "Type": "SubMission",
        "Phase": "Finish",
        "ID": 201090404
      }
    ]
  },
  "OwnerMainMissionID": 2010904,
  "ConflictIDList": [],
  "AnchorList": [
    {
      "ID": 1,
      "PosX": 1.2130000591278076,
      "PosY": 0.000018999999156221747,
      "PosZ": -4.966000080108643,
      "Name": "Anchor1",
      "RotY": 146.02999877929688
    },
    {
      "ID": 2,
      "PosX": -0.2879999876022339,
      "PosY": 2.677000045776367,
      "PosZ": -3.868000030517578,
      "Name": "Anchor2",
      "RotY": 129.47000122070312,
      "RotX": 32.40000915527344,
      "RotZ": 0.11198700219392776,
      "Usage": "Camera"
    }
  ],
  "MonsterList": [],
  "PropList": [
    {
      "ID": 300001,
      "PosX": 4.239999771118164,
      "PosZ": -1.4299999475479126,
      "Name": "Prop1",
      "PropID": 100,
      "IsOverrideInitLevelGraph": true,
      "Trigger": {
        "Radius": 2.0,
        "DimX": 1.0,
        "DimY": 1.0,
        "DimZ": 1.0,
        "PointList": []
      },
      "CampID": 4,
      "CustomTriggerMap": {},
      "DialogueGroups": [],
      "TalkDialogGroupIDList": [],
      "ServerInteractVerificationIDList": []
    }
  ],
  "DistrictList": [],
  "WaypointList": [],
  "PathwayList": [],
  "BattleAreaList": [],
  "NPCList": [
    {
      "ID": 400001,
      "PosX": 1.8020000457763672,
      "PosY": 0.5989999771118164,
      "PosZ": -5.946000099182129,
      "Name": "NPC1",
      "RotY": 353.5,
      "NPCID": 2109,
      "LoadOnInitial": false,
      "StaticNPC": true,
      "DialogueGroups": [],
      "ServerInteractVerificationIDList": [],
      "DefaultIdleStateName": "Maze_StandBy_01",
      "DefaultLookAtMode": "Closed",
      "BoardShowList": [
        1,
        4,
        64
      ],
      "OverrideNPCName": {
        "Hash": 1698982860,
        "Hash64": 10382172611932116015
      },
      "TalkDialogGroupIDList": [],
      "DefaultIdleFreeStyleMotionID": 200500214,
      "OverrideSeriesID": 210901,
      "InitialHiddenNodeList": []
    },
    {
      "ID": 400002,
      "PosX": 2.6300010681152344,
      "PosY": 0.000018000000636675395,
      "PosZ": -4.710000991821289,
      "Name": "NPC2",
      "RotY": 203.1999969482422,
      "NPCID": 1105,
      "LoadOnInitial": false,
      "DialogueGroups": [],
      "ServerInteractVerificationIDList": [],
      "BoardShowList": [],
      "TalkDialogGroupIDList": [],
      "DefaultIdleFreeStyleMotionID": 311050000,
      "InitialHiddenNodeList": []
    }
  ],
  "CrowdList": [],
  "PedestrianList": []
}