{
  "$type": "RPG.GameCore.RtLevelGroupInfo",
  "GroupName": "MainMission1031701_12",
  "Category": "Mission",
  "LevelGraph": "Config/Level/GroupGraph/F20321001/Group_F20321001_G32.json",
  "AreaAnchorName": "LevelArea_P20321_F20321001_G32",
  "SaveType": "Reset",
  "IsPendedUnload": true,
  "OwnerMainMissionID": 1031701,
  "ValueSource": {},
  "ConflictIDList": [],
  "IsHoyoGroup": true,
  "ConflictWhiteList": [],
  "TagContainer": {},
  "AnchorList": [
    {
      "ID": 1,
      "PosX": -94.02735900878906,
      "PosY": 62.090431213378906,
      "PosZ": 18.670360565185547,
      "Name": "Anchor1"
    }
  ],
  "MonsterList": [],
  "PropList": [
    {
      "ID": 300001,
      "PosX": -76.80999755859375,
      "PosY": 62.59434127807617,
      "PosZ": 6.093999862670898,
      "Name": "Prop1",
      "PropID": 100,
      "ValueSource": {},
      "CampID": 4,
      "CustomTriggerMap": {},
      "CustomTriggerMapV2": {
        "MissionTrigger": {
          "Radius": 7.570000171661377,
          "PointList": []
        }
      },
      "DialogueGroups": [],
      "TalkDialogGroupIDList": [],
      "ServerInteractVerificationIDList": [],
      "TriggerValidGuest": {},
      "CameraCenterEntityList": [],
      "SpawnConfig": {
        "EntitySpawnConfig": {}
      }
    }
  ],
  "DistrictList": [],
  "WaypointList": [
    {
      "ID": 1,
      "PosX": -97.74677276611328,
      "PosY": 62.59434127807617,
      "PosZ": 6.249218940734863
    },
    {
      "ID": 2,
      "PosX": -94.31714630126953,
      "PosY": 62.594120025634766,
      "PosZ": 11.466320037841797
    },
    {
      "ID": 3,
      "PosX": -94.02735900878906,
      "PosY": 62.090431213378906,
      "PosZ": 18.670360565185547
    }
  ],
  "PathwayList": [
    {
      "ID": 1,
      "PosX": -93.78453826904297,
      "PosY": 62.090431213378906,
      "PosZ": 17.008769989013672,
      "Name": "Pathway1",
      "WaypointIDList": [
        1,
        2,
        3
      ]
    }
  ],
  "BattleAreaList": [],
  "NPCList": [
    {
      "ID": 400001,
      "PosX": -97.74677276611328,
      "PosY": 62.59434127807617,
      "PosZ": 6.249218940734863,
      "Name": "NPC1",
      "NPCID": 3111,
      "ValueSource": {},
      "DialogueGroups": [],
      "ServerInteractVerificationIDList": [],
      "BoardShowList": [],
      "TalkDialogGroupIDList": [],
      "OverrideSeriesID": 4294967295,
      "InitialHiddenNodeList": [],
      "CameraCenterEntityList": [],
      "SpawnConfig": {
        "EntitySpawnConfig": {}
      },
      "TriggerValidGuest": {}
    }
  ],
  "CrowdList": [],
  "PedestrianList": [],
  "SmartObjectList": []
}