{
  "$type": "RPG.GameCore.RtLevelGroupInfo",
  "GroupName": "MainMission1031701_13",
  "Category": "Mission",
  "LevelGraph": "Config/Level/GroupGraph/F20321001/Group_F20321001_G33.json",
  "AreaAnchorName": "LevelArea_P20321_F20321001_G33",
  "SaveType": "Reset",
  "IsPendedUnload": true,
  "OwnerMainMissionID": 1031701,
  "ValueSource": {},
  "ConflictIDList": [],
  "IsHoyoGroup": true,
  "ConflictWhiteList": [],
  "TagContainer": {},
  "AnchorList": [
    {
      "ID": 1,
      "PosX": -102.08300018310547,
      "PosY": 62.323001861572266,
      "PosZ": 48.84600067138672,
      "Name": "Anchor1"
    }
  ],
  "MonsterList": [],
  "PropList": [
    {
      "ID": 300001,
      "PosX": -93.12999725341797,
      "PosY": 62.090431213378906,
      "PosZ": 23.399999618530273,
      "Name": "Prop1",
      "RotY": 270.0,
      "PropID": 100,
      "ValueSource": {},
      "CampID": 4,
      "CustomTriggerMap": {},
      "CustomTriggerMapV2": {
        "MissionTrigger": {
          "Shape": "Box",
          "Radius": 2.0,
          "DimX": 6.0,
          "DimY": 4.0,
          "DimZ": 12.890000343322754,
          "Offset": {
            "x": 0.0,
            "y": 2.0,
            "z": 0.0
          },
          "PointList": []
        }
      },
      "DialogueGroups": [],
      "TalkDialogGroupIDList": [],
      "ServerInteractVerificationIDList": [],
      "TriggerValidGuest": {},
      "CameraCenterEntityList": [],
      "SpawnConfig": {
        "EntitySpawnConfig": {}
      }
    }
  ],
  "DistrictList": [],
  "WaypointList": [
    {
      "ID": 1,
      "PosX": -96.25700378417969,
      "PosY": 62.090431213378906,
      "PosZ": 38.64500045776367
    },
    {
      "ID": 2,
      "PosX": -96.98799896240234,
      "PosY": 62.105430603027344,
      "PosZ": 49.91999816894531
    },
    {
      "ID": 3,
      "PosX": -103.58000183105469,
      "PosY": 62.090431213378906,
      "PosZ": 49.86000061035156
    }
  ],
  "PathwayList": [
    {
      "ID": 1,
      "PosX": -99.74609375,
      "PosY": 64.80909729003906,
      "PosZ": 46.23830032348633,
      "Name": "Pathway1",
      "WaypointIDList": [
        1,
        2,
        3
      ]
    }
  ],
  "BattleAreaList": [],
  "NPCList": [
    {
      "ID": 400001,
      "PosX": -96.25700378417969,
      "PosY": 62.090431213378906,
      "PosZ": 38.64500045776367,
      "Name": "NPC1",
      "RotY": 270.0,
      "NPCID": 3111,
      "ValueSource": {},
      "DialogueGroups": [],
      "ServerInteractVerificationIDList": [],
      "BoardShowList": [],
      "TalkDialogGroupIDList": [],
      "DefaultIdleFreeStyleMotionID": 100040000,
      "InitialHiddenNodeList": [],
      "CameraCenterEntityList": [],
      "SpawnConfig": {
        "EntitySpawnConfig": {}
      },
      "TriggerValidGuest": {}
    }
  ],
  "CrowdList": [],
  "PedestrianList": [],
  "SmartObjectList": []
}