{
  "$type": "RPG.GameCore.RtLevelGroupInfo",
  "GroupName": "Graffiti1",
  "AreaAnchorName": "LevelArea_P40002_F40002102_G2",
  "SaveType": "Reset",
  "UnloadCondition": {
    "Conditions": [
      {
        "Type": "SubMission",
        "Phase": "Finish",
        "ID": 800020202
      }
    ]
  },
  "LoadOnInitial": true,
  "ConflictIDList": [],
  "AnchorList": [
    {
      "ID": 1,
      "PosX": -129.10000610351562,
      "PosY": 6.949999809265137,
      "PosZ": -98.13999938964844,
      "Name": "Anchor1",
      "RotY": 344.8164978027344,
      "RotX": 16.50602912902832,
      "RotZ": 358.29278564453125,
      "Usage": "Camera"
    }
  ],
  "MonsterList": [],
  "PropList": [
    {
      "ID": 300002,
      "PosX": -158.3300018310547,
      "PosY": 3.8499999046325684,
      "PosZ": -103.55999755859375,
      "Name": "Prop2",
      "RotY": 139.08340454101562,
      "RotX": 358.6164855957031,
      "RotZ": 2.006887912750244,
      "Scale": {
        "x": 4.0,
        "y": 4.0,
        "z": 1.0
      },
      "PropID": 123,
      "LoadOnInitial": false,
      "IsOverrideInitLevelGraph": true,
      "Trigger": {
        "Radius": 4.0,
        "DimX": 1.0,
        "DimY": 1.0,
        "DimZ": 1.0,
        "PointList": []
      },
      "CampID": 4,
      "CustomTriggerMap": {},
      "DialogueGroups": [],
      "TalkDialogGroupIDList": [],
      "ServerInteractVerificationIDList": [],
      "CustomParameter": {
        "$type": "RPG.GameCore.LevelPropDecalParam",
        "DecalID": 4,
        "IsFadeIn": false
      }
    },
    {
      "ID": 300001,
      "PosX": -157.9429931640625,
      "PosY": 3.9670000076293945,
      "PosZ": -103.64399719238281,
      "Name": "Prop1",
      "RotY": 148.9185028076172,
      "RotX": 352.4787902832031,
      "RotZ": 0.3529829978942871,
      "PropID": 121,
      "LoadOnInitial": false,
      "IsOverrideInitLevelGraph": true,
      "Trigger": {
        "Radius": 2.0,
        "DimX": 1.0,
        "DimY": 1.0,
        "DimZ": 1.0,
        "Offset": {
          "x": 0.0,
          "y": -1.2999999523162842,
          "z": 0.0
        },
        "PointList": []
      },
      "CampID": 4,
      "CustomTriggerMap": {},
      "DialogueGroups": [],
      "TalkDialogGroupIDList": [],
      "ServerInteractVerificationIDList": []
    },
    {
      "ID": 300003,
      "PosX": -119.7300033569336,
      "PosY": 2.759999990463257,
      "PosZ": -112.63999938964844,
      "Name": "Prop3",
      "RotY": 336.21038818359375,
      "Scale": {
        "x": 7.0064921379089355,
        "y": 1.0,
        "z": 1.9837000370025635
      },
      "PropID": 100,
      "IsOverrideInitLevelGraph": true,
      "Trigger": {
        "Shape": "Box",
        "Radius": 1.0,
        "DimX": 1.0,
        "DimY": 1.0,
        "DimZ": 1.0,
        "PointList": []
      },
      "CampID": 4,
      "CustomTriggerMap": {},
      "DialogueGroups": [],
      "TalkDialogGroupIDList": [],
      "ServerInteractVerificationIDList": []
    },
    {
      "ID": 300004,
      "PosX": -131.35000610351562,
      "PosY": 7.070000171661377,
      "PosZ": -89.0,
      "Name": "Prop4",
      "RotY": 139.08340454101562,
      "RotX": 358.6164855957031,
      "RotZ": 2.006887912750244,
      "Scale": {
        "x": 4.0,
        "y": 4.0,
        "z": 1.0
      },
      "PropID": 123,
      "LoadOnInitial": false,
      "IsOverrideInitLevelGraph": true,
      "Trigger": {
        "Radius": 4.0,
        "DimX": 1.0,
        "DimY": 1.0,
        "DimZ": 1.0,
        "PointList": []
      },
      "CampID": 4,
      "CustomTriggerMap": {},
      "DialogueGroups": [],
      "TalkDialogGroupIDList": [],
      "ServerInteractVerificationIDList": [],
      "CustomParameter": {
        "$type": "RPG.GameCore.LevelPropDecalParam",
        "DecalID": 4,
        "IsFadeIn": false
      }
    }
  ],
  "DistrictList": [],
  "WaypointList": [],
  "PathwayList": [],
  "BattleAreaList": [],
  "NPCList": [],
  "CrowdList": [],
  "PedestrianList": []
}