{
  "$type": "RPG.GameCore.RtLevelGroupInfo",
  "GroupName": "MainMission4070012_New Group",
  "Category": "Mission",
  "AreaAnchorName": "LevelArea_P44001_F44001002_G33",
  "LoadSide": "Server",
  "OwnerMainMissionID": 4070012,
  "ValueSource": {},
  "ConflictIDList": [],
  "IsHoyoGroup": true,
  "ConflictWhiteList": [],
  "AnchorList": [],
  "MonsterList": [
    {
      "ID": 200001,
      "PosX": 91.41000366210938,
      "PosY": 78.66100311279297,
      "PosZ": 139.89999389648438,
      "Name": "Monster1",
      "RotY": 71.03877258300781,
      "NPCMonsterID": 8012010,
      "AIConfig": {
        "PathwayList": [],
        "SlaveConfigList": []
      },
      "ValueSource": {},
      "CampID": 3,
      "BattleArea": {
        "GroupID": 8,
        "ID": 1
      },
      "EventID": 40002046,
      "BoardShowList": [
        2
      ],
      "TagList": []
    }
  ],
  "PropList": [],
  "DistrictList": [],
  "WaypointList": [
    {
      "ID": 1,
      "PosX": 91.33000183105469,
      "PosY": 78.66100311279297,
      "PosZ": 139.97149658203125
    },
    {
      "ID": 2,
      "PosX": 105.44000244140625,
      "PosY": 78.66100311279297,
      "PosZ": 139.97149658203125
    }
  ],
  "PathwayList": [
    {
      "ID": 1,
      "PosX": 94.89972686767578,
      "PosY": 78.66100311279297,
      "PosZ": 142.76800537109375,
      "Name": "Pathway1",
      "WaypointIDList": [
        1,
        2
      ]
    }
  ],
  "BattleAreaList": [],
  "NPCList": [],
  "CrowdList": [],
  "PedestrianList": [],
  "SmartObjectList": []
}