{
  "$type": "RPG.GameCore.RtLevelGroupInfo",
  "GroupName": "MainMission8027208_01",
  "Category": "Mission",
  "LevelGraph": "Config/Level/GroupGraph/F10306001/Group_F10306001_G380.json",
  "AreaAnchorName": "LevelArea_P10306_F10306001_G380",
  "SaveType": "Reset",
  "OwnerMainMissionID": 8027208,
  "ValueSource": {},
  "ConflictIDList": [],
  "IsHoyoGroup": true,
  "ConflictWhiteList": [],
  "TagContainer": {
    "List": [
      {
        "Tag": "Group.Activity.270PhotoExhibition",
        "TagHash": -331858040
      }
    ]
  },
  "AnchorList": [
    {
      "ID": 1,
      "PosX": 8.770000457763672,
      "PosY": 4.937127113342285,
      "PosZ": 159.02999877929688,
      "Name": "Anchor1",
      "RotY": 287.3573913574219,
      "Usage": "Actor"
    },
    {
      "ID": 2,
      "PosX": 5.508999824523926,
      "PosY": 4.937127113342285,
      "PosZ": 160.56300354003906,
      "Name": "Anchor2",
      "RotY": 277.9314880371094,
      "Usage": "Actor"
    }
  ],
  "MonsterList": [],
  "PropList": [
    {
      "ID": 300001,
      "PosX": -0.9610000252723694,
      "PosY": 5.022575855255127,
      "PosZ": 163.0260009765625,
      "Name": "Prop1",
      "RotY": 4.583326816558838,
      "Scale": {
        "x": 0.699999988079071,
        "y": 0.699999988079071,
        "z": 0.699999988079071
      },
      "PropID": 103258,
      "ValueSource": {},
      "CampID": 4,
      "CustomTriggerMap": {},
      "CustomTriggerMapV2": {
        "MissionTrigger": {
          "PointList": []
        }
      },
      "StateConfigs": [],
      "DialogueGroups": [],
      "TalkDialogGroupIDList": [],
      "ServerInteractVerificationIDList": [],
      "DialogueTriggerSkipSpecifiedFakeAvatarList": [],
      "IsClientOnly": true,
      "CameraCenterEntityList": [],
      "CameraConfig": {},
      "SpawnConfig": {
        "EntitySpawnConfig": {}
      }
    },
    {
      "ID": 300002,
      "PosX": 2.4800000190734863,
      "PosY": 5.538000106811523,
      "PosZ": 163.31399536132812,
      "Name": "Prop2",
      "RotY": 339.50360107421875,
      "Scale": {
        "x": 0.30000001192092896,
        "y": 0.30000001192092896,
        "z": 0.30000001192092896
      },
      "PropID": 103258,
      "ValueSource": {},
      "CampID": 4,
      "CustomTriggerMap": {},
      "CustomTriggerMapV2": {
        "MissionTrigger": {
          "PointList": []
        }
      },
      "StateConfigs": [],
      "DialogueGroups": [],
      "TalkDialogGroupIDList": [],
      "ServerInteractVerificationIDList": [],
      "DialogueTriggerSkipSpecifiedFakeAvatarList": [],
      "IsClientOnly": true,
      "CameraCenterEntityList": [],
      "CameraConfig": {},
      "SpawnConfig": {
        "EntitySpawnConfig": {}
      }
    },
    {
      "ID": 300003,
      "PosX": 2.4070000648498535,
      "PosY": 5.0225749015808105,
      "PosZ": 163.24200439453125,
      "Name": "Prop3",
      "RotY": 313.5259094238281,
      "Scale": {
        "x": 0.5,
        "y": 0.5,
        "z": 0.5
      },
      "PropID": 103258,
      "ValueSource": {},
      "CampID": 4,
      "CustomTriggerMap": {},
      "CustomTriggerMapV2": {
        "MissionTrigger": {
          "PointList": []
        }
      },
      "StateConfigs": [],
      "DialogueGroups": [],
      "TalkDialogGroupIDList": [],
      "ServerInteractVerificationIDList": [],
      "DialogueTriggerSkipSpecifiedFakeAvatarList": [],
      "IsClientOnly": true,
      "CameraCenterEntityList": [],
      "CameraConfig": {},
      "SpawnConfig": {
        "EntitySpawnConfig": {}
      }
    },
    {
      "ID": 300004,
      "PosX": -1.8279999494552612,
      "PosY": 5.0225749015808105,
      "PosZ": 163.08799743652344,
      "Name": "Prop4",
      "RotY": 295.6664123535156,
      "Scale": {
        "x": 0.6000000238418579,
        "y": 0.6000000238418579,
        "z": 0.6000000238418579
      },
      "PropID": 103258,
      "ValueSource": {},
      "CampID": 4,
      "CustomTriggerMap": {},
      "CustomTriggerMapV2": {
        "MissionTrigger": {
          "PointList": []
        }
      },
      "StateConfigs": [],
      "DialogueGroups": [],
      "TalkDialogGroupIDList": [],
      "ServerInteractVerificationIDList": [],
      "DialogueTriggerSkipSpecifiedFakeAvatarList": [],
      "IsClientOnly": true,
      "CameraCenterEntityList": [],
      "CameraConfig": {},
      "SpawnConfig": {
        "EntitySpawnConfig": {}
      }
    }
  ],
  "DistrictList": [
    {
      "ID": 1,
      "PosX": 2.700000047683716,
      "PosY": 4.937127113342285,
      "PosZ": 161.8300018310547,
      "Name": "District1",
      "Trigger": {
        "Radius": 5.0,
        "DimX": 1.0,
        "DimY": 1.0,
        "DimZ": 1.0,
        "PointList": []
      },
      "DistrictType": "Level",
      "ValueSource": {}
    }
  ],
  "WaypointList": [],
  "PathwayList": [],
  "BattleAreaList": [],
  "NPCList": [
    {
      "ID": 400001,
      "PosX": 5.045000076293945,
      "PosY": 4.937127113342285,
      "PosZ": 160.093994140625,
      "Name": "NPC1",
      "RotY": 315.4505920410156,
      "NPCID": 1993,
      "ValueSource": {},
      "StaticNPC": true,
      "DialogueGroups": [],
      "ServerInteractVerificationIDList": [],
      "BoardShowList": [],
      "TalkDialogGroupIDList": [],
      "DefaultIdleFreeStyleMotionID": 390010246,
      "InitialHiddenNodeList": [],
      "DialogueTriggerSkipSpecifiedFakeAvatarList": [],
      "OverrideReplaceMaterialKeyList": [],
      "CameraCenterEntityList": [],
      "CameraConfig": {},
      "SpawnConfig": {
        "EntitySpawnConfig": {}
      },
      "TriggerValidGuest": {}
    },
    {
      "ID": 400002,
      "PosX": 2.490000009536743,
      "PosY": 5.843999862670898,
      "PosZ": 163.2169952392578,
      "Name": "NPC2",
      "RotY": 175.32899475097656,
      "NPCID": 3169,
      "ValueSource": {},
      "StaticNPC": true,
      "DialogueGroups": [],
      "ServerInteractVerificationIDList": [],
      "BoardShowList": [],
      "TalkDialogGroupIDList": [],
      "DefaultIdleFreeStyleMotionID": 900280000,
      "InitialHiddenNodeList": [],
      "DialogueTriggerSkipSpecifiedFakeAvatarList": [],
      "OverrideReplaceMaterialKeyList": [],
      "CameraCenterEntityList": [],
      "CameraConfig": {},
      "SpawnConfig": {
        "EntitySpawnConfig": {}
      },
      "TriggerValidGuest": {}
    },
    {
      "ID": 400003,
      "PosX": 2.381999969482422,
      "PosY": 4.937127113342285,
      "PosZ": 160.7209930419922,
      "Name": "NPC3",
      "RotY": 27.90321922302246,
      "NPCID": 13182,
      "ValueSource": {},
      "StaticNPC": true,
      "DialogueGroups": [],
      "ServerInteractVerificationIDList": [],
      "BoardShowList": [],
      "TalkDialogGroupIDList": [],
      "DefaultIdleFreeStyleMotionID": 100010345,
      "InitialHiddenNodeList": [],
      "DialogueTriggerSkipSpecifiedFakeAvatarList": [],
      "OverrideReplaceMaterialKeyList": [],
      "CameraCenterEntityList": [],
      "CameraConfig": {},
      "SpawnConfig": {
        "EntitySpawnConfig": {}
      },
      "TriggerValidGuest": {}
    },
    {
      "ID": 400004,
      "PosX": 4.199999809265137,
      "PosY": 4.937128067016602,
      "PosZ": 162.25,
      "Name": "NPC4",
      "RotY": 295.2438049316406,
      "NPCID": 13184,
      "ValueSource": {},
      "StaticNPC": true,
      "DialogueGroups": [],
      "ServerInteractVerificationIDList": [],
      "BoardShowList": [],
      "TalkDialogGroupIDList": [],
      "DefaultIdleFreeStyleMotionID": 100010210,
      "InitialHiddenNodeList": [],
      "DialogueTriggerSkipSpecifiedFakeAvatarList": [],
      "OverrideReplaceMaterialKeyList": [],
      "CameraCenterEntityList": [],
      "CameraConfig": {},
      "SpawnConfig": {
        "EntitySpawnConfig": {}
      },
      "TriggerValidGuest": {}
    },
    {
      "ID": 400005,
      "PosX": 1.440000057220459,
      "PosY": 4.937127113342285,
      "PosZ": 161.52000427246094,
      "Name": "NPC5",
      "RotY": 56.38727951049805,
      "NPCID": 13235,