{
  "$type": "RPG.GameCore.RtLevelGroupInfo",
  "GroupName": "MainMission2030102_01",
  "Category": "Mission",
  "LevelGraph": "Config/Level/GroupGraph/F43310001/Group_F43310001_G3.json",
  "AreaAnchorName": "LevelArea_P43310_F43310001_G3",
  "SaveType": "Reset",
  "OwnerMainMissionID": 2030102,
  "ValueSource": {},
  "ConflictIDList": [],
  "IsHoyoGroup": true,
  "ConflictWhiteList": [],
  "TagContainer": {},
  "AnchorList": [
    {
      "ID": 1,
      "PosX": 77.2300033569336,
      "PosY": 197.74000549316406,
      "PosZ": 574.6900024414062,
      "Name": "Anchor1",
      "RotY": 92.13646697998047
    }
  ],
  "MonsterList": [],
  "PropList": [],
  "DistrictList": [],
  "WaypointList": [
    {
      "ID": 1,
      "PosX": 82.62000274658203,
      "PosY": 197.74000549316406,
      "PosZ": 574.469970703125
    },
    {
      "ID": 2,
      "PosX": 87.4800033569336,
      "PosY": 197.74000549316406,
      "PosZ": 574.469970703125
    },
    {
      "ID": 3,
      "PosX": 95.54000091552734,
      "PosY": 200.6842041015625,
      "PosZ": 574.469970703125
    },
    {
      "ID": 4,
      "PosX": 100.08999633789062,
      "PosY": 200.60989379882812,
      "PosZ": 572.0
    }
  ],
  "PathwayList": [
    {
      "ID": 1,
      "PosX": 82.62000274658203,
      "PosY": 197.74000549316406,
      "PosZ": 574.469970703125,
      "Name": "Pathway1",
      "WaypointIDList": [
        1,
        2,
        3,
        4
      ]
    }
  ],
  "BattleAreaList": [],
  "NPCList": [
    {
      "ID": 400001,
      "PosX": 82.62000274658203,
      "PosY": 197.74000549316406,
      "PosZ": 574.469970703125,
      "Name": "NPC1",
      "RotY": 97.71734619140625,
      "NPCID": 13208,
      "ValueSource": {},
      "DialogueGroups": [],
      "ServerInteractVerificationIDList": [],
      "BoardShowList": [
        1
      ],
      "TalkDialogGroupIDList": [],
      "DefaultIdleFreeStyleMotionID": 100020000,
      "InitialHiddenNodeList": [],
      "SpawnConfig": {
        "OverrideSpawn": true,
        "EntitySpawnConfig": {
          "NeedBlackIn": false
        }
      },
      "TriggerValidGuest": {}
    }
  ],
  "CrowdList": [],
  "PedestrianList": [],
  "SmartObjectList": []
}