{
  "$type": "RPG.GameCore.RtLevelGroupInfo",
  "GroupName": "MainMission2030102_07",
  "Category": "Mission",
  "LevelGraph": "Config/Level/GroupGraph/F43310001/Group_F43310001_G9.json",
  "AreaAnchorName": "LevelArea_P43310_F43310001_G9",
  "SaveType": "Reset",
  "OwnerMainMissionID": 2030102,
  "ValueSource": {},
  "ConflictIDList": [],
  "IsHoyoGroup": true,
  "ConflictWhiteList": [],
  "TagContainer": {},
  "AnchorList": [
    {
      "ID": 1,
      "PosX": 348.32000732421875,
      "PosY": 120.58000183105469,
      "PosZ": 619.5800170898438,
      "Name": "Anchor1",
      "RotY": 269.8688049316406
    }
  ],
  "MonsterList": [],
  "PropList": [],
  "DistrictList": [],
  "WaypointList": [
    {
      "ID": 1,
      "PosX": 343.17999267578125,
      "PosY": 120.58000183105469,
      "PosZ": 619.6199951171875
    },
    {
      "ID": 2,
      "PosX": 335.5360107421875,
      "PosY": 120.58000183105469,
      "PosZ": 619.6400146484375
    },
    {
      "ID": 3,
      "PosX": 331.2699890136719,
      "PosY": 122.04019927978516,
      "PosZ": 619.5999755859375
    },
    {
      "ID": 4,
      "PosX": 327.7799987792969,
      "PosY": 123.2654037475586,
      "PosZ": 619.5900268554688
    }
  ],
  "PathwayList": [
    {
      "ID": 1,
      "PosX": 343.17999267578125,
      "PosY": 120.58000183105469,
      "PosZ": 619.6199951171875,
      "Name": "Pathway1",
      "WaypointIDList": [
        1,
        2,
        3,
        4
      ]
    }
  ],
  "BattleAreaList": [],
  "NPCList": [
    {
      "ID": 400001,
      "PosX": 343.17999267578125,
      "PosY": 120.58000183105469,
      "PosZ": 619.6199951171875,
      "Name": "NPC1",
      "RotY": 269.0006103515625,
      "NPCID": 13208,
      "ValueSource": {},
      "DialogueGroups": [],
      "ServerInteractVerificationIDList": [],
      "BoardShowList": [
        1
      ],
      "TalkDialogGroupIDList": [],
      "DefaultIdleFreeStyleMotionID": 100020000,
      "InitialHiddenNodeList": [],
      "SpawnConfig": {
        "OverrideSpawn": true,
        "EntitySpawnConfig": {
          "NeedBlackIn": false
        }
      },
      "TriggerValidGuest": {}
    }
  ],
  "CrowdList": [],
  "PedestrianList": [],
  "SmartObjectList": []
}