{
  "$type": "RPG.GameCore.RtLevelGroupInfo",
  "GroupName": "Monster_ChestMonster",
  "AreaAnchorName": "LevelArea_P20312_F20312001_G208",
  "SavedValueCondition": {
    "Conditions": [
      {
        "SavedValueName": "SceneStateByMainMission",
        "Value": 1
      }
    ],
    "Operation": "And"
  },
  "LoadSide": "Server",
  "ValueSource": {},
  "ConflictIDList": [],
  "IsHoyoGroup": true,
  "HoYoGroupType": "Container",
  "ConflictWhiteList": [],
  "AnchorList": [],
  "MonsterList": [
    {
      "ID": 200001,
      "PosX": -120.37079620361328,
      "PosY": 11.517279624938965,
      "PosZ": 56.10308074951172,
      "Name": "Monster1",
      "RotY": 180.0,
      "NPCMonsterID": 8002040,
      "AIConfig": {
        "PathwayList": [
          {
            "UseOwnerGroup": true,
            "UseGroup": 208,
            "UseID": 1,
            "StartAt": 1
          }
        ],
        "SlaveConfigList": []
      },
      "ValueSource": {},
      "CampID": 3,
      "BattleArea": {
        "GroupID": 3,
        "ID": 1
      },
      "EventID": 20312130,
      "BoardShowList": [
        2
      ],
      "TagList": []
    }
  ],
  "PropList": [],
  "DistrictList": [],
  "WaypointList": [
    {
      "ID": 1,
      "PosX": -121.31539916992188,
      "PosY": 11.517279624938965,
      "PosZ": 53.65983963012695
    },
    {
      "ID": 2,
      "PosX": -119.4312973022461,
      "PosY": 11.517279624938965,
      "PosZ": 56.23899841308594
    },
    {
      "ID": 3,
      "PosX": -123.74939727783203,
      "PosY": 11.517290115356445,
      "PosZ": 61.04124069213867
    },
    {
      "ID": 4,
      "PosX": -126.6093978881836,
      "PosY": 11.517290115356445,
      "PosZ": 61.2854118347168
    }
  ],
  "PathwayList": [
    {
      "ID": 1,
      "PosX": -128.50250244140625,
      "PosY": 11.517290115356445,
      "PosZ": 61.223609924316406,
      "Name": "Pathway1",
      "WaypointIDList": [
        1,
        2,
        3,
        4,
        3,
        2
      ]
    }
  ],
  "BattleAreaList": [],
  "NPCList": [],
  "CrowdList": [],
  "PedestrianList": [],
  "SmartObjectList": []
}