{
  "$type": "RPG.GameCore.RtLevelGroupInfo",
  "GroupName": "MainMission4072012_NPCBird",
  "Category": "Mission",
  "LevelGraph": "Config/Level/GroupGraph/F44201002/Group_F44201002_G33.json",
  "AreaAnchorName": "LevelArea_P44201_F44201002_G33",
  "SaveType": "Reset",
  "OwnerMainMissionID": 4072012,
  "ConflictIDList": [],
  "IsHoyoGroup": true,
  "ConflictWhiteList": [],
  "AnchorList": [
    {
      "ID": 1,
      "PosX": 23.306930541992188,
      "PosY": 43.95827102661133,
      "PosZ": -13.668270111083984,
      "Name": "Anchor1",
      "RotY": 90.0
    }
  ],
  "MonsterList": [],
  "PropList": [
    {
      "ID": 300001,
      "PosX": 24.652650833129883,
      "PosY": 43.95827102661133,
      "PosZ": -10.015520095825195,
      "Name": "Prop1",
      "PropID": 100,
      "IsOverrideInitLevelGraph": true,
      "InitLevelGraph": "Config/Level/Raid/44201_Raid/Maze_InvisibleMonsterRaid_Raid02_NPCTrail.json",
      "Trigger": {
        "Radius": 5.0,
        "DimX": 1.0,
        "DimY": 1.0,
        "DimZ": 1.0,
        "PointList": []
      },
      "CampID": 4,
      "CustomTriggerMap": {},
      "CustomTriggerMapV2": {},
      "DialogueGroups": [],
      "TalkDialogGroupIDList": [],
      "ServerInteractVerificationIDList": []
    }
  ],
  "DistrictList": [],
  "WaypointList": [
    {
      "ID": 1,
      "PosX": 28.28696060180664,
      "PosY": 43.95827865600586,
      "PosZ": -13.808199882507324
    },
    {
      "ID": 2,
      "PosX": 34.35081100463867,
      "PosY": 43.98823928833008,
      "PosZ": -11.193610191345215
    },
    {
      "ID": 3,
      "PosX": 58.70349884033203,
      "PosY": 43.963321685791016,
      "PosZ": 12.95829963684082
    },
    {
      "ID": 4,
      "PosX": 67.70905303955078,
      "PosY": 44.0101203918457,
      "PosZ": 3.869999885559082
    }
  ],
  "PathwayList": [
    {
      "ID": 1,
      "PosX": -123.18769836425781,
      "PosY": 2.924103021621704,
      "PosZ": -116.01589965820312,
      "Name": "Pathway1",
      "WaypointIDList": [
        1,
        2,
        3,
        4
      ]
    }
  ],
  "BattleAreaList": [],
  "NPCList": [
    {
      "ID": 400001,
      "PosX": 24.70075035095215,
      "PosY": 44.70777893066406,
      "PosZ": -9.469626426696777,
      "Name": "NPC1",
      "RotY": 135.0,
      "NPCID": 3011,
      "AIConfig": {
        "PathwayList": [
          {
            "UseOwnerGroup": true,
            "UseGroup": 33,
            "UseID": 1,
            "StartAt": 1
          }
        ],
        "SlaveConfigList": []
      },
      "DialogueGroups": [],
      "ServerInteractVerificationIDList": [],
      "BoardShowList": [],
      "TalkDialogGroupIDList": [],
      "InitialHiddenNodeList": []
    }
  ],
  "CrowdList": [],
  "PedestrianList": [],
  "SmartObjectList": [
    {
      "ID": 1,
      "PosX": -119.72100067138672,
      "PosY": 0.8839030265808105,
      "PosZ": -125.1572036743164,
      "Name": "SmartObject1",
      "SlotList": [
        {
          "PointList": [
            {
              "RootTask": {
                "$type": "RPG.GameCore.SO_Sequence",
                "Tasks": [
                  {
                    "$type": "RPG.GameCore.SO_MoveTo",
                    "MoveStance": "Run"
                  },
                  {
                    "$type": "RPG.GameCore.SO_PlayFreeStyle",
                    "StoryMotionID": 310020202,
                    "ForceStart": false
                  }
                ]
              }
            }
          ]
        }
      ]
    },
    {
      "ID": 2,
      "PosX": -114.07630157470703,
      "PosY": 0.8839030265808105,
      "PosZ": -125.84839630126953,
      "Name": "SmartObject2",
      "SlotList": [
        {
          "PointList": [
            {
              "RootTask": {
                "$type": "RPG.GameCore.SO_Sequence",
                "Tasks": [
                  {
                    "$type": "RPG.GameCore.SO_MoveTo",
                    "MoveStance": "Run",
                    "FinishAfterStop": true
                  },
                  {
                    "$type": "RPG.GameCore.SO_PlayFreeStyle",
                    "StoryMotionID": 310020216,
                    "ForceStart": false
                  }
                ]
              }
            }
          ]
        }
      ]
    }
  ]
}