{
  "$type": "RPG.GameCore.RtLevelGroupInfo",
  "GroupName": "MainMission1040317_02",
  "Category": "Mission",
  "LevelGraph": "Config/Level/GroupGraph/F40421001/Group_F40421001_G4.json",
  "AreaAnchorName": "LevelArea_P40421_F40421001_G4",
  "SaveType": "Reset",
  "OwnerMainMissionID": 1040317,
  "ValueSource": {},
  "ConflictIDList": [],
  "IsHoyoGroup": true,
  "StreamingTemplateType": "None",
  "ConflictWhiteList": [],
  "AnchorList": [
    {
      "ID": 1,
      "PosX": 26.719999313354492,
      "PosY": 2.8736519813537598,
      "PosZ": -49.290000915527344,
      "Name": "Anchor1",
      "RotY": 296.972900390625
    }
  ],
  "MonsterList": [],
  "PropList": [
    {
      "ID": 300001,
      "PosX": 15.299759864807129,
      "PosY": 0.87807297706604,
      "PosZ": -27.35984992980957,
      "Name": "Prop1",
      "PropID": 111,
      "ValueSource": {},
      "CampID": 4,
      "CustomTriggerMap": {},
      "CustomTriggerMapV2": {},
      "StateConfigs": [],
      "DialogueGroups": [],
      "TalkDialogGroupIDList": [],
      "ServerInteractVerificationIDList": [],
      "HideInCutScene": true,
      "HideInStory": true,
      "PerformanceHideFlags": 15,
      "DialogueTriggerSkipSpecifiedFakeAvatarList": [],
      "CameraCenterEntityList": [],
      "CameraConfig": {},
      "OverrideAdvEffectMap": {},
      "SpawnConfig": {
        "EntitySpawnConfig": {}
      }
    }
  ],
  "DistrictList": [],
  "WaypointList": [
    {
      "ID": 1,
      "PosX": 12.029999732971191,
      "PosY": 2.2218620777130127,
      "PosZ": -41.56999969482422
    },
    {
      "ID": 2,
      "PosX": 16.450000762939453,
      "PosY": 0.8252959847450256,
      "PosZ": -26.700000762939453
    },
    {
      "ID": 3,
      "PosX": 11.869999885559082,
      "PosY": 1.5023460388183594,
      "PosZ": -34.93000030517578
    }
  ],
  "PathwayList": [
    {
      "ID": 1,
      "PosX": 23.287649154663086,
      "PosY": 2.764580011367798,
      "PosZ": -47.486610412597656,
      "Name": "Pathway1",
      "WaypointIDList": [
        1,
        3,
        2
      ]
    }
  ],
  "BattleAreaList": [],
  "NPCList": [
    {
      "ID": 400001,
      "PosX": 24.173999786376953,
      "PosY": 2.806312084197998,
      "PosZ": -48.45800018310547,
      "Name": "NPC1",
      "RotY": 292.6065979003906,
      "NPCID": 3187,
      "ValueSource": {},
      "DialogueGroups": [],
      "ServerInteractVerificationIDList": [],
      "BoardShowList": [
        8
      ],
      "TalkDialogGroupIDList": [],
      "DefaultIdleFreeStyleMotionID": 900360000,
      "AdditiveResidentEffect": [],
      "InitialHiddenNodeList": [],
      "DialogueTriggerSkipSpecifiedFakeAvatarList": [],
      "OverrideReplaceMaterialKeyList": [],
      "CameraCenterEntityList": [],
      "CameraConfig": {},
      "SpawnConfig": {
        "EntitySpawnConfig": {}
      },
      "TriggerValidGuest": {}
    }
  ],
  "CrowdList": [],
  "PedestrianList": [],
  "PedestrianV2List": [],
  "AudienceList": [],
  "SmartObjectList": [],
  "CurveList": [],
  "LittleGameList": []
}