{
  "$type": "RPG.GameCore.RtLevelGroupInfo",
  "GroupName": "MainMission4340192_xilian",
  "Category": "Mission",
  "LevelGraph": "Config/Level/GroupGraph/F10441001/Group_F10441001_G231.json",
  "AreaAnchorName": "LevelArea_P10441_F10441001_G231",
  "SaveType": "Reset",
  "OwnerMainMissionID": 4340192,
  "ValueSource": {},
  "ConflictIDList": [],
  "IsHoyoGroup": true,
  "ConflictWhiteList": [],
  "AnchorList": [
    {
      "ID": 1,
      "PosX": 31.079999923706055,
      "PosY": -0.9599999785423279,
      "PosZ": 2.109999895095825,
      "Name": "Anchor1",
      "RotY": 115.59700012207031,
      "RotX": 342.0458984375,
      "RotZ": 359.3817138671875,
      "Usage": "Camera",
      "CustomParameter": {
        "$type": "RPG.GameCore.LevelAnchorCameraParameter",
        "fov": 50.0
      }
    }
  ],
  "MonsterList": [],
  "PropList": [
    {
      "ID": 300001,
      "PosX": 32.8990592956543,
      "PosY": -0.734000027179718,
      "PosZ": 1.8323019742965698,
      "Name": "Prop1",
      "RotY": 282.5492858886719,
      "PropID": 104209,
      "LoadOnInitial": false,
      "ValueSource": {
        "Values": [
          {
            "$type": "RPG.GameCore.SharedInt",
            "Key": "SealType",
            "Value": 1
          }
        ]
      },
      "CampID": 4,
      "CustomTriggerMap": {},
      "CustomTriggerMapV2": {},
      "StateConfigs": [],
      "DialogueGroups": [],
      "TalkDialogGroupIDList": [],
      "ServerInteractVerificationIDList": [],
      "DialogueTriggerSkipSpecifiedFakeAvatarList": [],
      "CameraCenterEntityList": [],
      "CameraConfig": {
        "VCFollowOffset": {
          "x": -1.0,
          "y": -0.8999999761581421,
          "z": 6.230000019073486
        },
        "VCLookAtOffset": {
          "x": -1.0499999523162842,
          "y": 0.28999999165534973,
          "z": 3.0799999237060547
        }
      },
      "OverrideAdvEffectMap": {},
      "SpawnConfig": {
        "OverrideSpawn": true,
        "EntitySpawnConfig": {
          "NeedBlackIn": false
        }
      }
    },
    {
      "ID": 300002,
      "PosX": 33.20899963378906,
      "PosY": -3.2219998836517334,
      "PosZ": 2.3919999599456787,
      "Name": "Prop2",
      "RotY": 36.69697952270508,
      "Scale": {
        "x": 1.2999999523162842,
        "y": 1.2999999523162842,
        "z": 1.2999999523162842
      },
      "PropID": 104262,
      "ValueSource": {
        "Values": [
          {
            "$type": "RPG.GameCore.SharedInt",
            "Key": "Colour"
          },
          {
            "$type": "RPG.GameCore.SharedString",
            "Key": "CustomString",
            "Value": "TriggerPink3"
          }
        ]
      },
      "CampID": 4,
      "CustomTriggerMap": {},
      "CustomTriggerMapV2": {},
      "StateConfigs": [],
      "DialogueGroups": [],
      "TalkDialogGroupIDList": [],
      "ServerInteractVerificationIDList": [],
      "DialogueTriggerSkipSpecifiedFakeAvatarList": [],
      "CameraCenterEntityList": [],
      "CameraConfig": {},
      "OverrideAdvEffectMap": {},
      "SpawnConfig": {
        "EntitySpawnConfig": {}
      }
    }
  ],
  "DistrictList": [],
  "WaypointList": [],
  "PathwayList": [],
  "BattleAreaList": [],
  "NPCList": [],
  "CrowdList": [],
  "PedestrianList": [],
  "PedestrianV2List": [],
  "AudienceList": [],
  "SmartObjectList": [],
  "CurveList": [],
  "LittleGameList": []
}