{
  "$type": "RPG.GameCore.RtLevelGroupInfo",
  "GroupName": "MainMission1040502_08",
  "Category": "Mission",
  "LevelGraph": "Config/Level/GroupGraph/F10441001/Group_F10441001_G55.json",
  "AreaAnchorName": "LevelArea_P10441_F10441001_G55",
  "SaveType": "Reset",
  "OwnerMainMissionID": 1040502,
  "ValueSource": {},
  "ConflictIDList": [],
  "IsHoyoGroup": true,
  "ConflictWhiteList": [],
  "AnchorList": [
    {
      "ID": 1,
      "PosX": 70.15424346923828,
      "PosY": -6.265811920166016,
      "PosZ": 38.43339157104492,
      "Name": "Anchor1"
    }
  ],
  "MonsterList": [],
  "PropList": [
    {
      "ID": 300001,
      "PosX": 68.71005249023438,
      "PosY": -6.090796947479248,
      "PosZ": 36.10990905761719,
      "IsDelete": true,
      "Name": "Prop1",
      "PropID": 100,
      "ValueSource": {},
      "CampID": 4,
      "CustomTriggerMap": {},
      "CustomTriggerMapV2": {},
      "StateConfigs": [],
      "DialogueGroups": [],
      "TalkDialogGroupIDList": [],
      "ServerInteractVerificationIDList": [],
      "DialogueTriggerSkipSpecifiedFakeAvatarList": [],
      "CameraCenterEntityList": [],
      "CameraConfig": {},
      "OverrideAdvEffectMap": {},
      "SpawnConfig": {
        "EntitySpawnConfig": {}
      }
    }
  ],
  "DistrictList": [
    {
      "ID": 500001,
      "PosX": 71.48915100097656,
      "PosY": -6.2903008460998535,
      "PosZ": 37.19026184082031,
      "Name": "District1",
      "RotY": 142.3415069580078,
      "Trigger": {
        "Shape": "GeometrySphere",
        "Radius": 8.289999961853027,
        "DimX": 1.0,
        "DimY": 1.0,
        "DimZ": 1.0
      },
      "DistrictType": "Level",
      "ValueSource": {}
    }
  ],
  "WaypointList": [
    {
      "ID": 1,
      "PosX": 72.47248840332031,
      "PosY": -6.320682048797607,
      "PosZ": 36.53622817993164
    },
    {
      "ID": 2,
      "PosX": 74.10143280029297,
      "PosY": -5.488627910614014,
      "PosZ": 35.943119049072266
    }
  ],
  "PathwayList": [
    {
      "ID": 1,
      "PosX": 74.41200256347656,
      "PosY": -5.251948833465576,
      "PosZ": 36.167381286621094,
      "Name": "Pathway1",
      "WaypointIDList": [
        1,
        2
      ]
    }
  ],
  "BattleAreaList": [],
  "NPCList": [
    {
      "ID": 400001,
      "PosX": 71.48915100097656,
      "PosY": -6.2903008460998535,
      "PosZ": 37.19026184082031,
      "Name": "NPC1",
      "RotY": 142.3415069580078,
      "NPCID": 1408,
      "ValueSource": {},
      "DialogueGroups": [],
      "ServerInteractVerificationIDList": [],
      "BoardShowList": [],
      "TalkDialogGroupIDList": [],
      "DefaultIdleFreeStyleMotionID": 314080000,
      "AdditiveResidentEffect": [
        {
          "EffectPath": "Effects/Eff_Prefab/Eff_NPC/Normal/Common/Eff_Normal_Male_Common_StoryCrystal.prefab",
          "AttachPoint": "Root"
        }
      ],
      "InitialHiddenNodeList": [],
      "DialogueTriggerSkipSpecifiedFakeAvatarList": [],
      "OverrideReplaceMaterialKeyList": [
        "StoryCrystal_Phainon_00"
      ],
      "CameraCenterEntityList": [],
      "CameraConfig": {},
      "SFXOnLoad": "Ev_sfx_npc_common_StoryCrystal_loop",
      "SpawnConfig": {
        "OverrideSpawn": true,
        "EntitySpawnConfig": {
          "NeedBlackIn": false,
          "NeedFadeIn": false,
          "NeedFadeOut": false
        },
        "TryCapture": false
      },
      "TriggerValidGuest": {}
    }
  ],
  "CrowdList": [],
  "PedestrianList": [],
  "PedestrianV2List": [],
  "AudienceList": [],
  "SmartObjectList": [],
  "CurveList": [],
  "LittleGameList": []
}