{
  "$type": "RPG.GameCore.RtLevelGroupInfo",
  "GroupName": "MainMission2020503_05",
  "Category": "Mission",
  "AreaAnchorName": "LevelArea_P43201_F43201002_G6",
  "SaveType": "Reset",
  "LoadCondition": {
    "Conditions": [
      {
        "Type": "SubMission",
        "Phase": "Finish",
        "ID": 202050304
      }
    ]
  },
  "UnloadCondition": {
    "Conditions": [
      {
        "Type": "SubMission",
        "Phase": "Finish",
        "ID": 202050306
      }
    ]
  },
  "OwnerMainMissionID": 2020503,
  "ConflictIDList": [],
  "AnchorList": [
    {
      "ID": 1,
      "PosX": -4.880000114440918,
      "PosZ": -5.909999847412109,
      "Name": "Anchor1",
      "RotY": 19.530000686645508
    },
    {
      "ID": 2,
      "PosX": 2.015000104904175,
      "PosZ": 8.072999954223633,
      "Name": "Anchor2",
      "RotY": 354.4200134277344
    },
    {
      "ID": 3,
      "PosX": 0.7049999833106995,
      "PosY": 1.9459999799728394,
      "PosZ": 5.86899995803833,
      "Name": "Anchor3",
      "RotY": 14.613249778747559,
      "RotX": 22.896589279174805,
      "RotZ": 359.6510925292969,
      "Usage": "Camera"
    },
    {
      "ID": 4,
      "PosX": 0.6380000114440918,
      "PosY": 1.343999981880188,
      "PosZ": 6.997000217437744,
      "Name": "Anchor4",
      "RotY": 17.5,
      "RotX": 8.974126815795898,
      "RotZ": 359.5069885253906,
      "Usage": "Camera"
    }
  ],
  "MonsterList": [],
  "PropList": [
    {
      "ID": 300001,
      "PosX": 1.715999960899353,
      "PosY": 1.0180660486221313,
      "PosZ": 8.935999870300293,
      "Name": "Prop1",
      "RotY": 171.39999389648438,
      "PropID": 100058,
      "IsOverrideInitLevelGraph": true,
      "Trigger": {
        "Radius": 1.5,
        "PointList": []
      },
      "CampID": 4,
      "CustomTriggerMap": {},
      "DialogueGroups": [],
      "TalkDialogGroupIDList": [],
      "ServerInteractVerificationIDList": [],
      "Dialog": {
        "LevelGraph": "Config/Level/PropDialogue/P40000/F40000002_G6/DialogueMain_F40000002_G6_P300001.json",
        "PackList": []
      },
      "InteractIconType": "CheckIcon",
      "InteractTitle": {
        "hash": 278713937,
        "hash64": 16304550243505668348
      }
    }
  ],
  "DistrictList": [],
  "WaypointList": [],
  "PathwayList": [],
  "BattleAreaList": [],
  "NPCList": [
    {
      "ID": 400001,
      "PosX": 0.7749999761581421,
      "PosY": 0.0012369999894872308,
      "PosZ": 8.151000022888184,
      "Name": "NPC1",
      "RotY": 36.63999938964844,
      "NPCID": 1207,
      "DialogueGroups": [],
      "ServerInteractVerificationIDList": [],
      "BoardShowList": [],
      "TalkDialogGroupIDList": [],
      "DefaultIdleFreeStyleMotionID": 312080216,
      "InitialHiddenNodeList": []
    }
  ],
  "CrowdList": [],
  "PedestrianList": [],
  "SmartObjectList": []
}