{
  "$type": "RPG.GameCore.RtLevelGroupInfo",
  "GroupName": "MainMission5000410_04",
  "Category": "Mission",
  "LevelGraph": "Config/Level/GroupGraph/F20421001/Group_F20421001_G207.json",
  "AreaAnchorName": "LevelArea_P20421_F20421001_G207",
  "SaveType": "Reset",
  "IsPendedUnload": true,
  "OwnerMainMissionID": 5000410,
  "ValueSource": {},
  "ConflictIDList": [],
  "IsHoyoGroup": true,
  "ConflictWhiteList": [],
  "AnchorList": [
    {
      "ID": 1,
      "PosX": 193.46200561523438,
      "PosY": 260.447998046875,
      "PosZ": 423.7349853515625,
      "Name": "Anchor1"
    },
    {
      "ID": 2,
      "PosX": 187.0596923828125,
      "PosY": 261.9403076171875,
      "PosZ": 421.0710144042969,
      "Name": "Anchor2",
      "RotY": 349.9671936035156,
      "RotX": 343.6947021484375,
      "RotZ": 359.8711853027344,
      "Usage": "Camera",
      "CustomParameter": {
        "$type": "RPG.GameCore.LevelAnchorCameraParameter",
        "fov": 38.0
      }
    },
    {
      "ID": 3,
      "PosX": 66.08000183105469,
      "PosY": 392.41668701171875,
      "PosZ": 328.6300048828125,
      "Name": "Anchor3",
      "RotY": 260.0528869628906,
      "Usage": "Actor"
    }
  ],
  "MonsterList": [],
  "PropList": [
    {
      "ID": 300001,
      "PosX": 187.38999938964844,
      "PosY": 259.96240234375,
      "PosZ": 422.3999938964844,
      "Name": "Prop1",
      "PropID": 104092,
      "ValueSource": {},
      "CampID": 4,
      "State": "Open",
      "CustomTriggerMap": {},
      "CustomTriggerMapV2": {},
      "StateConfigs": [],
      "DialogueGroups": [],
      "TalkDialogGroupIDList": [],
      "ServerInteractVerificationIDList": [],
      "DialogueTriggerSkipSpecifiedFakeAvatarList": [],
      "CameraCenterEntityList": [],
      "CameraConfig": {},
      "SpawnConfig": {
        "EntitySpawnConfig": {}
      }
    }
  ],
  "DistrictList": [
    {
      "ID": 500001,
      "PosX": 187.5500030517578,
      "PosY": 259.96240234375,
      "PosZ": 423.6600036621094,
      "Name": "District1",
      "Trigger": {
        "Shape": "GeometrySphere",
        "Radius": 8.0,
        "DimX": 1.0,
        "DimY": 1.0,
        "DimZ": 1.0
      },
      "DistrictType": "Level",
      "ValueSource": {}
    },
    {
      "ID": 500002,
      "PosX": 172.2899932861328,
      "PosY": 255.3043975830078,
      "PosZ": 404.3500061035156,
      "Name": "District2",
      "Trigger": {
        "Shape": "GeometrySphere",
        "Radius": 8.0,
        "DimX": 1.0,
        "DimY": 1.0,
        "DimZ": 1.0
      },
      "DistrictType": "Level",
      "ValueSource": {}
    }
  ],
  "WaypointList": [],
  "PathwayList": [],
  "BattleAreaList": [],
  "NPCList": [
    {
      "ID": 400001,
      "PosX": 185.38999938964844,
      "PosY": 261.35089111328125,
      "PosZ": 425.9599914550781,
      "Name": "NPC1",
      "RotY": 356.8245849609375,
      "RotX": 341.43060302734375,
      "RotZ": 1.6342589855194092,
      "NPCID": 2411,
      "LoadOnInitial": false,
      "ValueSource": {},
      "StaticNPC": true,
      "DialogueGroups": [],
      "ServerInteractVerificationIDList": [],
      "DefaultLookAtMode": "Closed",
      "BoardShowList": [],
      "TalkDialogGroupIDList": [],
      "DefaultIdleFreeStyleMotionID": 200800222,
      "AdditiveResidentEffect": [
        {
          "EffectPath": "Effects/Eff_Prefab/Eff_NPC/Monster/Eff_W3_FireProwler_00_StoryCrystal.prefab",
          "AttachPoint": "Root"
        }
      ],
      "InitialHiddenNodeList": [],
      "DialogueTriggerSkipSpecifiedFakeAvatarList": [],
      "OverrideReplaceMaterialKeyList": [
        "StoryCrystal_W4_FireProwler_00"
      ],
      "CameraCenterEntityList": [],
      "CameraConfig": {},
      "SFXOnLoad": "Ev_sfx_npc_common_StoryCrystal_loop",
      "SpawnConfig": {
        "OverrideSpawn": true,
        "EntitySpawnConfig": {
          "NeedBlackIn": false
        }
      },
      "TriggerValidGuest": {}
    },
    {
      "ID": 400002,
      "PosX": 190.93699645996094,
      "PosY": 259.8384094238281,
      "PosZ": 422.6789855957031,
      "Name": "NPC2",
      "RotY": 82.58660125732422,
      "NPCID": 2410,
      "LoadOnInitial": false,
      "ValueSource": {},
      "DialogueGroups": [],
      "ServerInteractVerificationIDList": [],
      "DefaultLookAtMode": "Closed",
      "BoardShowList": [],
      "TalkDialogGroupIDList": [],
      "DefaultIdleFreeStyleMotionID": 200940201,
      "AdditiveResidentEffect": [
        {
          "EffectPath": "Effects/Eff_Prefab/Eff_NPC/Monster/Eff_W3_Minion02_00_StoryCrystal.prefab",
          "AttachPoint": "Root"
        }
      ],
      "InitialHiddenNodeList": [],
      "DialogueTriggerSkipSpecifiedFakeAvatarList": [],
      "OverrideReplaceMaterialKeyList": [
        "StoryCrystal_AML_Minion02_01"
      ],
      "CameraCenterEntityList": [],
      "CameraConfig": {},
      "SFXOnLoad": "Ev_sfx_npc_common_StoryCrystal_loop",
      "SpawnConfig": {
        "OverrideSpawn": true,
        "EntitySpawnConfig": {
          "NeedBlackIn": false
        }
      },
      "TriggerValidGuest": {}
    },
    {
      "ID": 400003,
      "PosX": 192.95799255371094,
      "PosY": 259.9469909667969,
      "PosZ": 423.50799560546875,
      "Name": "NPC3",
      "RotY": 259.47589111328125,
      "RotX": -9.999999974752427e-7,
      "RotZ": 4.899259090423584,
      "NPCID": 14249,
      "LoadOnInitial": false,
      "ValueSource": {},
      "StaticNPC": true,
      "DialogueGroups": [],
      "ServerInteractVerificationIDList": [],
      "DefaultBlendShapeConfigName": "Close01",
      "DefaultLookAtMode": "Closed",
      "BoardShowList": [],
      "TalkDialogGroupIDList": [],
      "DefaultIdleFreeStyleMotionID": 100020297,
      "AdditiveResidentEffect": [
        {
          "EffectPath": "Effects/Eff_Prefab/Eff_NPC/Normal/Common/Eff_Normal_Lady_Common_StoryCrystal.prefab",
          "AttachPoint": "Root"
        }
      ],
      "InitialHiddenNodeList": [],
      "Dialog": {
        "LevelGraph": "Config/Level/NPCDialogue/P20421/F20421001_G207/DialogueMain_F20421001_G207_N400003.json",
        "PackList": [],
        "EnableCondition": {
          "Conditions": [
            {
              "Type": "SubMission",
              "ID": 500041004
            }
          ]
        }
      },
      "DialogueTriggerSkipSpecifiedFakeAvatarList": [],
      "OverrideReplaceMaterialKeyList": [
        "StoryCrystal_Lady"
      ],
      "CameraCenterEntityList": [],
      "CameraConfig": {},
      "SFXOnLoad": "Ev_sfx_npc_common_StoryCrystal_loop",
      "SpawnConfig": {
        "OverrideSpawn": true,
        "EntitySpawnConfig": {
          "NeedBlackIn": false
        }
      },
      "TriggerValidGuest": {}
    }
  ],
  "CrowdList": [],
  "PedestrianList": [],
  "PedestrianV2List": [],
  "AudienceList": [],
  "SmartObjectList": [],
  "CurveList": [],
  "LittleGameList": []
}