{
  "$type": "RPG.GameCore.RtLevelGroupInfo",
  "GroupName": "MainMission1040204_33",
  "Category": "Mission",
  "LevelGraph": "Config/Level/GroupGraph/F20421001/Group_F20421001_G89.json",
  "AreaAnchorName": "LevelArea_P20421_F20421001_G89",
  "SaveType": "Reset",
  "OwnerMainMissionID": 1040204,
  "ValueSource": {},
  "ConflictIDList": [],
  "IsHoyoGroup": true,
  "ConflictWhiteList": [],
  "AnchorList": [],
  "MonsterList": [],
  "PropList": [
    {
      "ID": 300001,
      "PosX": 79.05999755859375,
      "PosY": 390.8800048828125,
      "PosZ": 330.19000244140625,
      "Name": "Prop1",
      "RotY": 89.39022064208984,
      "RotX": 13.182600021362305,
      "RotZ": 3.4385440349578857,
      "PropID": 100,
      "ValueSource": {},
      "CampID": 4,
      "CustomTriggerMap": {},
      "CustomTriggerMapV2": {
        "MissionTrigger": {
          "Shape": "Box",
          "Radius": 2.0,
          "DimX": 15.0,
          "DimY": 1.0,
          "DimZ": 3.0,
          "PointList": []
        }
      },
      "StateConfigs": [],
      "DialogueGroups": [],
      "TalkDialogGroupIDList": [],
      "ServerInteractVerificationIDList": [],
      "DialogueTriggerSkipSpecifiedFakeAvatarList": [],
      "CameraCenterEntityList": [],
      "CameraConfig": {},
      "SpawnConfig": {
        "EntitySpawnConfig": {}
      }
    }
  ],
  "DistrictList": [],
  "WaypointList": [
    {
      "ID": 1,
      "PosX": 67.63999938964844,
      "PosY": 392.44110107421875,
      "PosZ": 326.0400085449219
    },
    {
      "ID": 2,
      "PosX": 60.52000045776367,
      "PosY": 392.2851867675781,
      "PosZ": 325.07000732421875
    },
    {
      "ID": 3,
      "PosX": 44.2400016784668,
      "PosY": 391.86590576171875,
      "PosZ": 324.1199951171875
    }
  ],
  "PathwayList": [
    {
      "ID": 1,
      "PosX": 92.98792266845703,
      "PosY": 387.9444885253906,
      "PosZ": 329.51690673828125,
      "Name": "Pathway1",
      "WaypointIDList": [
        1,
        2,
        3
      ]
    }
  ],
  "BattleAreaList": [],
  "NPCList": [
    {
      "ID": 400001,
      "PosX": 67.55999755859375,
      "PosY": 392.28338623046875,
      "PosZ": 326.1000061035156,
      "Name": "NPC1",
      "RotY": 261.1929016113281,
      "NPCID": 1304,
      "ValueSource": {},
      "DialogueGroups": [],
      "ServerInteractVerificationIDList": [],
      "BoardShowList": [],
      "TalkDialogGroupIDList": [],
      "DefaultIdleFreeStyleMotionID": 313040237,
      "OverrideSeriesID": 4294967295,
      "InitialHiddenNodeList": [],
      "DialogueTriggerSkipSpecifiedFakeAvatarList": [],
      "OverrideReplaceMaterialKeyList": [
        "Aventurine_00_Phantom"
      ],
      "CameraCenterEntityList": [],
      "CameraConfig": {},
      "SFXOnLoad": "Ev_sfx_npc_common_projection_loop",
      "SpawnConfig": {
        "OverrideSpawn": true,
        "EntitySpawnConfig": {
          "NeedBlackIn": false
        },
        "TryCapture": false
      },
      "TriggerValidGuest": {}
    }
  ],
  "CrowdList": [],
  "PedestrianList": [],
  "PedestrianV2List": [],
  "AudienceList": [],
  "SmartObjectList": [],
  "CurveList": [],
  "LittleGameList": []
}