{
  "$type": "RPG.GameCore.RtLevelGroupInfo",
  "GroupName": "MIneG1",
  "AreaAnchorName": "LevelArea_P40212_F40212002_G9",
  "LoadCondition": {
    "Conditions": [
      {
        "Type": "SubMission",
        "ID": 407212204
      }
    ]
  },
  "LoadSide": "Server",
  "ValueSource": {},
  "ConflictIDList": [],
  "AnchorList": [
    {
      "ID": 1,
      "PosX": 18.600000381469727,
      "PosY": -32.9116096496582,
      "PosZ": -75.1500015258789,
      "Name": "Anchor1"
    }
  ],
  "MonsterList": [
    {
      "ID": 200001,
      "PosX": -12.600000381469727,
      "PosY": -36.130001068115234,
      "PosZ": -86.77999877929688,
      "Name": "Monster1",
      "RotY": 172.90550231933594,
      "NPCMonsterID": 2011010,
      "AIConfig": {
        "PathwayList": [],
        "SlaveConfigList": []
      },
      "CampID": 3,
      "BattleArea": {
        "GroupID": 1,
        "ID": 1
      },
      "EventID": 40212016,
      "BoardShowList": [
        2
      ],
      "TagList": []
    },
    {
      "ID": 200002,
      "PosX": 2.0899999141693115,
      "PosY": -36.130001068115234,
      "PosZ": -69.30000305175781,
      "Name": "Monster2",
      "RotY": 287.6534118652344,
      "NPCMonsterID": 2011010,
      "AIConfig": {
        "PathwayList": [],
        "SlaveConfigList": []
      },
      "CampID": 3,
      "BattleArea": {
        "GroupID": 1,
        "ID": 1
      },
      "EventID": 40212017,
      "BoardShowList": [
        2
      ],
      "TagList": []
    },
    {
      "ID": 200003,
      "PosX": 8.079999923706055,
      "PosY": -35.95000076293945,
      "PosZ": -89.81999969482422,
      "Name": "Monster3",
      "RotY": 265.7327880859375,
      "NPCMonsterID": 2011010,
      "AIConfig": {
        "PathwayList": [],
        "SlaveConfigList": []
      },
      "CampID": 3,
      "BattleArea": {
        "GroupID": 1,
        "ID": 1
      },
      "EventID": 40212018,
      "BoardShowList": [
        2
      ],
      "TagList": []
    }
  ],
  "PropList": [
    {
      "ID": 300001,
      "PosX": 19.0,
      "PosY": -32.90999984741211,
      "PosZ": -74.9000015258789,
      "Name": "Prop1",
      "Scale": {
        "x": 5.308899879455566,
        "y": 5.235036849975586,
        "z": 4.430911064147949
      },
      "PropID": 100,
      "IsOverrideInitLevelGraph": true,
      "ValueSource": {},
      "Trigger": {
        "Shape": "Box",
        "Radius": 1.0,
        "DimX": 1.0,
        "DimY": 1.0,
        "DimZ": 1.0,
        "PointList": []
      },
      "CampID": 4,
      "CustomTriggerMap": {},
      "CustomTriggerMapV2": {},
      "DialogueGroups": [],
      "TalkDialogGroupIDList": [],
      "ServerInteractVerificationIDList": [],
      "DialogueTriggerSkipSpecifiedFakeAvatarList": [],
      "CameraCenterEntityList": [],
      "SpawnConfig": {}
    },
    {
      "ID": 300006,
      "PosX": 19.104999542236328,
      "PosY": -32.9116096496582,
      "PosZ": -73.16000366210938,
      "Name": "Prop6",
      "PropID": 102005,
      "ValueSource": {},
      "CampID": 4,
      "CustomTriggerMap": {},
      "CustomTriggerMapV2": {},
      "StateConfigs": [],
      "DialogueGroups": [],
      "TalkDialogGroupIDList": [],
      "ServerInteractVerificationIDList": [],
      "DialogueTriggerSkipSpecifiedFakeAvatarList": [],
      "CameraCenterEntityList": [],
      "CameraConfig": {},
      "SpawnConfig": {
        "EntitySpawnConfig": {}
      }
    }
  ],
  "DistrictList": [],
  "WaypointList": [],
  "PathwayList": [],
  "BattleAreaList": [],
  "NPCList": [],
  "CrowdList": [],
  "PedestrianList": [],
  "PedestrianV2List": [],
  "AudienceList": [],
  "SmartObjectList": [],
  "CurveList": [],
  "LittleGameList": []
}