{
  "$type": "RPG.GameCore.RtLevelGroupInfo",
  "GroupName": "Rogue140_BaseCommon",
  "Category": "Custom",
  "AreaAnchorName": "LevelArea_P80303_F80303001_G27",
  "LoadSide": "Server",
  "LoadOnInitial": true,
  "ConflictIDList": [],
  "IsHoyoGroup": true,
  "ConflictWhiteList": [],
  "AnchorList": [
    {
      "ID": 1,
      "PosX": -27.559999465942383,
      "PosY": -3.00006103515625,
      "PosZ": -108.41000366210938,
      "Name": "Anchor1",
      "RotY": 342.0824890136719
    }
  ],
  "MonsterList": [],
  "PropList": [
    {
      "ID": 300001,
      "PosX": -36.89999008178711,
      "PosY": -3.0000579357147217,
      "PosZ": -85.57401275634766,
      "Name": "Duck",
      "RotY": 162.08250427246094,
      "RotX": 0.003318999893963337,
      "PropID": 1000,
      "IsOverrideInitLevelGraph": true,
      "InitLevelGraph": "Config/Level/Maze/MazeRogue/Rogue140/Maze_Rogue140_Portal.json",
      "ValueSource": {
        "Values": []
      },
      "Trigger": {
        "Radius": 2.0,
        "DimX": 1.0,
        "DimY": 1.0,
        "DimZ": 1.0,
        "PointList": []
      },
      "CampID": 4,
      "CustomTriggerMap": {},
      "CustomTriggerMapV2": {},
      "DialogueGroups": [],
      "TalkDialogGroupIDList": [],
      "ServerInteractVerificationIDList": [],
      "Dialog": {
        "PackList": []
      }
    },
    {
      "ID": 300003,
      "PosX": -33.961570739746094,
      "PosY": -3.0109729766845703,
      "PosZ": -105.22930145263672,
      "Name": "Destruct",
      "RotY": 342.0824890136719,
      "RotX": -0.003318999893963337,
      "PropID": 101017,
      "IsOverrideInitLevelGraph": true,
      "CampID": 4,
      "EventID": 80210001,
      "CustomTriggerMap": {},
      "CustomTriggerMapV2": {},
      "DialogueGroups": [],
      "TalkDialogGroupIDList": [],
      "ServerInteractVerificationIDList": []
    },
    {
      "ID": 300004,
      "PosX": -26.849689483642578,
      "PosY": -2.9024770259857178,
      "PosZ": -99.67312622070312,
      "Name": "Destruct",
      "RotY": 342.0824890136719,
      "RotX": -0.003318999893963337,
      "PropID": 101017,
      "IsOverrideInitLevelGraph": true,
      "CampID": 4,
      "EventID": 80210001,
      "CustomTriggerMap": {},
      "CustomTriggerMapV2": {},
      "DialogueGroups": [],
      "TalkDialogGroupIDList": [],
      "ServerInteractVerificationIDList": []
    },
    {
      "ID": 300005,
      "PosX": -36.88999938964844,
      "PosY": -3.009999990463257,
      "PosZ": -100.77999877929688,
      "Name": "Destruct",
      "RotY": 342.0824890136719,
      "RotX": -0.003318999893963337,
      "PropID": 101017,
      "IsOverrideInitLevelGraph": true,
      "CampID": 4,
      "EventID": 80210001,
      "CustomTriggerMap": {},
      "CustomTriggerMapV2": {},
      "DialogueGroups": [],
      "TalkDialogGroupIDList": [],
      "ServerInteractVerificationIDList": []
    },
    {
      "ID": 300006,
      "PosX": -34.220001220703125,
      "PosY": -3.010925054550171,
      "PosZ": -104.43000030517578,
      "Name": "Destruct",
      "RotY": 342.0824890136719,
      "RotX": -0.003318999893963337,
      "PropID": 101017,
      "IsOverrideInitLevelGraph": true,
      "CampID": 4,
      "EventID": 80210001,
      "CustomTriggerMap": {},
      "CustomTriggerMapV2": {},
      "DialogueGroups": [],
      "TalkDialogGroupIDList": [],
      "ServerInteractVerificationIDList": []
    },
    {
      "ID": 300007,
      "PosX": -27.089969635009766,
      "PosY": -2.9024770259857178,
      "PosZ": -98.93002319335938,
      "Name": "Destruct",
      "RotY": 342.0824890136719,
      "RotX": -0.003318999893963337,
      "PropID": 101017,
      "IsOverrideInitLevelGraph": true,
      "CampID": 4,
      "EventID": 80210001,
      "CustomTriggerMap": {},
      "CustomTriggerMapV2": {},
      "DialogueGroups": [],
      "TalkDialogGroupIDList": [],
      "ServerInteractVerificationIDList": []
    },
    {
      "ID": 300008,
      "PosX": -37.157649993896484,
      "PosY": -3.0099499225616455,
      "PosZ": -99.95218658447266,
      "Name": "Destruct",
      "RotY": 342.0824890136719,
      "RotX": -0.003318999893963337,
      "PropID": 101017,
      "IsOverrideInitLevelGraph": true,
      "CampID": 4,
      "EventID": 80210001,
      "CustomTriggerMap": {},
      "CustomTriggerMapV2": {},
      "DialogueGroups": [],
      "TalkDialogGroupIDList": [],
      "ServerInteractVerificationIDList": []
    }
  ],
  "DistrictList": [],
  "WaypointList": [],
  "PathwayList": [],
  "BattleAreaList": [],
  "NPCList": [],
  "CrowdList": [],
  "PedestrianList": [],
  "SmartObjectList": []
}