{
  "$type": "RPG.GameCore.RtLevelGroupInfo",
  "GroupName": "New Group",
  "AreaAnchorName": "LevelArea_P40211_F40211002_G7",
  "LoadSide": "Server",
  "LoadOnInitial": true,
  "ConflictIDList": [],
  "AnchorList": [],
  "MonsterList": [
    {
      "ID": 200002,
      "PosX": -32.56747817993164,
      "PosY": 2.1706900596618652,
      "PosZ": 47.888648986816406,
      "Name": "Monster2",
      "RotY": 50.32052993774414,
      "NPCMonsterID": 2002010,
      "AIConfig": {
        "PathwayList": [
          {
            "UseOwnerGroup": true,
            "UseGroup": 7,
            "UseID": 1,
            "StartAt": 1
          }
        ],
        "SlaveConfigList": []
      },
      "CampID": 3,
      "BattleArea": {
        "GroupID": 1,
        "ID": 1
      },
      "EventID": 40211211,
      "BoardShowList": [
        2
      ]
    },
    {
      "ID": 200003,
      "PosX": -44.130001068115234,
      "PosY": 2.1700000762939453,
      "PosZ": 57.779998779296875,
      "Name": "Monster3",
      "RotY": 94.56488800048828,
      "NPCMonsterID": 2002010,
      "AIConfig": {
        "PathwayList": [],
        "SlaveConfigList": []
      },
      "CampID": 3,
      "BattleArea": {
        "GroupID": 1,
        "ID": 1
      },
      "EventID": 40211212,
      "BoardShowList": [
        2
      ]
    }
  ],
  "PropList": [],
  "DistrictList": [],
  "WaypointList": [
    {
      "ID": 1,
      "PosX": -32.606719970703125,
      "PosY": 2.1706910133361816,
      "PosZ": 61.94430160522461
    },
    {
      "ID": 2,
      "PosX": -32.43000030517578,
      "PosY": 2.1706900596618652,
      "PosZ": 46.5099983215332
    }
  ],
  "PathwayList": [
    {
      "ID": 1,
      "PosX": -27.064470291137695,
      "PosY": 6.254219055175781,
      "PosZ": 52.31277847290039,
      "Name": "Pathway1",
      "WaypointIDList": [
        1,
        2
      ]
    }
  ],
  "BattleAreaList": [],
  "NPCList": [],
  "CrowdList": [],
  "PedestrianList": []
}