{
  "$type": "RPG.GameCore.RtLevelGroupInfo",
  "GroupName": "Submission202030626",
  "AreaAnchorName": "LevelArea_P40211_F40211002_G93",
  "SaveType": "Reset",
  "LoadCondition": {
    "Conditions": [
      {
        "Type": "SubMission",
        "ID": 202030626
      }
    ]
  },
  "ConflictIDList": [],
  "AnchorList": [
    {
      "ID": 1,
      "PosX": 2.5409979820251465,
      "PosY": 4.876642227172852,
      "PosZ": -127.0469970703125,
      "Name": "Anchor1",
      "RotY": 312.39569091796875,
      "Usage": "Camera"
    }
  ],
  "MonsterList": [],
  "PropList": [
    {
      "ID": 300001,
      "PosX": 2.3420000076293945,
      "PosY": 5.37773323059082,
      "PosZ": -126.7699966430664,
      "Name": "Prop1",
      "RotY": 303.6534118652344,
      "PropID": 100,
      "IsOverrideInitLevelGraph": true,
      "Trigger": {
        "Radius": 2.0,
        "DimX": 3.0,
        "DimY": 1.0,
        "DimZ": 3.0,
        "PointList": []
      },
      "CampID": 4,
      "CustomTriggerMap": {},
      "DialogueGroups": [],
      "TalkDialogGroupIDList": [],
      "ServerInteractVerificationIDList": []
    }
  ],
  "DistrictList": [],
  "WaypointList": [],
  "PathwayList": [],
  "BattleAreaList": [],
  "NPCList": [
    {
      "ID": 400001,
      "PosX": 1.1733169555664062,
      "PosY": 4.876642227172852,
      "PosZ": -126.22699737548828,
      "Name": "NPC1",
      "RotY": 120.96520233154297,
      "NPCID": 12131,
      "DialogueGroups": [],
      "ServerInteractVerificationIDList": [],
      "DefaultLookAtMode": "Closed",
      "BoardShowList": [],
      "OverrideNPCName": {
        "hash": 31012412,
        "hash64": 13341852437061066121
      },
      "TalkDialogGroupIDList": [],
      "DefaultIdleFreeStyleMotionID": 100010000,
      "InitialHiddenNodeList": []
    },
    {
      "ID": 400002,
      "PosX": 2.930999994277954,
      "PosY": 4.876642227172852,
      "PosZ": -125.6969985961914,
      "Name": "NPC2",
      "RotY": 270.48968505859375,
      "NPCID": 1209,
      "LoadOnInitial": false,
      "DialogueGroups": [],
      "ServerInteractVerificationIDList": [],
      "DefaultLookAtMode": "Closed",
      "BoardShowList": [],
      "TalkDialogGroupIDList": [],
      "DefaultIdleFreeStyleMotionID": 312110000,
      "InitialHiddenNodeList": []
    },
    {
      "ID": 400003,
      "PosX": 2.5409979820251465,
      "PosY": 4.876642227172852,
      "PosZ": -127.0469970703125,
      "Name": "NPC3",
      "RotY": 312.39569091796875,
      "NPCID": 1992,
      "LoadOnInitial": false,
      "DialogueGroups": [],
      "ServerInteractVerificationIDList": [],
      "DefaultLookAtMode": "Closed",
      "BoardShowList": [],
      "TalkDialogGroupIDList": [],
      "DefaultIdleFreeStyleMotionID": 380020000,
      "InitialHiddenNodeList": []
    }
  ],
  "CrowdList": [],
  "PedestrianList": []
}