{
  "$type": "RPG.GameCore.RtLevelGroupInfo",
  "GroupName": "MainMission8002212_",
  "Category": "Mission",
  "AreaAnchorName": "LevelArea_P43203_F43203001_G15",
  "SaveType": "Reset",
  "LoadCondition": {
    "Conditions": [
      {
        "ID": 8002212
      }
    ]
  },
  "UnloadCondition": {
    "Conditions": [
      {
        "Phase": "Finish",
        "ID": 8002212
      }
    ]
  },
  "OwnerMainMissionID": 8002212,
  "ConflictIDList": [],
  "AnchorList": [
    {
      "ID": 1,
      "PosX": -39.25,
      "PosY": 20.399999618530273,
      "PosZ": -47.869998931884766,
      "Name": "Anchor1",
      "RotY": 90.0,
      "RotX": 38.0000114440918,
      "RotZ": 0.001547000021673739,
      "Usage": "Camera"
    },
    {
      "ID": 2,
      "PosX": -67.3499984741211,
      "PosY": 15.850000381469727,
      "PosZ": -35.939998626708984,
      "Name": "Anchor2",
      "RotY": 188.0,
      "RotX": 16.501270294189453,
      "RotZ": 0.001601999974809587,
      "Usage": "Camera"
    },
    {
      "ID": 3,
      "PosX": -102.18000030517578,
      "PosY": 13.15999984741211,
      "PosZ": -12.130000114440918,
      "Name": "Anchor3",
      "RotY": 97.41578674316406,
      "RotX": 31.218820571899414,
      "RotZ": 1.996495008468628,
      "Usage": "Camera"
    }
  ],
  "MonsterList": [],
  "PropList": [
    {
      "ID": 300001,
      "PosX": -39.99300003051758,
      "PosY": 19.141000747680664,
      "PosZ": 39.99599838256836,
      "IsDelete": true,
      "Name": "Prop1",
      "PropID": 100,
      "IsOverrideInitLevelGraph": true,
      "Trigger": {
        "Radius": 10.0,
        "DimX": 1.0,
        "DimY": 1.0,
        "DimZ": 1.0,
        "PointList": []
      },
      "CampID": 4,
      "CustomTriggerMap": {},
      "DialogueGroups": [],
      "TalkDialogGroupIDList": [],
      "ServerInteractVerificationIDList": []
    }
  ],
  "DistrictList": [],
  "WaypointList": [],
  "PathwayList": [],
  "BattleAreaList": [],
  "NPCList": [],
  "CrowdList": [],
  "PedestrianList": [],
  "SmartObjectList": []
}