{
  "$type": "RPG.GameCore.RtLevelGroupInfo",
  "GroupName": "MainMission2011412_",
  "Category": "Mission",
  "AreaAnchorName": "LevelArea_P40101_F40101006_G5",
  "SaveType": "Reset",
  "LoadCondition": {
    "Conditions": [
      {
        "Type": "SubMission",
        "ID": 201141202
      }
    ]
  },
  "UnloadCondition": {
    "Conditions": [
      {
        "Type": "SubMission",
        "Phase": "Finish",
        "ID": 201141202
      }
    ]
  },
  "OwnerMainMissionID": 2011412,
  "ConflictIDList": [],
  "AnchorList": [
    {
      "ID": 1,
      "PosX": 24.420000076293945,
      "PosY": -1.261904001235962,
      "PosZ": -102.4800033569336,
      "Name": "Anchor1",
      "RotY": 42.842620849609375,
      "Usage": "Actor"
    },
    {
      "ID": 2,
      "PosX": 22.610000610351562,
      "PosY": 0.019999999552965164,
      "PosZ": -102.48999786376953,
      "Name": "Anchor2",
      "RotY": 77.1465835571289,
      "RotX": 4.910000801086426,
      "RotZ": 1.9999999949504854e-6,
      "Usage": "Camera"
    }
  ],
  "MonsterList": [],
  "PropList": [
    {
      "ID": 300001,
      "PosX": 15.350000381469727,
      "PosY": 14.572890281677246,
      "PosZ": -13.260000228881836,
      "Name": "Prop1",
      "RotY": 56.52566909790039,
      "PropID": 100,
      "IsOverrideInitLevelGraph": true,
      "Trigger": {
        "Shape": "Box",
        "Radius": 1.0,
        "DimX": 2.0,
        "DimY": 4.0,
        "DimZ": 30.0,
        "PointList": []
      },
      "CampID": 4,
      "CustomTriggerMap": {},
      "DialogueGroups": [],
      "TalkDialogGroupIDList": [],
      "ServerInteractVerificationIDList": []
    },
    {
      "ID": 300002,
      "PosX": 14.520000457763672,
      "PosY": 0.0012250000145286322,
      "PosZ": -86.25,
      "Name": "Prop2",
      "PropID": 111,
      "IsOverrideInitLevelGraph": true,
      "Trigger": {
        "Radius": 12.0,
        "DimX": 1.0,
        "DimY": 1.0,
        "DimZ": 1.0,
        "PointList": []
      },
      "CampID": 4,
      "CustomTriggerMap": {},
      "DialogueGroups": [],
      "TalkDialogGroupIDList": [],
      "ServerInteractVerificationIDList": []
    },
    {
      "ID": 300003,
      "PosX": 22.559999465942383,
      "PosY": -1.340000033378601,
      "PosZ": -97.91000366210938,
      "Name": "Prop3",
      "PropID": 100,
      "IsOverrideInitLevelGraph": true,
      "Trigger": {
        "Radius": 2.0,
        "DimX": 1.0,
        "DimY": 1.0,
        "DimZ": 1.0,
        "PointList": []
      },
      "CampID": 4,
      "CustomTriggerMap": {},
      "DialogueGroups": [],
      "TalkDialogGroupIDList": [],
      "ServerInteractVerificationIDList": []
    }
  ],
  "DistrictList": [],
  "WaypointList": [],
  "PathwayList": [],
  "BattleAreaList": [],
  "NPCList": [
    {
      "ID": 400001,
      "PosX": 24.469999313354492,
      "PosY": -1.2135119438171387,
      "PosZ": -101.58999633789062,
      "Name": "NPC1",
      "RotY": 90.7126693725586,
      "NPCID": 1106,
      "LoadOnInitial": false,
      "DialogueGroups": [],
      "ServerInteractVerificationIDList": [],
      "DefaultLookAtMode": "Closed",
      "BoardShowList": [],
      "TalkDialogGroupIDList": [],
      "DefaultIdleFreeStyleMotionID": 1106000,
      "InitialHiddenNodeList": [],
      "SpawnConfig": {
        "EntitySpawnConfig": {},
        "CaptureDistanceTolerance": 10.0
      }
    }
  ],
  "CrowdList": [],
  "PedestrianList": [],
  "SmartObjectList": []
}