{
  "$type": "RPG.GameCore.RtLevelGroupInfo",
  "GroupName": "MainMission2011412_",
  "Category": "Mission",
  "AreaAnchorName": "LevelArea_P40101_F40101006_G19",
  "LoadCondition": {
    "Conditions": [
      {
        "Type": "SubMission",
        "Phase": "Finish",
        "ID": 201141204
      }
    ]
  },
  "LoadSide": "Server",
  "OwnerMainMissionID": 2011412,
  "ConflictIDList": [],
  "AnchorList": [],
  "MonsterList": [
    {
      "ID": 200001,
      "PosX": 15.269399642944336,
      "PosY": 0.047127000987529755,
      "PosZ": -85.56556701660156,
      "Name": "Monster1",
      "RotY": 30.586069107055664,
      "NPCMonsterID": 1022010,
      "AIConfig": {
        "PathwayList": [
          {
            "UseOwnerGroup": true,
            "UseGroup": 19,
            "UseID": 1,
            "StartAt": 2
          }
        ],
        "SlaveConfigList": []
      },
      "CampID": 3,
      "BattleArea": {
        "GroupID": 2,
        "ID": 1
      },
      "EventID": 40101103,
      "BoardShowList": [
        2
      ]
    }
  ],
  "PropList": [],
  "DistrictList": [],
  "WaypointList": [
    {
      "ID": 1,
      "PosX": 10.05154037475586,
      "PosY": 0.6468200087547302,
      "PosZ": -86.17427062988281
    },
    {
      "ID": 2,
      "PosX": 21.374759674072266,
      "PosY": -0.18356500566005707,
      "PosZ": -84.55941772460938
    }
  ],
  "PathwayList": [
    {
      "ID": 1,
      "PosX": 15.98528003692627,
      "PosY": 17.50959014892578,
      "PosZ": -71.9254379272461,
      "Name": "Pathway1",
      "WaypointIDList": [
        1,
        2
      ]
    }
  ],
  "BattleAreaList": [],
  "NPCList": [],
  "CrowdList": [],
  "PedestrianList": [],
  "SmartObjectList": []
}