{
  "$type": "RPG.GameCore.RtLevelGroupInfo",
  "GroupName": "MainMission2030002_1703",
  "Category": "Mission",
  "AreaAnchorName": "LevelArea_P43305_F43305002_G20",
  "SaveType": "Reset",
  "OwnerMainMissionID": 2030002,
  "ValueSource": {},
  "ConflictIDList": [],
  "IsHoyoGroup": true,
  "HoYoGroupType": "Container",
  "ConflictWhiteList": [],
  "TagContainer": {},
  "AnchorList": [
    {
      "ID": 1,
      "PosX": -116.66100311279297,
      "PosY": -4.909986972808838,
      "PosZ": -72.58899688720703,
      "Name": "Anchor1",
      "RotY": 152.7332000732422,
      "Usage": "Actor"
    },
    {
      "ID": 2,
      "PosX": -118.14800262451172,
      "PosY": -3.493000030517578,
      "PosZ": -71.0989990234375,
      "Name": "Anchor2",
      "RotY": 139.00950622558594,
      "RotX": 2.0399999618530273,
      "RotZ": 0.0024129999801516533,
      "Usage": "Camera",
      "CustomParameter": {
        "$type": "RPG.GameCore.LevelAnchorCameraParameter"
      }
    },
    {
      "ID": 3,
      "PosX": -116.44200134277344,
      "PosY": -3.4630000591278076,
      "PosZ": -73.85299682617188,
      "Name": "Anchor3",
      "RotY": 167.74620056152344,
      "RotZ": 359.98699951171875,
      "Usage": "Camera",
      "CustomParameter": {
        "$type": "RPG.GameCore.LevelAnchorCameraParameter"
      }
    },
    {
      "ID": 4,
      "PosX": -116.38999938964844,
      "PosY": -3.444000005722046,
      "PosZ": -75.11000061035156,
      "Name": "Anchor4",
      "RotY": 37.17565155029297
    }
  ],
  "MonsterList": [],
  "PropList": [
    {
      "ID": 300001,
      "PosX": -116.38999938964844,
      "PosY": -4.909986972808838,
      "PosZ": -75.11000061035156,
      "Name": "Prop1",
      "PropID": 100,
      "IsOverrideInitLevelGraph": true,
      "InitLevelGraph": "Config/Level/LevelInstanceGraph/F43305002/LG_Prop_F43305002_G20_300001.json",
      "ValueSource": {},
      "Trigger": {
        "Radius": 3.0,
        "DimX": 1.0,
        "DimY": 1.0,
        "DimZ": 1.0,
        "PointList": []
      },
      "CampID": 4,
      "CustomTriggerMap": {},
      "CustomTriggerMapV2": {},
      "DialogueGroups": [],
      "TalkDialogGroupIDList": [],
      "ServerInteractVerificationIDList": []
    }
  ],
  "DistrictList": [],
  "WaypointList": [],
  "PathwayList": [],
  "BattleAreaList": [],
  "NPCList": [
    {
      "ID": 400001,
      "PosX": -116.38999938964844,
      "PosY": -4.909986972808838,
      "PosZ": -75.11000061035156,
      "Name": "NPC1",
      "RotY": 37.17565155029297,
      "NPCID": 13107,
      "LevelGraph": "Config/Level/LevelInstanceGraph/F43305002/LG_NPC_F43305002_G20_400001.json",
      "ValueSource": {},
      "DialogueGroups": [],
      "ServerInteractVerificationIDList": [],
      "BoardShowList": [
        8
      ],
      "OverrideNPCName": {
        "hash": -358049804,
        "hash64": 6735270288763612776
      },
      "TalkDialogGroupIDList": [],
      "DefaultIdleFreeStyleMotionID": 100010000,
      "OverrideSeriesID": 4294967295,
      "InitialHiddenNodeList": [],
      "Dialog": {
        "LevelGraph": "Config/Level/NPCDialogue/P43305/F43305002_G20/DialogueMain_F43305002_G20_N400001.json",
        "PackList": []
      },
      "SpawnConfig": {
        "OverrideSpawn": true,
        "EntitySpawnConfig": {
          "NeedBlackIn": false
        }
      },
      "TriggerValidGuest": {}
    },
    {
      "ID": 400002,
      "PosX": -115.6520004272461,
      "PosY": -4.909987926483154,
      "PosZ": -72.81199645996094,
      "Name": "NPC2",
      "RotY": 196.29800415039062,
      "NPCID": 13107,
      "LoadOnInitial": false,
      "ValueSource": {},
      "DialogueGroups": [],
      "ServerInteractVerificationIDList": [],
      "BoardShowList": [],
      "TalkDialogGroupIDList": [],
      "DefaultIdleFreeStyleMotionID": 100010000,
      "InitialHiddenNodeList": [],
      "SpawnConfig": {
        "EntitySpawnConfig": {}
      },
      "TriggerValidGuest": {}
    }
  ],
  "CrowdList": [],
  "PedestrianList": [],
  "SmartObjectList": []
}