{
  "$type": "RPG.GameCore.RtLevelGroupInfo",
  "GroupName": "MainMission2030002_1701",
  "Category": "Mission",
  "AreaAnchorName": "LevelArea_P43305_F43305002_G16",
  "SaveType": "Reset",
  "OwnerMainMissionID": 2030002,
  "ValueSource": {},
  "ConflictIDList": [],
  "IsHoyoGroup": true,
  "ConflictWhiteList": [],
  "TagContainer": {},
  "AnchorList": [
    {
      "ID": 1,
      "PosX": -120.40899658203125,
      "PosY": -3.696000099182129,
      "PosZ": -90.2030029296875,
      "Name": "Anchor1",
      "RotY": 50.82892990112305,
      "RotX": -0.00003199999991920777,
      "RotZ": 0.0009089999948628247,
      "Usage": "Camera",
      "CustomParameter": {
        "$type": "RPG.GameCore.LevelAnchorCameraParameter"
      }
    },
    {
      "ID": 2,
      "PosX": -118.4000015258789,
      "PosY": -4.909992218017578,
      "PosZ": -88.11000061035156,
      "Name": "Anchor2",
      "RotY": 68.5,
      "Usage": "Actor"
    },
    {
      "ID": 3,
      "PosX": -118.4000015258789,
      "PosY": -3.4800000190734863,
      "PosZ": -88.21018981933594,
      "Name": "Anchor3",
      "RotY": 90.9000015258789,
      "Usage": "Camera",
      "CustomParameter": {
        "$type": "RPG.GameCore.LevelAnchorCameraParameter"
      }
    },
    {
      "ID": 4,
      "PosX": -116.94000244140625,
      "PosY": -3.5,
      "PosZ": -88.2300033569336,
      "Name": "Anchor4",
      "RotY": 116.22489929199219
    }
  ],
  "MonsterList": [],
  "PropList": [
    {
      "ID": 300001,
      "PosX": -116.94000244140625,
      "PosY": -4.909989833831787,
      "PosZ": -88.2300033569336,
      "Name": "Prop1",
      "PropID": 100,
      "IsOverrideInitLevelGraph": true,
      "InitLevelGraph": "Config/Level/LevelInstanceGraph/F43305002/LG_Prop_F43305002_G16_300001.json",
      "ValueSource": {},
      "Trigger": {
        "Radius": 3.0,
        "DimX": 1.0,
        "DimY": 1.0,
        "DimZ": 1.0,
        "PointList": []
      },
      "CampID": 4,
      "CustomTriggerMap": {},
      "CustomTriggerMapV2": {},
      "DialogueGroups": [],
      "TalkDialogGroupIDList": [],
      "ServerInteractVerificationIDList": [],
      "TriggerValidGuest": {},
      "SpawnConfig": {
        "EntitySpawnConfig": {}
      }
    }
  ],
  "DistrictList": [],
  "WaypointList": [],
  "PathwayList": [],
  "BattleAreaList": [],
  "NPCList": [
    {
      "ID": 400001,
      "PosX": -116.94000244140625,
      "PosY": -4.909989833831787,
      "PosZ": -88.2300033569336,
      "Name": "NPC1",
      "RotY": 116.22489929199219,
      "NPCID": 13107,
      "LevelGraph": "Config/Level/LevelInstanceGraph/F43305002/LG_NPC_F43305002_G16_400001.json",
      "ValueSource": {},
      "DialogueGroups": [],
      "ServerInteractVerificationIDList": [],
      "DefaultLookAtMode": "Closed",
      "BoardShowList": [
        8
      ],
      "OverrideNPCName": {
        "hash": -358049804,
        "hash64": 6735270288763612776
      },
      "TalkDialogGroupIDList": [],
      "DefaultIdleFreeStyleMotionID": 100010000,
      "OverrideSeriesID": 4294967295,
      "InitialHiddenNodeList": [],
      "Dialog": {
        "LevelGraph": "Config/Level/NPCDialogue/P43305/F43305002_G16/DialogueMain_F43305002_G16_N400001.json",
        "PackList": []
      },
      "SpawnConfig": {
        "OverrideSpawn": true,
        "EntitySpawnConfig": {
          "NeedBlackIn": false
        }
      },
      "TriggerValidGuest": {}
    },
    {
      "ID": 400002,
      "PosX": -118.20999908447266,
      "PosY": -4.9099907875061035,
      "PosZ": -87.04000091552734,
      "Name": "NPC2",
      "RotY": 158.8000030517578,
      "NPCID": 13107,
      "LoadOnInitial": false,
      "ValueSource": {},
      "DialogueGroups": [],
      "ServerInteractVerificationIDList": [],
      "BoardShowList": [],
      "TalkDialogGroupIDList": [],
      "DefaultIdleFreeStyleMotionID": 100010000,
      "InitialHiddenNodeList": [],
      "SpawnConfig": {
        "EntitySpawnConfig": {
          "NeedBlackIn": false
        }
      },
      "TriggerValidGuest": {}
    }
  ],
  "CrowdList": [],
  "PedestrianList": [],
  "SmartObjectList": []
}