{
  "$type": "RPG.GameCore.RtLevelGroupInfo",
  "GroupName": "MainMission2030002_1704",
  "Category": "Mission",
  "AreaAnchorName": "LevelArea_P43305_F43305002_G21",
  "SaveType": "Reset",
  "OwnerMainMissionID": 2030002,
  "ValueSource": {},
  "ConflictIDList": [],
  "IsHoyoGroup": true,
  "HoYoGroupType": "Container",
  "ConflictWhiteList": [],
  "TagContainer": {},
  "AnchorList": [
    {
      "ID": 1,
      "PosX": -119.52100372314453,
      "PosY": -3.6610000133514404,
      "PosZ": -82.97100067138672,
      "Name": "Anchor1",
      "RotY": 325.20001220703125,
      "Usage": "Camera",
      "CustomParameter": {
        "$type": "RPG.GameCore.LevelAnchorCameraParameter"
      }
    },
    {
      "ID": 2,
      "PosX": -121.69999694824219,
      "PosY": -4.889999866485596,
      "PosZ": -80.73999786376953,
      "Name": "Anchor2",
      "RotY": 354.1130065917969,
      "Usage": "Actor"
    },
    {
      "ID": 3,
      "PosX": -120.5199966430664,
      "PosY": -3.4100000858306885,
      "PosZ": -80.0199966430664,
      "Name": "Anchor3",
      "RotY": 321.864501953125,
      "RotX": -0.00008299999899463728,
      "RotZ": 0.0017450000159442425,
      "Usage": "Camera",
      "CustomParameter": {
        "$type": "RPG.GameCore.LevelAnchorCameraParameter"
      }
    },
    {
      "ID": 4,
      "PosX": -121.19999694824219,
      "PosY": -3.444000005722046,
      "PosZ": -79.16999816894531,
      "Name": "Anchor4",
      "RotY": 112.42749786376953
    }
  ],
  "MonsterList": [],
  "PropList": [
    {
      "ID": 300001,
      "PosX": -121.19999694824219,
      "PosY": -4.909988880157471,
      "PosZ": -79.16999816894531,
      "Name": "Prop1",
      "PropID": 100,
      "IsOverrideInitLevelGraph": true,
      "InitLevelGraph": "Config/Level/LevelInstanceGraph/F43305002/LG_Prop_F43305002_G21_300001.json",
      "ValueSource": {},
      "Trigger": {
        "Radius": 3.0,
        "DimX": 1.0,
        "DimY": 1.0,
        "DimZ": 1.0,
        "PointList": []
      },
      "CampID": 4,
      "CustomTriggerMap": {},
      "CustomTriggerMapV2": {},
      "DialogueGroups": [],
      "TalkDialogGroupIDList": [],
      "ServerInteractVerificationIDList": []
    }
  ],
  "DistrictList": [],
  "WaypointList": [],
  "PathwayList": [],
  "BattleAreaList": [],
  "NPCList": [
    {
      "ID": 400001,
      "PosX": -121.19999694824219,
      "PosY": -4.909988880157471,
      "PosZ": -79.16999816894531,
      "Name": "NPC1",
      "RotY": 112.42749786376953,
      "NPCID": 13107,
      "LevelGraph": "Config/Level/LevelInstanceGraph/F43305002/LG_NPC_F43305002_G16_400005.json",
      "ValueSource": {},
      "DialogueGroups": [],
      "ServerInteractVerificationIDList": [],
      "BoardShowList": [
        8
      ],
      "OverrideNPCName": {
        "Hash": -358049804,
        "Hash64": 6735270288763612776
      },
      "TalkDialogGroupIDList": [],
      "DefaultIdleFreeStyleMotionID": 100010000,
      "OverrideSeriesID": 4294967295,
      "InitialHiddenNodeList": [],
      "Dialog": {
        "LevelGraph": "Config/Level/NPCDialogue/P43305/F43305002_G21/DialogueMain_F43305002_G21_N400001.json",
        "PackList": []
      },
      "SpawnConfig": {
        "OverrideSpawn": true,
        "EntitySpawnConfig": {
          "NeedBlackIn": false
        }
      },
      "TriggerValidGuest": {}
    },
    {
      "ID": 400002,
      "PosX": -122.4800033569336,
      "PosY": -4.909987926483154,
      "PosZ": -80.56999969482422,
      "Name": "NPC2",
      "RotY": 63.65536117553711,
      "NPCID": 13107,
      "LoadOnInitial": false,
      "ValueSource": {},
      "DialogueGroups": [],
      "ServerInteractVerificationIDList": [],
      "BoardShowList": [],
      "TalkDialogGroupIDList": [],
      "DefaultIdleFreeStyleMotionID": 100010000,
      "InitialHiddenNodeList": [],
      "SpawnConfig": {
        "EntitySpawnConfig": {}
      },
      "TriggerValidGuest": {}
    }
  ],
  "CrowdList": [],
  "PedestrianList": [],
  "SmartObjectList": []
}