{
  "$type": "RPG.GameCore.RtLevelGroupInfo",
  "GroupName": "MainMission2030002_1702",
  "Category": "Mission",
  "AreaAnchorName": "LevelArea_P43305_F43305002_G19",
  "SaveType": "Reset",
  "OwnerMainMissionID": 2030002,
  "ValueSource": {},
  "ConflictIDList": [],
  "IsHoyoGroup": true,
  "HoYoGroupType": "Container",
  "ConflictWhiteList": [],
  "TagContainer": {},
  "AnchorList": [
    {
      "ID": 1,
      "PosX": -122.96099853515625,
      "PosY": -4.9099907875061035,
      "PosZ": -87.0479965209961,
      "Name": "Anchor1",
      "RotY": 292.4209899902344,
      "Usage": "Actor"
    },
    {
      "ID": 2,
      "PosX": -120.12300109863281,
      "PosY": -3.7279999256134033,
      "PosZ": -87.11100006103516,
      "Name": "Anchor2",
      "RotY": 279.2276916503906,
      "RotX": -0.00011600000289035961,
      "RotZ": 0.0004710000066552311,
      "Usage": "Camera",
      "CustomParameter": {
        "$type": "RPG.GameCore.LevelAnchorCameraParameter"
      }
    },
    {
      "ID": 3,
      "PosX": -123.14299774169922,
      "PosY": -3.5350000858306885,
      "PosZ": -85.66100311279297,
      "Name": "Anchor3",
      "RotY": 254.5,
      "RotX": 357.9526062011719,
      "RotZ": 0.000577000027988106,
      "Usage": "Camera",
      "CustomParameter": {
        "$type": "RPG.GameCore.LevelAnchorCameraParameter"
      }
    },
    {
      "ID": 4,
      "PosX": -123.79199981689453,
      "PosY": -3.444000005722046,
      "PosZ": -85.9000015258789,
      "Name": "Anchor4",
      "RotY": 58.00811004638672
    }
  ],
  "MonsterList": [],
  "PropList": [
    {
      "ID": 300001,
      "PosX": -123.79199981689453,
      "PosY": -4.909986972808838,
      "PosZ": -85.9000015258789,
      "Name": "Prop1",
      "PropID": 100,
      "IsOverrideInitLevelGraph": true,
      "InitLevelGraph": "Config/Level/LevelInstanceGraph/F43305002/LG_Prop_F43305002_G19_300001.json",
      "ValueSource": {},
      "Trigger": {
        "Radius": 3.0,
        "DimX": 1.0,
        "DimY": 1.0,
        "DimZ": 1.0,
        "PointList": []
      },
      "CampID": 4,
      "CustomTriggerMap": {},
      "CustomTriggerMapV2": {},
      "DialogueGroups": [],
      "TalkDialogGroupIDList": [],
      "ServerInteractVerificationIDList": []
    }
  ],
  "DistrictList": [],
  "WaypointList": [],
  "PathwayList": [],
  "BattleAreaList": [],
  "NPCList": [
    {
      "ID": 400001,
      "PosX": -123.79199981689453,
      "PosY": -4.909986972808838,
      "PosZ": -85.9000015258789,
      "Name": "NPC1",
      "RotY": 58.00811004638672,
      "NPCID": 13107,
      "LevelGraph": "Config/Level/LevelInstanceGraph/F43305002/LG_NPC_F43305002_G19_400001.json",
      "ValueSource": {},
      "DialogueGroups": [],
      "ServerInteractVerificationIDList": [],
      "BoardShowList": [
        8
      ],
      "OverrideNPCName": {
        "Hash": -358049804,
        "Hash64": 6735270288763612776
      },
      "TalkDialogGroupIDList": [],
      "DefaultIdleFreeStyleMotionID": 100010000,
      "OverrideSeriesID": 4294967295,
      "InitialHiddenNodeList": [],
      "Dialog": {
        "LevelGraph": "Config/Level/NPCDialogue/P43305/F43305002_G19/DialogueMain_F43305002_G19_N400001.json",
        "PackList": []
      },
      "SpawnConfig": {
        "OverrideSpawn": true,
        "EntitySpawnConfig": {
          "NeedBlackIn": false
        }
      },
      "TriggerValidGuest": {}
    },
    {
      "ID": 400002,
      "PosX": -124.08200073242188,
      "PosY": -4.909987926483154,
      "PosZ": -87.55699920654297,
      "Name": "NPC2",
      "RotY": 25.923019409179688,
      "NPCID": 13107,
      "LoadOnInitial": false,
      "ValueSource": {},
      "DialogueGroups": [],
      "ServerInteractVerificationIDList": [],
      "BoardShowList": [],
      "TalkDialogGroupIDList": [],
      "DefaultIdleFreeStyleMotionID": 100010000,
      "InitialHiddenNodeList": [],
      "SpawnConfig": {
        "EntitySpawnConfig": {}
      },
      "TriggerValidGuest": {}
    }
  ],
  "CrowdList": [],
  "PedestrianList": [],
  "SmartObjectList": []
}