{
  "$type": "RPG.GameCore.RtLevelGroupInfo",
  "GroupName": "MainMission4040018_",
  "Category": "Mission",
  "AreaAnchorName": "LevelArea_P10001_F10001001_G89",
  "SaveType": "Reset",
  "LoadCondition": {
    "Conditions": [
      {
        "Type": "SubMission",
        "ID": 404001803
      }
    ]
  },
  "UnloadCondition": {
    "Conditions": [
      {
        "Type": "SubMission",
        "Phase": "Finish",
        "ID": 404001803
      }
    ],
    "DelayToLevelReload": true
  },
  "OwnerMainMissionID": 4040018,
  "ConflictIDList": [],
  "AnchorList": [
    {
      "ID": 1,
      "PosX": 33.46799850463867,
      "PosY": 4.047879219055176,
      "PosZ": -50.40599822998047,
      "Name": "Anchor1",
      "RotY": 174.86000061035156
    },
    {
      "ID": 2,
      "PosX": 31.871000289916992,
      "PosY": 4.047872066497803,
      "PosZ": -48.125,
      "Name": "Anchor2",
      "RotY": 138.1999969482422
    },
    {
      "ID": 3,
      "PosX": 30.10099983215332,
      "PosY": 6.230000019073486,
      "PosZ": -51.68199920654297,
      "Name": "Anchor3",
      "RotY": 66.3499984741211,
      "RotX": 15.700019836425781,
      "RotZ": 3.000000106112566e-6,
      "Usage": "Camera"
    }
  ],
  "MonsterList": [],
  "PropList": [
    {
      "ID": 300001,
      "PosX": 33.439998626708984,
      "PosY": 4.047872066497803,
      "PosZ": -49.85900115966797,
      "Name": "Prop1",
      "RotY": 180.0,
      "Scale": {
        "x": 1.399999976158142,
        "y": 1.399999976158142,
        "z": 1.399999976158142
      },
      "PropID": 100047,
      "IsOverrideInitLevelGraph": true,
      "CampID": 4,
      "CustomTriggerMap": {},
      "DialogueGroups": [],
      "TalkDialogGroupIDList": [],
      "ServerInteractVerificationIDList": []
    }
  ],
  "DistrictList": [],
  "WaypointList": [],
  "PathwayList": [],
  "BattleAreaList": [],
  "NPCList": [
    {
      "ID": 400002,
      "PosX": 33.46799850463867,
      "PosY": 4.047881126403809,
      "PosZ": -50.40599822998047,
      "Name": "NPC2",
      "RotY": 174.86000061035156,
      "NPCID": 1992,
      "LoadOnInitial": false,
      "DialogueGroups": [],
      "ServerInteractVerificationIDList": [],
      "BoardShowList": [],
      "TalkDialogGroupIDList": [],
      "DefaultIdleFreeStyleMotionID": 380020900,
      "InitialHiddenNodeList": []
    }
  ],
  "CrowdList": [],
  "PedestrianList": []
}