{
  "$type": "RPG.GameCore.RtLevelGroupInfo",
  "GroupName": "MainMission8026111_07",
  "Category": "Mission",
  "LevelGraph": "Config/Level/GroupGraph/F10001001/Group_F10001001_G158.json",
  "AreaAnchorName": "LevelArea_P10001_F10001001_G158",
  "SaveType": "Reset",
  "OwnerMainMissionID": 8026111,
  "ValueSource": {},
  "ConflictIDList": [],
  "IsHoyoGroup": true,
  "ConflictWhiteList": [],
  "TagContainer": {
    "List": [
      {
        "Tag": "Group.Activity.260MusicSchool",
        "TagHash": 1428080347
      }
    ]
  },
  "AnchorList": [],
  "MonsterList": [],
  "PropList": [
    {
      "ID": 300001,
      "PosX": -6.900000095367432,
      "PosY": -0.8935999870300293,
      "PosZ": 25.1200008392334,
      "Name": "Prop1",
      "PropID": 100,
      "ValueSource": {},
      "Trigger": {
        "Radius": 1.0,
        "DimX": 1.0,
        "DimY": 1.0,
        "DimZ": 1.0,
        "PointList": []
      },
      "CampID": 4,
      "CustomTriggerMap": {},
      "CustomTriggerMapV2": {
        "MissionTrigger": {
          "Radius": 2.0,
          "PointList": []
        }
      },
      "StateConfigs": [],
      "DialogueGroups": [],
      "TalkDialogGroupIDList": [],
      "ServerInteractVerificationIDList": [],
      "DialogueTriggerSkipSpecifiedFakeAvatarList": [],
      "CameraCenterEntityList": [],
      "SpawnConfig": {
        "EntitySpawnConfig": {}
      }
    }
  ],
  "DistrictList": [
    {
      "ID": 1,
      "PosX": -6.900000095367432,
      "PosY": -0.8935999870300293,
      "PosZ": 25.1200008392334,
      "Name": "District1",
      "Trigger": {
        "Radius": 5.0,
        "DimX": 1.0,
        "DimY": 1.0,
        "DimZ": 1.0,
        "PointList": []
      },
      "DistrictType": "Level",
      "ValueSource": {}
    }
  ],
  "WaypointList": [
    {
      "ID": 1,
      "PosX": 5.589778900146484,
      "PosY": -0.2581149935722351,
      "PosZ": 31.375539779663086
    },
    {
      "ID": 2,
      "PosX": -3.733660936355591,
      "PosY": -0.2581149935722351,
      "PosZ": 32.69725036621094
    },
    {
      "ID": 3,
      "PosX": -6.862861156463623,
      "PosY": -0.8936010003089905,
      "PosZ": 25.707080841064453
    },
    {
      "ID": 4,
      "PosX": -6.900000095367432,
      "PosY": -0.8935999870300293,
      "PosZ": 25.1200008392334
    }
  ],
  "PathwayList": [
    {
      "ID": 1,
      "PosX": -10.743829727172852,
      "PosY": -0.7298970222473145,
      "PosZ": 19.08184051513672,
      "Name": "Pathway1",
      "WaypointIDList": [
        1,
        2,
        3,
        4
      ]
    }
  ],
  "BattleAreaList": [],
  "NPCList": [
    {
      "ID": 400001,
      "PosX": 13.258999824523926,
      "PosY": -0.8896629810333252,
      "PosZ": 6.4720001220703125,
      "Name": "NPC1",
      "RotY": 138.0334014892578,
      "NPCID": 3015,
      "ValueSource": {},
      "DialogueGroups": [],
      "ServerInteractVerificationIDList": [],
      "BoardShowList": [
        1
      ],
      "TalkDialogGroupIDList": [],
      "DefaultIdleFreeStyleMotionID": 900030000,
      "InitialHiddenNodeList": [],
      "DialogueTriggerSkipSpecifiedFakeAvatarList": [],
      "OverrideReplaceMaterialKeyList": [],
      "CameraCenterEntityList": [],
      "CameraConfig": {},
      "SpawnConfig": {
        "EntitySpawnConfig": {}
      },
      "TriggerValidGuest": {}
    },
    {
      "ID": 400002,
      "PosX": -9.42300033569336,
      "PosY": -0.8935999870300293,
      "PosZ": 24.305999755859375,
      "Name": "NPC2",
      "RotY": 79.39794921875,
      "NPCID": 10105,
      "ValueSource": {},
      "DialogueGroups": [],
      "ServerInteractVerificationIDList": [],
      "BoardShowList": [],
      "TalkDialogGroupIDList": [],
      "DefaultIdleFreeStyleMotionID": 100010294,
      "InitialHiddenNodeList": [],
      "DialogueTriggerSkipSpecifiedFakeAvatarList": [],
      "OverrideReplaceMaterialKeyList": [],
      "CameraCenterEntityList": [],
      "SpawnConfig": {
        "EntitySpawnConfig": {}
      },
      "TriggerValidGuest": {}
    }
  ],
  "CrowdList": [],
  "PedestrianList": [],
  "PedestrianV2List": [],
  "AudienceList": [],
  "SmartObjectList": [],
  "CurveList": [],
  "LittleGameList": []
}