{
  "$type": "RPG.GameCore.RtLevelGroupInfo",
  "GroupName": "Graffiti2",
  "AreaAnchorName": "LevelArea_P40002_F40002103_G12",
  "SaveType": "Reset",
  "LoadOnInitial": true,
  "ConflictIDList": [],
  "AnchorList": [],
  "MonsterList": [],
  "PropList": [
    {
      "ID": 300012,
      "PosX": -121.84100341796875,
      "PosY": 2.130000114440918,
      "PosZ": -73.33399963378906,
      "Name": "Prop12",
      "RotY": 270.0,
      "Scale": {
        "x": 4.0,
        "y": 4.0,
        "z": 2.0
      },
      "PropID": 123,
      "IsOverrideInitLevelGraph": true,
      "Trigger": {
        "Radius": 1.0,
        "DimX": 1.0,
        "DimY": 1.0,
        "DimZ": 1.0,
        "Offset": {
          "x": 0.019999999552965164,
          "y": -0.7599999904632568,
          "z": -0.05000000074505806
        },
        "PointList": []
      },
      "CampID": 4,
      "CustomTriggerMap": {},
      "DialogueGroups": [],
      "TalkDialogGroupIDList": [],
      "ServerInteractVerificationIDList": [],
      "CustomParameter": {
        "$type": "RPG.GameCore.LevelPropDecalParam",
        "DecalID": 3
      }
    },
    {
      "ID": 300002,
      "PosX": 43.16999816894531,
      "PosY": 5.809999942779541,
      "PosZ": -31.959999084472656,
      "Name": "Prop2",
      "RotY": 256.93780517578125,
      "RotX": 359.9903869628906,
      "RotZ": 181.42469787597656,
      "Scale": {
        "x": 4.0,
        "y": 4.0,
        "z": 2.0
      },
      "PropID": 123,
      "IsOverrideInitLevelGraph": true,
      "Trigger": {
        "Radius": 1.0,
        "DimX": 1.0,
        "DimY": 1.0,
        "DimZ": 1.0,
        "Offset": {
          "x": 0.0,
          "y": 0.9599999785423279,
          "z": 1.2599999904632568
        },
        "PointList": []
      },
      "CampID": 4,
      "CustomTriggerMap": {},
      "DialogueGroups": [],
      "TalkDialogGroupIDList": [],
      "ServerInteractVerificationIDList": [],
      "CustomParameter": {
        "$type": "RPG.GameCore.LevelPropDecalParam",
        "DecalID": 3
      }
    },
    {
      "ID": 300001,
      "PosX": -139.10000610351562,
      "PosY": -0.11521799862384796,
      "PosZ": -73.66000366210938,
      "Name": "Prop1",
      "Scale": {
        "x": 3.7206668853759766,
        "y": 1.4917999505996704,
        "z": 8.441948890686035
      },
      "PropID": 100,
      "IsOverrideInitLevelGraph": true,
      "Trigger": {
        "Shape": "Box",
        "Radius": 1.0,
        "DimX": 1.0,
        "DimY": 1.0,
        "DimZ": 1.0,
        "PointList": []
      },
      "CampID": 4,
      "CustomTriggerMap": {},
      "DialogueGroups": [],
      "TalkDialogGroupIDList": [],
      "ServerInteractVerificationIDList": []
    },
    {
      "ID": 300003,
      "PosX": 34.15999984741211,
      "PosY": 3.440000057220459,
      "PosZ": -34.77000045776367,
      "Name": "Prop3",
      "RotY": 341.247802734375,
      "Scale": {
        "x": 2.3308000564575195,
        "y": 1.0,
        "z": 5.488900184631348
      },
      "PropID": 100,
      "IsOverrideInitLevelGraph": true,
      "Trigger": {
        "Shape": "Box",
        "Radius": 1.0,
        "DimX": 1.0,
        "DimY": 1.0,
        "DimZ": 1.0,
        "PointList": []
      },
      "CampID": 4,
      "CustomTriggerMap": {},
      "DialogueGroups": [],
      "TalkDialogGroupIDList": [],
      "ServerInteractVerificationIDList": []
    }
  ],
  "DistrictList": [],
  "WaypointList": [],
  "PathwayList": [],
  "BattleAreaList": [],
  "NPCList": [],
  "CrowdList": [],
  "PedestrianList": []
}