{
  "$type": "RPG.GameCore.RtLevelGroupInfo",
  "GroupName": "MainMission2020317_",
  "Category": "Mission",
  "AreaAnchorName": "LevelArea_P40222_F40222003_G2",
  "SaveType": "Reset",
  "LoadCondition": {
    "Conditions": [
      {
        "ID": 2020317
      }
    ]
  },
  "OwnerMainMissionID": 2020317,
  "ConflictIDList": [],
  "AnchorList": [
    {
      "ID": 1,
      "PosX": 83.8499984741211,
      "PosY": 52.939369201660156,
      "PosZ": -4.03000020980835,
      "Name": "Anchor1",
      "RotY": 315.0828857421875,
      "Usage": "Camera"
    }
  ],
  "MonsterList": [],
  "PropList": [
    {
      "ID": 300001,
      "PosX": 80.91999816894531,
      "PosY": 45.906280517578125,
      "PosZ": -33.619998931884766,
      "Name": "Prop1",
      "RotY": 48.51887130737305,
      "PropID": 102043,
      "IsOverrideInitLevelGraph": true,
      "CampID": 4,
      "CustomTriggerMap": {},
      "DialogueGroups": [],
      "TalkDialogGroupIDList": [],
      "ServerInteractVerificationIDList": []
    },
    {
      "ID": 300002,
      "PosX": 69.22100067138672,
      "PosY": 45.906280517578125,
      "PosZ": -31.507999420166016,
      "Name": "Prop2",
      "RotY": 82.1433334350586,
      "PropID": 102044,
      "IsOverrideInitLevelGraph": true,
      "CampID": 4,
      "CustomTriggerMap": {},
      "DialogueGroups": [],
      "TalkDialogGroupIDList": [],
      "ServerInteractVerificationIDList": []
    },
    {
      "ID": 300003,
      "PosX": 72.93000030517578,
      "PosY": 45.906280517578125,
      "PosZ": -53.470001220703125,
      "Name": "Prop3",
      "RotY": 48.51887130737305,
      "PropID": 102043,
      "IsOverrideInitLevelGraph": true,
      "CustomTriggerMap": {},
      "DialogueGroups": [],
      "TalkDialogGroupIDList": [],
      "ServerInteractVerificationIDList": []
    }
  ],
  "DistrictList": [],
  "WaypointList": [],
  "PathwayList": [],
  "BattleAreaList": [],
  "NPCList": [
    {
      "ID": 400001,
      "PosX": -136.05999755859375,
      "PosY": 47.8857307434082,
      "PosZ": 33.720001220703125,
      "Name": "NPC1",
      "RotY": 222.96290588378906,
      "NPCID": 12150,
      "DialogueGroups": [],
      "ServerInteractVerificationIDList": [],
      "DefaultIdleStateName": "SpeechLoop",
      "DefaultLookAtMode": "Closed",
      "BoardShowList": [
        1,
        64
      ],
      "OverrideNPCName": {
        "Hash": -703149825,
        "Hash64": 8981203731128284127
      },
      "OverrideNPCTitle": {
        "Hash": -713158124,
        "Hash64": 13964263000174144097
      },
      "TalkDialogGroupIDList": [],
      "DefaultIdleFreeStyleMotionID": 100010295,
      "OverrideSeriesID": 1215001,
      "InitialHiddenNodeList": [],
      "Dialog": {
        "LevelGraph": "Config/Level/NPCDialogue/P40222/F40222003_G2/DialogueMain_F40222003_G2_N400001.json",
        "PackList": []
      }
    },
    {
      "ID": 400002,
      "PosX": -136.5989990234375,
      "PosY": 47.8857307434082,
      "PosZ": 33.15999984741211,
      "Name": "NPC2",
      "RotY": 94.71994018554688,
      "NPCID": 12232,
      "DialogueGroups": [],
      "ServerInteractVerificationIDList": [],
      "DefaultIdleStateName": "HoldArm01Loop",
      "DefaultLookAtMode": "Closed",
      "BoardShowList": [
        1,
        64
      ],
      "OverrideNPCName": {
        "Hash": -286805611,
        "Hash64": 17583355772957326152
      },
      "OverrideNPCTitle": {
        "Hash": -713158124,
        "Hash64": 13964263000174144097
      },
      "TalkDialogGroupIDList": [],
      "DefaultIdleFreeStyleMotionID": 100020231,
      "OverrideSeriesID": 1223201,
      "InitialHiddenNodeList": [],
      "Dialog": {
        "LevelGraph": "Config/Level/NPCDialogue/P40222/F40222003_G2/DialogueMain_F40222003_G2_N400002.json",
        "PackList": []
      }
    },
    {
      "ID": 400003,
      "PosX": -137.3699951171875,
      "PosY": 47.8857307434082,
      "PosZ": 44.40999984741211,
      "Name": "NPC3",
      "RotY": 87.41046905517578,
      "NPCID": 12149,
      "DialogueGroups": [],
      "ServerInteractVerificationIDList": [],
      "BoardShowList": [
        1,
        64
      ],
      "OverrideNPCName": {
        "Hash": -357592910,
        "Hash64": 1558633936582165144
      },
      "OverrideNPCTitle": {
        "Hash": -713158124,
        "Hash64": 13964263000174144097
      },
      "TalkDialogGroupIDList": [],
      "DefaultIdleFreeStyleMotionID": 100010000,
      "InitialHiddenNodeList": [],
      "Dialog": {
        "LevelGraph": "Config/Level/NPCDialogue/P40222/F40222003_G2/DialogueMain_F40222003_G2_N400003.json",
        "PackList": []
      }
    },
    {
      "ID": 400004,
      "PosX": -130.1999969482422,
      "PosY": 47.8857307434082,
      "PosZ": 40.380001068115234,
      "Name": "NPC4",
      "RotY": 25.196779251098633,
      "NPCID": 12146,
      "DialogueGroups": [],
      "ServerInteractVerificationIDList": [],
      "BoardShowList": [
        1,
        64
      ],
      "OverrideNPCName": {
        "Hash": 218501567,
        "Hash64": 10845194309151927631
      },
      "OverrideNPCTitle": {
        "Hash": -713158124,
        "Hash64": 13964263000174144097
      },
      "TalkDialogGroupIDList": [],
      "DefaultIdleFreeStyleMotionID": 100010000,
      "InitialHiddenNodeList": [],
      "Dialog": {
        "LevelGraph": "Config/Level/NPCDialogue/P40222/F40222003_G2/DialogueMain_F40222003_G2_N400004.json",
        "PackList": []
      }
    },
    {
      "ID": 400005,
      "PosX": -124.20700073242188,
      "PosY": 47.8857307434082,
      "PosZ": 30.766000747680664,
      "Name": "NPC5",
      "RotY": 286.4136047363281,
      "NPCID": 12236,
      "StaticNPC": true,
      "DialogueGroups": [],
      "ServerInteractVerificationIDList": [],
      "DefaultIdleStateName": "Praying01Loop",
      "DefaultLookAtMode": "Closed",
      "BoardShowList": [],
      "TalkDialogGroupIDList": [],
      "DefaultIdleFreeStyleMotionID": 100020293,
      "InitialHiddenNodeList": []
    },
    {
      "ID": 400006,
      "PosX": -124.0,
      "PosY": 47.8857307434082,
      "PosZ": 31.378999710083008,
      "Name": "NPC6",
      "RotY": 231.48410034179688,
      "NPCID": 12112,
      "StaticNPC": true,
      "DialogueGroups": [],
      "ServerInteractVerificationIDList": [],
      "DefaultLookAtMode": "Closed",
      "BoardShowList": [],
      "TalkDialogGroupIDList": [],
      "DefaultIdleFreeStyleMotionID": 100010000,
      "InitialHiddenNodeList": []
    },
    {
      "ID": 400007,
      "PosX": -140.99000549316406,
      "PosY": 47.8857307434082,
      "PosZ": 37.93000030517578,
      "Name": "NPC7",
      "RotY": 79.00763702392578,
      "NPCID": 12114,
      "StaticNPC": true,
      "DialogueGroups": [],
      "ServerInteractVerificationIDList": [],
      "DefaultIdleStateName": "Sit01",
      "DefaultLookAtMode": "Closed",
      "BoardShowList": [],
      "TalkDialogGroupIDList": [],
      "DefaultIdleFreeStyleMotionID": 100010298,
      "InitialHiddenNodeList": []
    }
  ],
  "CrowdList": [],
  "PedestrianList": []
}