{
  "$type": "RPG.GameCore.RtLevelGroupInfo",
  "GroupName": "MainMission4140103_",
  "Category": "Mission",
  "AreaAnchorName": "LevelArea_P20135_F20135001_G22",
  "SaveType": "Reset",
  "OwnerMainMissionID": 4140103,
  "ValueSource": {},
  "ConflictIDList": [],
  "IsHoyoGroup": true,
  "ConflictWhiteList": [],
  "AnchorList": [
    {
      "ID": 1,
      "PosX": 87.5469970703125,
      "PosY": 6.7988200187683105,
      "PosZ": -48.244239807128906,
      "Name": "Anchor1",
      "RotY": 216.69749450683594,
      "Usage": "Actor"
    },
    {
      "ID": 2,
      "PosX": 88.79534912109375,
      "PosY": 8.401924133300781,
      "PosZ": -47.763031005859375,
      "Name": "Anchor2",
      "RotY": 234.50869750976562,
      "RotX": 11.515890121459961,
      "RotZ": 0.11623299866914749,
      "Usage": "Camera",
      "CustomParameter": {
        "$type": "RPG.GameCore.LevelAnchorCameraParameter"
      }
    },
    {
      "ID": 3,
      "PosX": 86.96600341796875,
      "PosY": 7.702000141143799,
      "PosZ": -48.987998962402344,
      "Name": "Anchor3"
    }
  ],
  "MonsterList": [],
  "PropList": [
    {
      "ID": 300001,
      "PosX": 86.96600341796875,
      "PosY": 7.702000141143799,
      "PosZ": -48.987998962402344,
      "Name": "Prop1",
      "PropID": 120,
      "IsOverrideInitLevelGraph": true,
      "Trigger": {
        "Radius": 2.0,
        "PointList": []
      },
      "CampID": 4,
      "CustomTriggerMap": {},
      "CustomTriggerMapV2": {},
      "DialogueGroups": [],
      "TalkDialogGroupIDList": [],
      "ServerInteractVerificationIDList": [],
      "Dialog": {
        "LevelGraph": "Config/Level/PropDialogue/P20135/F20135001_G22/DialogueMain_F20135001_G22_P300001.json",
        "PackList": []
      },
      "InteractIconType": "SecretMissionIcon",
      "InteractTitle": {
        "hash": 278713937,
        "hash64": 16304550243505668348
      }
    }
  ],
  "DistrictList": [],
  "WaypointList": [],
  "PathwayList": [],
  "BattleAreaList": [],
  "NPCList": [
    {
      "ID": 400001,
      "PosX": 87.43499755859375,
      "PosY": 6.798807144165039,
      "PosZ": -49.46799850463867,
      "Name": "NPC1",
      "RotY": 12.29916000366211,
      "NPCID": 11131,
      "LoadOnInitial": false,
      "ValueSource": {},
      "DialogueGroups": [],
      "ServerInteractVerificationIDList": [],
      "DefaultLookAtMode": "Closed",
      "BoardShowList": [],
      "OverrideNPCName": {
        "hash": 207957841,
        "hash64": 10811157612486040991
      },
      "TalkDialogGroupIDList": [],
      "DefaultIdleFreeStyleMotionID": 100010000,
      "InitialHiddenNodeList": [],
      "InteractIconType": "SecretMissionIcon",
      "SpawnConfig": {
        "EntitySpawnConfig": {},
        "CaptureDistanceTolerance": 10.0
      }
    }
  ],
  "CrowdList": [],
  "PedestrianList": [],
  "SmartObjectList": []
}