{
  "$type": "RPG.GameCore.RtLevelGroupInfo",
  "GroupName": "NPC_Normal",
  "AreaAnchorName": "LevelArea_P43104_F43104001_G3",
  "SaveType": "Reset",
  "ConflictIDList": [],
  "AnchorList": [
    {
      "ID": 1,
      "PosX": -0.718999981880188,
      "PosY": 0.6720020174980164,
      "PosZ": -16.393999099731445,
      "Name": "Anchor1",
      "RotY": 2.6145761013031006,
      "Usage": "Camera"
    },
    {
      "ID": 2,
      "PosX": 5.670000076293945,
      "PosY": 0.6700310111045837,
      "PosZ": 12.098999977111816,
      "Name": "Anchor2",
      "RotY": 358.364013671875
    },
    {
      "ID": 3,
      "PosX": 0.4819999933242798,
      "PosY": 0.6720020174980164,
      "PosZ": -16.58099937438965,
      "Name": "Anchor3"
    },
    {
      "ID": 4,
      "PosX": -0.03400000184774399,
      "PosY": 0.6720020174980164,
      "PosZ": -14.588000297546387,
      "Name": "Anchor4",
      "RotY": 180.0
    }
  ],
  "MonsterList": [],
  "PropList": [
    {
      "ID": 300001,
      "PosX": 0.057999998331069946,
      "PosY": 1.86899995803833,
      "PosZ": -16.572999954223633,
      "Name": "Prop1",
      "PropID": 100,
      "IsOverrideInitLevelGraph": true,
      "CampID": 4,
      "CustomTriggerMap": {},
      "DialogueGroups": [],
      "TalkDialogGroupIDList": [],
      "ServerInteractVerificationIDList": []
    }
  ],
  "DistrictList": [],
  "WaypointList": [],
  "PathwayList": [],
  "BattleAreaList": [],
  "NPCList": [
    {
      "ID": 400001,
      "PosX": -0.03400000184774399,
      "PosY": 0.6720020174980164,
      "PosZ": -14.588000297546387,
      "Name": "NPC1",
      "RotY": 180.0,
      "NPCID": 11232,
      "DialogueGroups": [],
      "ServerInteractVerificationIDList": [],
      "BoardShowList": [
        4,
        1,
        64
      ],
      "OverrideNPCName": {
        "hash": 2041393025,
        "hash64": 5616477247414190950
      },
      "OverrideNPCTitle": {
        "hash": -868153487,
        "hash64": 11888736087562327882
      },
      "TalkDialogGroupIDList": [],
      "DefaultIdleFreeStyleMotionID": 100020000,
      "IsMapContent": true,
      "MiniMapIconType": 121,
      "InitialHiddenNodeList": [],
      "Dialog": {
        "LevelGraph": "Config/Level/NPCDialogue/P10101/F10101009_G3/DialogueMain_F10101009_G3_N400001.json",
        "PackList": [
          {
            "Name": "ShowUI",
            "LevelGraph": "Config/Level/NPCDialogue/P10101/F10101009_G3/DialoguePack_ShowUI_F10101009_G3_N400001.json"
          }
        ]
      },
      "SpawnConfig": {
        "EntitySpawnConfig": {},
        "CaptureDistanceTolerance": 10.0
      }
    },
    {
      "ID": 400002,
      "PosX": 6.663909912109375,
      "PosY": 0.6700310111045837,
      "PosZ": 13.523550033569336,
      "Name": "NPC2",
      "RotY": 229.927001953125,
      "NPCID": 1106,
      "LoadOnInitial": false,
      "DialogueGroups": [],
      "ServerInteractVerificationIDList": [],
      "BoardShowList": [],
      "TalkDialogGroupIDList": [],
      "DefaultIdleFreeStyleMotionID": 311060000,
      "OverrideSeriesID": 4294967295,
      "InitialHiddenNodeList": []
    },
    {
      "ID": 400003,
      "PosX": 5.670000076293945,
      "PosY": 0.6700310111045837,
      "PosZ": 12.098999977111816,
      "Name": "NPC3",
      "RotY": 358.364013671875,
      "NPCID": 1992,
      "LoadOnInitial": false,
      "DialogueGroups": [],
      "ServerInteractVerificationIDList": [],
      "BoardShowList": [],
      "TalkDialogGroupIDList": [],
      "DefaultIdleFreeStyleMotionID": 380020000,
      "InitialHiddenNodeList": []
    }
  ],
  "CrowdList": [],
  "PedestrianList": [],
  "SmartObjectList": []
}