{
  "$type": "RPG.GameCore.RtLevelGroupInfo",
  "GroupName": "MainMission3011011_",
  "Category": "Mission",
  "AreaAnchorName": "LevelArea_P10102_F10102001_G91",
  "SaveType": "Reset",
  "LoadCondition": {
    "Conditions": [
      {
        "Type": "SubMission",
        "ID": 301101102
      }
    ]
  },
  "UnloadCondition": {
    "Conditions": [
      {
        "Type": "SubMission",
        "Phase": "Finish",
        "ID": 301101102
      }
    ]
  },
  "ForceUnloadCondition": {
    "Conditions": [
      {
        "Type": "SubMission",
        "Phase": "Cancel",
        "ID": 301101102
      }
    ]
  },
  "OwnerMainMissionID": 3011011,
  "ConflictIDList": [],
  "AnchorList": [
    {
      "ID": 1,
      "PosX": 21.670000076293945,
      "PosY": -0.3835580050945282,
      "PosZ": 48.529998779296875,
      "Name": "Anchor1",
      "RotY": 86.48999786376953
    },
    {
      "ID": 2,
      "PosX": 22.59000015258789,
      "PosY": -0.37656599283218384,
      "PosZ": 48.560001373291016,
      "Name": "Anchor2",
      "RotY": 87.4000015258789
    },
    {
      "ID": 3,
      "PosX": 26.7810001373291,
      "PosY": -0.24225500226020813,
      "PosZ": 48.676998138427734,
      "Name": "Anchor3",
      "RotY": 94.94000244140625
    }
  ],
  "MonsterList": [],
  "PropList": [
    {
      "ID": 300001,
      "PosX": 27.714000701904297,
      "PosY": 0.47699999809265137,
      "PosZ": 49.099998474121094,
      "Name": "Prop1",
      "PropID": 100,
      "IsOverrideInitLevelGraph": true,
      "CampID": 4,
      "OverrideHintRange": 5.0,
      "CustomTriggerMap": {},
      "DialogueGroups": [],
      "TalkDialogGroupIDList": [],
      "ServerInteractVerificationIDList": []
    },
    {
      "ID": 300002,
      "PosX": 23.1299991607666,
      "PosY": -0.31275299191474915,
      "PosZ": 51.95000076293945,
      "Name": "Prop2",
      "PropID": 100,
      "IsOverrideInitLevelGraph": true,
      "Trigger": {
        "Shape": "Box",
        "Radius": 6.0,
        "DimX": 12.0,
        "DimY": 1.0,
        "DimZ": 14.0,
        "PointList": []
      },
      "CampID": 4,
      "CustomTriggerMap": {},
      "DialogueGroups": [],
      "TalkDialogGroupIDList": [],
      "ServerInteractVerificationIDList": []
    }
  ],
  "DistrictList": [],
  "WaypointList": [],
  "PathwayList": [],
  "BattleAreaList": [],
  "NPCList": [
    {
      "ID": 400001,
      "PosX": 27.06999969482422,
      "PosY": -0.08690500259399414,
      "PosZ": 48.62799835205078,
      "Name": "NPC1",
      "RotY": 112.0,
      "NPCID": 11118,
      "DialogueGroups": [],
      "ServerInteractVerificationIDList": [],
      "DefaultLookAtMode": "Closed",
      "BoardShowList": [],
      "TalkDialogGroupIDList": [],
      "DefaultIdleFreeStyleMotionID": 100010000,
      "InitialHiddenNodeList": []
    },
    {
      "ID": 400002,
      "PosX": 22.32699966430664,
      "PosY": -0.37254899740219116,
      "PosZ": 47.731998443603516,
      "Name": "NPC2",
      "RotY": 78.6500015258789,
      "NPCID": 11302,
      "LoadOnInitial": false,
      "DialogueGroups": [],
      "ServerInteractVerificationIDList": [],
      "DefaultLookAtMode": "Closed",
      "BoardShowList": [],
      "TalkDialogGroupIDList": [],
      "DefaultIdleFreeStyleMotionID": 100040000,
      "InitialHiddenNodeList": []
    },
    {
      "ID": 400003,
      "PosX": 26.687000274658203,
      "PosY": -0.13796299695968628,
      "PosZ": 48.13100051879883,
      "Name": "NPC3",
      "RotY": 78.6500015258789,
      "NPCID": 11302,
      "LoadOnInitial": false,
      "DialogueGroups": [],
      "ServerInteractVerificationIDList": [],
      "DefaultLookAtMode": "Closed",
      "BoardShowList": [],
      "TalkDialogGroupIDList": [],
      "DefaultIdleFreeStyleMotionID": 100040000,
      "InitialHiddenNodeList": []
    }
  ],
  "CrowdList": [],
  "PedestrianList": []
}