{
  "$type": "RPG.GameCore.RtLevelGroupInfo",
  "GroupName": "MainMission1010403_",
  "Category": "Mission",
  "AreaAnchorName": "LevelArea_P10102_F10102001_G39",
  "SaveType": "Reset",
  "LoadCondition": {
    "Conditions": [
      {
        "Type": "SubMission",
        "ID": 101040301
      }
    ]
  },
  "UnloadCondition": {
    "Conditions": [
      {
        "Type": "SubMission",
        "Phase": "Finish",
        "ID": 101040301
      }
    ]
  },
  "OwnerMainMissionID": 1010403,
  "ConflictIDList": [],
  "AnchorList": [
    {
      "ID": 1,
      "PosX": -46.430999755859375,
      "PosY": -0.34712401032447815,
      "PosZ": 37.518001556396484,
      "Name": "Anchor1",
      "RotY": 107.17970275878906
    },
    {
      "ID": 2,
      "PosX": -46.28099822998047,
      "PosY": 0.5180000066757202,
      "PosZ": 34.71799850463867,
      "Name": "Anchor2"
    },
    {
      "ID": 3,
      "PosX": -49.5,
      "PosY": 1.2359999418258667,
      "PosZ": 38.0,
      "Name": "Anchor3",
      "RotY": 114.56880187988281,
      "RotX": 4.013206958770752,
      "RotZ": -9.999999974752427e-7,
      "Usage": "Camera"
    }
  ],
  "MonsterList": [],
  "PropList": [
    {
      "ID": 300001,
      "PosX": -47.189998626708984,
      "PosY": -0.33657601475715637,
      "PosZ": 37.81999969482422,
      "Name": "Prop1",
      "PropID": 111,
      "IsOverrideInitLevelGraph": true,
      "Trigger": {
        "Radius": 3.0,
        "DimX": 1.0,
        "DimY": 1.0,
        "DimZ": 1.0,
        "PointList": []
      },
      "CampID": 4,
      "CustomTriggerMap": {},
      "DialogueGroups": [],
      "TalkDialogGroupIDList": [],
      "ServerInteractVerificationIDList": []
    }
  ],
  "DistrictList": [],
  "WaypointList": [],
  "PathwayList": [],
  "BattleAreaList": [],
  "NPCList": [
    {
      "ID": 400001,
      "PosX": -46.430999755859375,
      "PosY": -0.34712401032447815,
      "PosZ": 37.518001556396484,
      "Name": "NPC1",
      "RotY": 107.17970275878906,
      "NPCID": 1992,
      "LoadOnInitial": false,
      "DialogueGroups": [],
      "ServerInteractVerificationIDList": [],
      "BoardShowList": [],
      "TalkDialogGroupIDList": [],
      "DefaultIdleFreeStyleMotionID": 380020000,
      "InitialHiddenNodeList": []
    },
    {
      "ID": 400002,
      "PosX": -45.68000030517578,
      "PosY": -0.34728699922561646,
      "PosZ": 36.689998626708984,
      "Name": "NPC2",
      "RotY": 93.24468994140625,
      "NPCID": 1108,
      "LoadOnInitial": false,
      "DialogueGroups": [],
      "ServerInteractVerificationIDList": [],
      "BoardShowList": [],
      "TalkDialogGroupIDList": [],
      "DefaultIdleFreeStyleMotionID": 311080222,
      "InitialHiddenNodeList": []
    },
    {
      "ID": 400003,
      "PosX": -46.974998474121094,
      "PosY": -0.3577840030193329,
      "PosZ": 36.305999755859375,
      "Name": "NPC3",
      "RotY": 81.73085021972656,
      "NPCID": 1001,
      "LoadOnInitial": false,
      "DialogueGroups": [],
      "ServerInteractVerificationIDList": [],
      "BoardShowList": [],
      "TalkDialogGroupIDList": [],
      "DefaultIdleFreeStyleMotionID": 310010000,
      "InitialHiddenNodeList": []
    }
  ],
  "CrowdList": [],
  "PedestrianList": []
}