{
  "$type": "RPG.GameCore.RtLevelGroupInfo",
  "GroupName": "MainMission1010402_",
  "Category": "Mission",
  "AreaAnchorName": "LevelArea_P10102_F10102001_G36",
  "SaveType": "Reset",
  "LoadCondition": {
    "Conditions": [
      {
        "Type": "SubMission",
        "ID": 101040201
      }
    ]
  },
  "UnloadCondition": {
    "Conditions": [
      {
        "Type": "SubMission",
        "Phase": "Finish",
        "ID": 101040201
      }
    ]
  },
  "OwnerMainMissionID": 1010402,
  "ConflictIDList": [],
  "AnchorList": [
    {
      "ID": 1,
      "PosX": -64.19000244140625,
      "PosY": 4.805469036102295,
      "PosZ": 30.540000915527344,
      "Name": "Anchor1",
      "RotY": 216.43460083007812
    },
    {
      "ID": 2,
      "PosX": -63.09000015258789,
      "PosY": 4.702956199645996,
      "PosZ": 27.59000015258789,
      "Name": "Anchor2",
      "RotY": 274.2168884277344
    },
    {
      "ID": 3,
      "PosX": -63.15999984741211,
      "PosY": 4.687049865722656,
      "PosZ": 28.790000915527344,
      "Name": "Anchor3",
      "RotY": 275.693115234375
    }
  ],
  "MonsterList": [],
  "PropList": [
    {
      "ID": 300001,
      "PosX": -65.76000213623047,
      "PosY": 4.698115825653076,
      "PosZ": 27.079999923706055,
      "Name": "Prop1",
      "RotY": 294.89739990234375,
      "PropID": 100,
      "IsOverrideInitLevelGraph": true,
      "Trigger": {
        "Shape": "Box",
        "Radius": 3.0,
        "DimX": 15.0,
        "DimY": 2.0,
        "DimZ": 3.0,
        "PointList": []
      },
      "CampID": 4,
      "CustomTriggerMap": {},
      "DialogueGroups": [],
      "TalkDialogGroupIDList": [],
      "ServerInteractVerificationIDList": []
    },
    {
      "ID": 300002,
      "PosX": -74.06999969482422,
      "PosY": 4.753129005432129,
      "PosZ": 36.11000061035156,
      "Name": "Prop2",
      "PropID": 100,
      "IsOverrideInitLevelGraph": true,
      "CampID": 4,
      "CustomTriggerMap": {},
      "DialogueGroups": [],
      "TalkDialogGroupIDList": [],
      "ServerInteractVerificationIDList": []
    }
  ],
  "DistrictList": [],
  "WaypointList": [],
  "PathwayList": [],
  "BattleAreaList": [],
  "NPCList": [
    {
      "ID": 400001,
      "PosX": -64.69999694824219,
      "PosY": 4.696753978729248,
      "PosZ": 28.170000076293945,
      "Name": "NPC1",
      "RotY": 77.32015991210938,
      "NPCID": 1108,
      "DialogueGroups": [],
      "ServerInteractVerificationIDList": [],
      "DefaultLookAtMode": "Closed",
      "BoardShowList": [
        4
      ],
      "TalkDialogGroupIDList": [],
      "DefaultIdleFreeStyleMotionID": 311080000,
      "InitialHiddenNodeList": []
    },
    {
      "ID": 400002,
      "PosX": -63.540000915527344,
      "PosY": 4.69974422454834,
      "PosZ": 30.209999084472656,
      "Name": "NPC2",
      "RotY": 212.1508026123047,
      "NPCID": 1001,
      "LoadOnInitial": false,
      "DialogueGroups": [],
      "ServerInteractVerificationIDList": [],
      "DefaultLookAtMode": "Closed",
      "BoardShowList": [
        4
      ],
      "TalkDialogGroupIDList": [],
      "DefaultIdleFreeStyleMotionID": 310010210,
      "InitialHiddenNodeList": []
    },
    {
      "ID": 400003,
      "PosX": -64.22000122070312,
      "PosY": 4.705276012420654,
      "PosZ": 29.280000686645508,
      "Name": "NPC3",
      "RotY": 162.5,
      "NPCID": 1002,
      "LoadOnInitial": false,
      "DialogueGroups": [],
      "ServerInteractVerificationIDList": [],
      "DefaultLookAtMode": "Closed",
      "BoardShowList": [
        4
      ],
      "TalkDialogGroupIDList": [],
      "DefaultIdleFreeStyleMotionID": 310020231,
      "InitialHiddenNodeList": []
    }
  ],
  "CrowdList": [],
  "PedestrianList": []
}