{
  "$type": "RPG.GameCore.RtLevelGroupInfo",
  "GroupName": "MainMission2011401_",
  "Category": "Mission",
  "AreaAnchorName": "LevelArea_P20101_F20101001_G11",
  "SaveType": "Reset",
  "LoadCondition": {
    "Conditions": [
      {
        "Type": "SubMission",
        "ID": 201140108
      }
    ]
  },
  "UnloadCondition": {
    "Conditions": [
      {
        "Type": "SubMission",
        "Phase": "Finish",
        "ID": 201140108
      }
    ]
  },
  "OwnerMainMissionID": 2011401,
  "ConflictIDList": [],
  "AnchorList": [
    {
      "ID": 1,
      "PosX": -87.52999877929688,
      "PosY": 16.707170486450195,
      "PosZ": 13.680000305175781,
      "Name": "Anchor1",
      "RotY": 43.33000183105469
    },
    {
      "ID": 2,
      "PosX": -88.58000183105469,
      "PosY": 17.850000381469727,
      "PosZ": 10.729999542236328,
      "Name": "Anchor2",
      "RotY": 30.000009536743164,
      "RotX": 7.5,
      "RotZ": 3.000000106112566e-6,
      "Usage": "Camera"
    },
    {
      "ID": 3,
      "PosX": -87.69098663330078,
      "PosY": 16.56134033203125,
      "PosZ": 13.144000053405762,
      "Name": "Anchor3",
      "RotY": 52.67134094238281
    }
  ],
  "MonsterList": [],
  "PropList": [
    {
      "ID": 300001,
      "PosX": -86.7300033569336,
      "PosY": 17.610000610351562,
      "PosZ": 14.010000228881836,
      "Name": "Prop1",
      "RotY": 192.16000366210938,
      "PropID": 100,
      "IsOverrideInitLevelGraph": true,
      "Trigger": {
        "Radius": 3.0,
        "DimX": 1.0,
        "DimY": 1.0,
        "DimZ": 1.0,
        "PointList": []
      },
      "CampID": 4,
      "OverrideHintRange": 10.0,
      "CustomTriggerMap": {},
      "DialogueGroups": [],
      "TalkDialogGroupIDList": [],
      "ServerInteractVerificationIDList": []
    }
  ],
  "DistrictList": [],
  "WaypointList": [],
  "PathwayList": [],
  "BattleAreaList": [],
  "NPCList": [
    {
      "ID": 400001,
      "PosX": -86.55999755859375,
      "PosY": 16.587970733642578,
      "PosZ": 13.149999618530273,
      "Name": "NPC1",
      "RotY": 255.0,
      "NPCID": 1105,
      "LoadOnInitial": false,
      "DialogueGroups": [],
      "ServerInteractVerificationIDList": [],
      "DefaultLookAtMode": "Closed",
      "BoardShowList": [],
      "TalkDialogGroupIDList": [],
      "DefaultIdleFreeStyleMotionID": 311050000,
      "InitialHiddenNodeList": []
    },
    {
      "ID": 400002,
      "PosX": -87.69098663330078,
      "PosY": 16.56134033203125,
      "PosZ": 13.144000053405762,
      "Name": "NPC2",
      "RotY": 52.67134094238281,
      "NPCID": 1992,
      "LoadOnInitial": false,
      "DialogueGroups": [],
      "ServerInteractVerificationIDList": [],
      "DefaultLookAtMode": "Closed",
      "BoardShowList": [],
      "TalkDialogGroupIDList": [],
      "InitialHiddenNodeList": []
    }
  ],
  "CrowdList": [],
  "PedestrianList": []
}