{
  "$type": "RPG.GameCore.RtLevelGroupInfo",
  "GroupName": "MainMission2000802_11",
  "Category": "Mission",
  "AreaAnchorName": "LevelArea_P43001_F43001002_G10",
  "SaveType": "Reset",
  "LoadCondition": {
    "Conditions": [
      {
        "Type": "SubMission",
        "ID": 200080212
      }
    ]
  },
  "UnloadCondition": {
    "Conditions": [
      {
        "Type": "SubMission",
        "Phase": "Finish",
        "ID": 200080212
      }
    ]
  },
  "OwnerMainMissionID": 2000802,
  "ValueSource": {},
  "ConflictIDList": [],
  "AnchorList": [
    {
      "ID": 1,
      "PosX": 4.362802028656006,
      "PosY": 9.999999974752427e-7,
      "PosZ": 24.717119216918945,
      "Name": "Anchor1",
      "RotY": 228.90359497070312,
      "Usage": "Actor"
    },
    {
      "ID": 2,
      "PosX": 6.090000152587891,
      "PosY": 1.4199999570846558,
      "PosZ": 27.079999923706055,
      "Name": "Anchor2",
      "RotY": 222.42959594726562,
      "RotX": 1.1631170511245728,
      "RotZ": 0.4854719936847687,
      "Usage": "Camera",
      "CustomParameter": {
        "$type": "RPG.GameCore.LevelAnchorCameraParameter",
        "fov": 26.5
      }
    },
    {
      "ID": 3,
      "PosX": 3.2122600078582764,
      "PosY": 1.687000036239624,
      "PosZ": 24.922149658203125,
      "Name": "Anchor3",
      "RotY": 92.72978973388672
    }
  ],
  "MonsterList": [],
  "PropList": [],
  "DistrictList": [],
  "WaypointList": [],
  "PathwayList": [],
  "BattleAreaList": [],
  "NPCList": [
    {
      "ID": 400001,
      "PosX": 3.2483229637145996,
      "PosY": 0.014999999664723873,
      "PosZ": 24.229650497436523,
      "Name": "NPC1",
      "RotY": 63.19499969482422,
      "NPCID": 1302,
      "ValueSource": {},
      "DialogueGroups": [],
      "ServerInteractVerificationIDList": [],
      "BoardShowList": [],
      "TalkDialogGroupIDList": [],
      "DefaultIdleFreeStyleMotionID": 313020216,
      "InitialHiddenNodeList": [],
      "SpawnConfig": {
        "EntitySpawnConfig": {},
        "CaptureDistanceTolerance": 10.0
      },
      "TriggerValidGuest": {}
    },
    {
      "ID": 400002,
      "PosX": 3.4503860473632812,
      "PosZ": 25.192110061645508,
      "Name": "NPC2",
      "RotY": 92.54248809814453,
      "NPCID": 1002,
      "ValueSource": {},
      "DialogueGroups": [],
      "ServerInteractVerificationIDList": [],
      "BoardShowList": [],
      "TalkDialogGroupIDList": [],
      "DefaultIdleFreeStyleMotionID": 310020231,
      "InitialHiddenNodeList": [],
      "SpawnConfig": {
        "EntitySpawnConfig": {},
        "CaptureDistanceTolerance": 10.0
      },
      "TriggerValidGuest": {}
    },
    {
      "ID": 400003,
      "PosX": 3.982801914215088,
      "PosY": 0.014999999664723873,
      "PosZ": 22.647119522094727,
      "Name": "NPC3",
      "RotY": 180.3905029296875,
      "NPCID": 11413,
      "ValueSource": {},
      "DialogueGroups": [],
      "ServerInteractVerificationIDList": [],
      "BoardShowList": [],
      "TalkDialogGroupIDList": [],
      "DefaultIdleFreeStyleMotionID": 100010222,
      "InitialHiddenNodeList": [],
      "SpawnConfig": {
        "EntitySpawnConfig": {},
        "CaptureDistanceTolerance": 10.0
      },
      "TriggerValidGuest": {}
    },
    {
      "ID": 400004,
      "PosX": 1.9537930488586426,
      "PosY": 0.014999999664723873,
      "PosZ": 31.581310272216797,
      "Name": "NPC4",
      "RotY": 329.044189453125,
      "NPCID": 1003,
      "ValueSource": {},
      "DialogueGroups": [],
      "ServerInteractVerificationIDList": [],
      "BoardShowList": [],
      "TalkDialogGroupIDList": [],
      "DefaultIdleFreeStyleMotionID": 310030000,
      "InitialHiddenNodeList": [],
      "SpawnConfig": {
        "EntitySpawnConfig": {},
        "CaptureDistanceTolerance": 10.0
      },
      "TriggerValidGuest": {}
    },
    {
      "ID": 400005,
      "PosX": 1.3905459642410278,
      "PosY": 0.014999999664723873,
      "PosZ": 31.127620697021484,
      "Name": "NPC5",
      "RotY": 345.27911376953125,
      "NPCID": 3001,
      "ValueSource": {},
      "DialogueGroups": [],
      "ServerInteractVerificationIDList": [],
      "BoardShowList": [],
      "TalkDialogGroupIDList": [],
      "DefaultIdleFreeStyleMotionID": 900010000,
      "InitialHiddenNodeList": [],
      "SpawnConfig": {
        "EntitySpawnConfig": {},
        "CaptureDistanceTolerance": 10.0
      },
      "TriggerValidGuest": {}
    }
  ],
  "CrowdList": [],
  "PedestrianList": [],
  "SmartObjectList": []
}