{
  "$type": "RPG.GameCore.RtLevelGroupInfo",
  "GroupName": "MainMission1021101_13",
  "Category": "Mission",
  "AreaAnchorName": "LevelArea_P20222_F20222001_G182",
  "SaveType": "Reset",
  "LoadCondition": {
    "Conditions": [
      {
        "Type": "SubMission",
        "ID": 102110113
      }
    ]
  },
  "UnloadCondition": {
    "Conditions": [
      {
        "Type": "SubMission",
        "Phase": "Finish",
        "ID": 102110113
      }
    ]
  },
  "OwnerMainMissionID": 1021101,
  "ConflictIDList": [],
  "AnchorList": [
    {
      "ID": 1,
      "PosX": 42.15999984741211,
      "PosY": 60.35591125488281,
      "PosZ": 44.90999984741211,
      "Name": "Anchor1",
      "RotY": 66.03330993652344
    },
    {
      "ID": 2,
      "PosX": 39.970001220703125,
      "PosY": 61.68000030517578,
      "PosZ": 44.619998931884766,
      "Name": "Anchor2",
      "RotY": 69.47257995605469,
      "RotX": 7.218029022216797,
      "RotZ": 0.3831759989261627,
      "Usage": "Camera"
    },
    {
      "ID": 3,
      "PosX": 40.106998443603516,
      "PosY": 61.73099899291992,
      "PosZ": 49.27899932861328,
      "Name": "Anchor3",
      "RotY": 124.63469696044922,
      "RotX": 356.60211181640625,
      "RotZ": 1.2817729711532593,
      "Usage": "Camera"
    },
    {
      "ID": 4,
      "PosX": 40.90999984741211,
      "PosY": 61.470001220703125,
      "PosZ": 47.08000183105469,
      "Name": "Anchor4",
      "RotY": 103.56559753417969,
      "RotX": 347.09130859375,
      "RotZ": -9.999999974752427e-7,
      "Usage": "Camera"
    }
  ],
  "MonsterList": [],
  "PropList": [
    {
      "ID": 300001,
      "PosX": 43.327999114990234,
      "PosY": 62.130001068115234,
      "PosZ": 46.5,
      "Name": "Prop1",
      "PropID": 100,
      "IsOverrideInitLevelGraph": true,
      "CampID": 4,
      "CustomTriggerMap": {},
      "DialogueGroups": [],
      "TalkDialogGroupIDList": [],
      "ServerInteractVerificationIDList": []
    }
  ],
  "DistrictList": [],
  "WaypointList": [],
  "PathwayList": [],
  "BattleAreaList": [],
  "NPCList": [
    {
      "ID": 400001,
      "PosX": 42.380001068115234,
      "PosY": 60.35591125488281,
      "PosZ": 46.2599983215332,
      "Name": "NPC1",
      "RotY": 95.98297119140625,
      "NPCID": 1201,
      "LoadOnInitial": false,
      "DialogueGroups": [],
      "ServerInteractVerificationIDList": [],
      "BoardShowList": [],
      "TalkDialogGroupIDList": [],
      "DefaultAnimationType": "IdleState",
      "InitialHiddenNodeList": []
    },
    {
      "ID": 400002,
      "PosX": 42.15999984741211,
      "PosY": 60.35591125488281,
      "PosZ": 44.90999984741211,
      "Name": "NPC2",
      "RotY": 66.03330993652344,
      "NPCID": 1992,
      "LoadOnInitial": false,
      "DialogueGroups": [],
      "ServerInteractVerificationIDList": [],
      "BoardShowList": [],
      "TalkDialogGroupIDList": [],
      "DefaultAnimationType": "IdleState",
      "InitialHiddenNodeList": []
    }
  ],
  "CrowdList": [],
  "PedestrianList": []
}