{
  "$type": "RPG.GameCore.RtLevelGroupInfo",
  "GroupName": "Contamination_Key_OB10",
  "AreaAnchorName": "LevelArea_P20222_F20222001_G99",
  "LoadSide": "Server",
  "ValueSource": {},
  "ConflictIDList": [],
  "AnchorList": [
    {
      "ID": 1,
      "PosX": -69.5199966430664,
      "PosY": 53.255680084228516,
      "PosZ": -82.26000213623047,
      "Name": "Anchor1",
      "RotY": 213.0800018310547,
      "Usage": "LookAtCamera",
      "LookAtCameraTemplate": "Level/Common_Adventure/Camera_Module/UseGameplayCam01.prefab"
    }
  ],
  "MonsterList": [],
  "PropList": [],
  "DistrictList": [],
  "WaypointList": [
    {
      "ID": 1,
      "PosX": -72.31233215332031,
      "PosY": 53.25566864013672,
      "PosZ": -78.9922866821289
    },
    {
      "ID": 2,
      "PosX": -71.69999694824219,
      "PosY": 53.25566101074219,
      "PosZ": -52.79999923706055
    }
  ],
  "PathwayList": [
    {
      "ID": 1,
      "PosX": -64.59333801269531,
      "PosY": 60.86621856689453,
      "PosZ": -85.44676971435547,
      "Name": "Pathway1",
      "WaypointIDList": [
        1,
        2
      ]
    }
  ],
  "BattleAreaList": [],
  "NPCList": [],
  "CrowdList": [],
  "PedestrianList": [],
  "AudienceList": [],
  "SmartObjectList": []
}