{
  "$type": "RPG.GameCore.RtLevelGroupInfo",
  "GroupName": "MainMission8002234_",
  "Category": "Mission",
  "AreaAnchorName": "LevelArea_P43207_F43207003_G11",
  "SaveType": "Reset",
  "LoadCondition": {
    "Conditions": [
      {
        "Type": "SubMission",
        "ID": 800223402
      }
    ]
  },
  "UnloadCondition": {
    "Conditions": [
      {
        "Type": "SubMission",
        "Phase": "Finish",
        "ID": 800223402
      }
    ]
  },
  "OwnerMainMissionID": 8002234,
  "ConflictIDList": [],
  "AnchorList": [
    {
      "ID": 1,
      "PosX": 48.88999938964844,
      "PosY": 60.35591125488281,
      "PosZ": 42.720001220703125,
      "Name": "Anchor1",
      "RotY": 95.5084228515625
    },
    {
      "ID": 2,
      "PosX": 46.959999084472656,
      "PosY": 61.15999984741211,
      "PosZ": 42.72999954223633,
      "Name": "Anchor2",
      "RotY": 88.76006317138672,
      "RotX": 344.34271240234375,
      "RotZ": 358.6900939941406,
      "Usage": "Camera"
    }
  ],
  "MonsterList": [],
  "PropList": [
    {
      "ID": 300001,
      "PosX": 56.18000030517578,
      "PosY": 61.555908203125,
      "PosZ": 42.7599983215332,
      "Name": "Prop1",
      "RotY": 268.6046142578125,
      "PropID": 100,
      "IsOverrideInitLevelGraph": true,
      "Trigger": {
        "Radius": 8.0,
        "DimX": 1.0,
        "DimY": 1.0,
        "DimZ": 1.0,
        "PointList": []
      },
      "CampID": 4,
      "CustomTriggerMap": {},
      "DialogueGroups": [],
      "TalkDialogGroupIDList": [],
      "ServerInteractVerificationIDList": []
    }
  ],
  "DistrictList": [],
  "WaypointList": [],
  "PathwayList": [],
  "BattleAreaList": [],
  "NPCList": [
    {
      "ID": 400001,
      "PosX": 50.16999053955078,
      "PosY": 60.25907897949219,
      "PosZ": 43.79999923706055,
      "Name": "NPC1",
      "RotY": 223.26060485839844,
      "NPCID": 12303,
      "LoadOnInitial": false,
      "DialogueGroups": [],
      "ServerInteractVerificationIDList": [],
      "BoardShowList": [],
      "OverrideNPCName": {
        "hash": -1217044377,
        "hash64": 15745766602262072073
      },
      "TalkDialogGroupIDList": [],
      "DefaultIdleFreeStyleMotionID": 100040000,
      "InitialHiddenNodeList": []
    },
    {
      "ID": 400002,
      "PosX": 49.10100173950195,
      "PosY": 60.35591125488281,
      "PosZ": 44.06800079345703,
      "Name": "NPC2",
      "RotY": 168.54220581054688,
      "NPCID": 12102,
      "LoadOnInitial": false,
      "DialogueGroups": [],
      "ServerInteractVerificationIDList": [],
      "BoardShowList": [],
      "TalkDialogGroupIDList": [],
      "DefaultIdleFreeStyleMotionID": 100010000,
      "InitialHiddenNodeList": []
    }
  ],
  "CrowdList": [],
  "PedestrianList": [],
  "SmartObjectList": []
}