{
  "$type": "RPG.GameCore.RtLevelGroupInfo",
  "GroupName": "Pose4_WolfGroup_Props",
  "LevelGraph": "Config/Level/GroupGraph/F20322001/Group_F20322001_G98.json",
  "AreaAnchorName": "LevelArea_P20322_F20322001_G98",
  "SavedValueCondition": {
    "Conditions": [],
    "Operation": "And"
  },
  "LoadSide": "Server",
  "LoadOnInitial": true,
  "ValueSource": {},
  "ConflictIDList": [],
  "IsHoyoGroup": true,
  "ConflictWhiteList": [],
  "TagContainer": {
    "List": [
      {
        "Tag": "Group.Level.Gameplay",
        "TagHash": -141571921
      }
    ]
  },
  "AnchorList": [
    {
      "ID": 2,
      "PosX": -70.87000274658203,
      "PosY": 122.0,
      "PosZ": 65.78600311279297,
      "Name": "Anchor2",
      "RotY": -0.00004099999932805076
    },
    {
      "ID": 3,
      "PosX": -79.00800323486328,
      "PosY": 122.0,
      "PosZ": 65.78600311279297,
      "Name": "Anchor3",
      "RotY": -0.00004099999932805076
    },
    {
      "ID": 1,
      "PosX": -65.0780029296875,
      "PosY": 122.0,
      "PosZ": 78.94300079345703,
      "Name": "HideBox_Entry",
      "RotY": 180.0,
      "RotZ": 180.0
    },
    {
      "ID": 4,
      "PosX": -65.03900146484375,
      "PosY": 121.12200164794922,
      "PosZ": 77.94999694824219,
      "Name": "HideBox_Lookat",
      "RotY": 180.0,
      "RotZ": 180.0
    }
  ],
  "MonsterList": [],
  "PropList": [
    {
      "ID": 300008,
      "PosX": -70.81622314453125,
      "PosY": 121.9999008178711,
      "PosZ": 64.46900177001953,
      "Name": "RocketMove1_1",
      "RotY": -0.000029000000722589903,
      "RotX": 0.00003899999865097925,
      "RotZ": 180.0,
      "PropID": 103050,
      "ValueSource": {
        "Values": [
          {
            "$type": "RPG.GameCore.SharedString",
            "Key": "MoveTo",
            "Value": "LevelArea_P20322_F20322001_G98,Anchor3"
          }
        ]
      },
      "Trigger": {
        "Radius": 0.5,
        "DimX": 0.5,
        "DimY": 0.5,
        "DimZ": 0.5,
        "PointList": []
      },
      "CampID": 4,
      "State": "TeleportGate0",
      "CustomTriggerMap": {},
      "CustomTriggerMapV2": {
        "Trigger_02": {
          "Radius": 4.0,
          "DimX": 1.0,
          "DimY": 1.0,
          "DimZ": 1.0,
          "PointList": []
        },
        "Trigger_01": {
          "Radius": 1.0,
          "DimX": 1.0,
          "DimY": 1.0,
          "DimZ": 1.0,
          "PointList": []
        }
      },
      "StateConfigs": [],
      "DialogueGroups": [],
      "TalkDialogGroupIDList": [],
      "ServerInteractVerificationIDList": [],
      "DialogueTriggerSkipSpecifiedFakeAvatarList": [],
      "OverrideTriggerValidGuestConfig": true,
      "TriggerValidGuest": {
        "Teammember": false,
        "FakePlayer": true
      },
      "CameraCenterEntityList": [],
      "SpawnConfig": {
        "EntitySpawnConfig": {}
      }
    },
    {
      "ID": 300009,
      "PosX": -78.96299743652344,
      "PosY": 122.0,
      "PosZ": 64.46199798583984,
      "Name": "RocketMove1_2",
      "RotY": -0.00007300000288523734,
      "RotX": -9.999999974752427e-7,
      "RotZ": 180.00010681152344,
      "PropID": 103050,
      "ValueSource": {
        "Values": [
          {
            "$type": "RPG.GameCore.SharedString",
            "Key": "MoveTo",
            "Value": "LevelArea_P20322_F20322001_G98,Anchor2"
          }
        ]
      },
      "Trigger": {
        "Radius": 0.5,
        "DimX": 0.5,
        "DimY": 0.5,
        "DimZ": 0.5,
        "PointList": []
      },
      "CampID": 4,
      "State": "TeleportGate0",
      "CustomTriggerMap": {},
      "CustomTriggerMapV2": {
        "Trigger_01": {
          "Radius": 1.0,
          "DimX": 1.0,
          "DimY": 1.0,
          "DimZ": 1.0,
          "PointList": []
        },
        "Trigger_02": {
          "Radius": 4.0,
          "DimX": 1.0,
          "DimY": 1.0,
          "DimZ": 1.0,
          "PointList": []
        }
      },
      "StateConfigs": [],
      "DialogueGroups": [],
      "TalkDialogGroupIDList": [],
      "ServerInteractVerificationIDList": [],
      "DialogueTriggerSkipSpecifiedFakeAvatarList": [],
      "OverrideTriggerValidGuestConfig": true,
      "TriggerValidGuest": {
        "Teammember": false,
        "FakePlayer": true
      },
      "CameraCenterEntityList": [],
      "SpawnConfig": {
        "EntitySpawnConfig": {}
      }
    },
    {
      "ID": 300005,
      "PosX": -80.8280029296875,
      "PosY": 121.97200012207031,
      "PosZ": 65.30999755859375,
      "Name": "Prop5",
      "RotY": 180.0,
      "RotZ": 180.0,
      "PropID": 103068,
      "ValueSource": {},
      "CampID": 4,
      "State": "Locked",
      "CustomTriggerMap": {},
      "CustomTriggerMapV2": {},
      "StateConfigs": [],
      "DialogueGroups": [],
      "TalkDialogGroupIDList": [],
      "ServerInteractVerificationIDList": [],
      "DialogueTriggerSkipSpecifiedFakeAvatarList": [],
      "CameraCenterEntityList": [],
      "SpawnConfig": {
        "EntitySpawnConfig": {}
      }
    },
    {
      "ID": 300007,
      "PosX": -98.177001953125,
      "PosY": 122.0,
      "PosZ": 81.54000091552734,
      "Name": "Prop7",
      "RotY": 90.0,
      "RotZ": 180.0,
      "PropID": 103055,
      "IsOverrideInitLevelGraph": true,
      "InitLevelGraph": "Config/Level/Props/Chap03/InitLevelGraph_Prop_Chap03_FireworksBox_01.json",
      "ValueSource": {
        "Values": [
          {
            "$type": "RPG.GameCore.SharedString",
            "Key": "BreakWall",
            "Value": "98,300001"
          }
        ]
      },
      "CampID": 4,
      "CustomTriggerMap": {},
      "CustomTriggerMapV2": {},
      "StateConfigs": [],
      "DialogueGroups": [],
      "TalkDialogGroupIDList": [],
      "ServerInteractVerificationIDList": [],
      "DialogueTriggerSkipSpecifiedFakeAvatarList": [],
      "CameraCenterEntityList": [],
      "SpawnConfig": {
        "EntitySpawnConfig": {}
      }
    },
    {
      "ID": 300010,
      "PosY": -560.0,
      "Name": "Controller",
      "RotY": 180.0,
      "RotZ": 180.0,
      "PropID": 100,
      "IsOverrideInitLevelGraph": true,
      "InitLevelGraph": "Config/Level/Maze/Chapter02/X201/Maze_Chap03_WolfBro_TeleportGate.json",
      "ValueSource": {
        "Values": [
          {
            "$type": "RPG.GameCore.SharedInt",
            "Key": "Maze_CurrentGroup",
            "Value": 98
          },
          {
            "$type": "RPG.GameCore.SharedString",
            "Key": "PrefabPath",
            "Value": "Props/Outputs/Chap02/Chap02_Prop_TeleportGate/TeleportGateController_P202_01.prefab"
          }
        ]
      },
      "CustomTriggerMap": {},
      "CustomTriggerMapV2": {},
      "StateConfigs": [],
      "DialogueGroups": [],
      "TalkDialogGroupIDList": [],
      "ServerInteractVerificationIDList": [],
      "DialogueTriggerSkipSpecifiedFakeAvatarList": [],
      "CameraCenterEntityList": [],
      "SpawnConfig": {
        "EntitySpawnConfig": {}
      }
    },
    {
      "ID": 300001,
      "PosX": -98.80580139160156,
      "PosY": 116.0,
      "PosZ": 78.58000183105469,
      "Name": "BreakableWall",
      "RotY": 90.0,
      "PropID": 100,
      "ValueSource": {},
      "CampID": 4,
      "CustomTriggerMap": {},
      "CustomTriggerMapV2": {},
      "StateConfigs": [],
      "DialogueGroups": [],
      "TalkDialogGroupIDList": [],
      "ServerInteractVerificationIDList": [],
      "StageObjectCapture": {
        "BlockAlias": "Chap03_CloseView_MAZ_P202_Mansion_C",
        "PrefabAlias": "Chap03_P202_BreakableWall_01",
        "UseOverridePos": false
      },
      "DialogueTriggerSkipSpecifiedFakeAvatarList": [],
      "CameraCenterEntityList": [],
      "SpawnConfig": {
        "EntitySpawnConfig": {}
      }
    },
    {
      "ID": 300002,
      "PosX": -65.03900146484375,
      "PosY": 122.0,
      "PosZ": 77.94999694824219,
      "Name": "Hide_Box",
      "RotY": 178.5200958251953,
      "RotX": 9.999999747378752e-6,