{
  "$type": "RPG.GameCore.RtLevelGroupInfo",
  "GroupName": "MainMission",
  "AreaAnchorName": "LevelArea_P10101_F10101002_G5",
  "AnchorList": [
    {
      "ID": 1,
      "PosX": -1.6100000143051147,
      "PosY": 0.5199999809265137,
      "PosZ": -8.15999984741211,
      "Name": "Anchor1",
      "RotY": 227.10000610351562
    },
    {
      "ID": 2,
      "PosY": 0.5199999809265137,
      "PosZ": -2.747999906539917,
      "Name": "Anchor2",
      "RotY": 180.0
    }
  ],
  "MonsterList": [],
  "PropList": [
    {
      "ID": 300001,
      "PosZ": 2.6500000953674316,
      "Name": "Prop1",
      "PropID": 100,
      "IsOverrideInitLevelGraph": true,
      "Trigger": {
        "Shape": "Box",
        "Radius": 1.0,
        "DimX": 6.0,
        "DimY": 10.0,
        "DimZ": 6.0
      },
      "CampID": 4,
      "DialogueGroups": [],
      "ServerInteractVerificationIDList": []
    }
  ],
  "WaypointList": [],
  "PathwayList": [],
  "BattleAreaList": [],
  "NPCList": [
    {
      "ID": 400001,
      "PosX": -1.9600000381469727,
      "PosY": -0.5033760070800781,
      "PosZ": 25.110000610351562,
      "Name": "杰帕德",
      "RotY": 145.4449005126953,
      "NPCID": 1104,
      "DialogueGroups": [],
      "ServerInteractVerificationIDList": [],
      "DefaultLookAtMode": "Closed",
      "BoardShowList": [
        1,
        4,
        64
      ],
      "DefaultIdleFreeStyleMotionID": 311040000
    }
  ]
}