{
  "$type": "RPG.GameCore.RtLevelGroupInfo",
  "GroupName": "MainMission8002231_",
  "Category": "Mission",
  "AreaAnchorName": "LevelArea_P20232_F20232001_G88",
  "SaveType": "Reset",
  "LoadCondition": {
    "Conditions": [
      {
        "Type": "SubMission",
        "Phase": "Finish",
        "ID": 800223101
      }
    ]
  },
  "UnloadCondition": {
    "Conditions": [
      {
        "Phase": "Finish",
        "ID": 8002231
      }
    ]
  },
  "OwnerMainMissionID": 8002231,
  "ConflictIDList": [],
  "AnchorList": [
    {
      "ID": 1,
      "PosX": -171.89999389648438,
      "PosY": 15.708869934082031,
      "PosZ": 5.130000114440918,
      "Name": "Anchor1",
      "RotY": 290.95599365234375
    },
    {
      "ID": 2,
      "PosX": -170.3800048828125,
      "PosY": 17.170000076293945,
      "PosZ": 6.730000019073486,
      "Name": "Anchor2",
      "RotY": 238.83250427246094,
      "RotX": 7.874292850494385,
      "Usage": "Camera"
    }
  ],
  "MonsterList": [],
  "PropList": [],
  "DistrictList": [],
  "WaypointList": [],
  "PathwayList": [],
  "BattleAreaList": [],
  "NPCList": [
    {
      "ID": 400001,
      "PosX": -173.0,
      "PosY": 15.720270156860352,
      "PosZ": 6.0,
      "Name": "NPC1",
      "RotY": 130.9907989501953,
      "NPCID": 12102,
      "DialogueGroups": [],
      "ServerInteractVerificationIDList": [],
      "BoardShowList": [
        1,
        64
      ],
      "TalkDialogGroupIDList": [],
      "DefaultIdleFreeStyleMotionID": 100010000,
      "InitialHiddenNodeList": [],
      "Dialog": {
        "LevelGraph": "Config/Level/NPCDialogue/P20232/F20232001_G88/DialogueMain_F20232001_G88_N400001.json",
        "PackList": []
      }
    },
    {
      "ID": 400002,
      "PosX": -173.41000366210938,
      "PosY": 15.767800331115723,
      "PosZ": 4.849999904632568,
      "Name": "NPC2",
      "RotY": 71.92598724365234,
      "NPCID": 12303,
      "DialogueGroups": [],
      "ServerInteractVerificationIDList": [],
      "BoardShowList": [
        1,
        64
      ],
      "OverrideNPCName": {
        "Hash": -1217044377,
        "Hash64": 15745766602262072073
      },
      "TalkDialogGroupIDList": [],
      "DefaultIdleFreeStyleMotionID": 100040210,
      "InitialHiddenNodeList": []
    },
    {
      "ID": 400003,
      "PosX": -171.89999389648438,
      "PosY": 15.708869934082031,
      "PosZ": 5.130000114440918,
      "IsDelete": true,
      "Name": "NPC3",
      "RotY": 290.95599365234375,
      "NPCID": 1992,
      "DialogueGroups": [],
      "ServerInteractVerificationIDList": [],
      "BoardShowList": [],
      "TalkDialogGroupIDList": [],
      "DefaultIdleFreeStyleMotionID": 380020000,
      "InitialHiddenNodeList": []
    }
  ],
  "CrowdList": [],
  "PedestrianList": [],
  "SmartObjectList": []
}