{
  "FloorID": 30203001,
  "NavmapConfigPath": "Config/LevelOutput/Map/MapInfo_P20122_F20122001.json",
  "GroupList": [
    {
      "GroupInstanceInfo": {
        "ID": 1,
        "Name": "Default"
      },
      "GroupInfo": {
        "AreaAnchorName": "LevelArea_P30201_F30203001_G1",
        "AnchorList": [
          {
            "ID": 1,
            "PosX": -14.965999603271484,
            "PosY": -2.5399999618530273,
            "PosZ": 139.5800018310547,
            "Name": "Anchor1",
            "RotY": 65.00000762939453
          }
        ],
        "MonsterList": [],
        "PropList": [
          {
            "ID": 300001,
            "PosX": -21.889999389648438,
            "PosY": -2.4600000381469727,
            "PosZ": 137.39999389648438,
            "Name": "Prop1",
            "RotY": 35.691200256347656,
            "Scale": {
              "x": 1.7000000476837158,
              "y": 1.0,
              "z": 1.0
            },
            "PropID": 105,
            "IsOverrideInitLevelGraph": true,
            "CampID": 4,
            "CustomTriggerMap": {},
            "CustomTriggerMapV2": {},
            "DialogueGroups": [],
            "TalkDialogGroupIDList": [],
            "ServerInteractVerificationIDList": []
          },
          {
            "ID": 300002,
            "PosX": -8.25,
            "PosY": -2.5799999237060547,
            "PosZ": 128.0,
            "Name": "Prop2",
            "RotY": 0.2041109949350357,
            "Scale": {
              "x": 1.0492000579833984,
              "y": 1.0,
              "z": 1.0
            },
            "PropID": 105,
            "IsOverrideInitLevelGraph": true,
            "CampID": 4,
            "CustomTriggerMap": {},
            "CustomTriggerMapV2": {},
            "DialogueGroups": [],
            "TalkDialogGroupIDList": [],
            "ServerInteractVerificationIDList": []
          },
          {
            "ID": 300003,
            "PosX": -12.619999885559082,
            "PosY": 0.9700000286102295,
            "PosZ": 156.63999938964844,
            "Name": "Prop3",
            "RotY": 160.98019409179688,
            "PropID": 105,
            "IsOverrideInitLevelGraph": true,
            "CampID": 4,
            "CustomTriggerMap": {},
            "CustomTriggerMapV2": {},
            "DialogueGroups": [],
            "TalkDialogGroupIDList": [],
            "ServerInteractVerificationIDList": []
          },
          {
            "ID": 300004,
            "PosX": 6.539999961853027,
            "PosY": -2.4600000381469727,
            "PosZ": 149.92999267578125,
            "Name": "Prop4",
            "RotY": 238.5457000732422,
            "Scale": {
              "x": 1.525678038597107,
              "y": 1.0,
              "z": 1.0
            },
            "PropID": 105,
            "LoadOnInitial": false,
            "IsOverrideInitLevelGraph": true,
            "CampID": 4,
            "CustomTriggerMap": {},
            "CustomTriggerMapV2": {},
            "DialogueGroups": [],
            "TalkDialogGroupIDList": [],
            "ServerInteractVerificationIDList": []
          }
        ],
        "DistrictList": [],
        "NPCList": []
      }
    },
    {
      "GroupInstanceInfo": {
        "ID": 2,
        "Name": "Content"
      },
      "GroupInfo": {
        "AreaAnchorName": "LevelArea_P30201_F30203001_G2",
        "AnchorList": [],
        "MonsterList": [
          {
            "ID": 200001,
            "PosX": 3.222399950027466,
            "PosY": -2.680000066757202,
            "PosZ": 147.99000549316406,
            "Name": "Monster1",
            "RotY": 243.13189697265625,
            "NPCMonsterID": 1002040,
            "AIConfig": {
              "PathwayList": [],
              "SlaveConfigList": []
            },
            "CampID": 3,
            "BattleArea": {
              "GroupID": 1,
              "ID": 1
            },
            "EventID": 9999011,
            "BoardShowList": [
              2
            ]
          }
        ],
        "PropList": [],
        "DistrictList": [],
        "NPCList": []
      }
    },
    {
      "GroupInstanceInfo": {
        "ID": 3,
        "Name": "MP"
      },
      "GroupInfo": {
        "AreaAnchorName": "LevelArea_P30201_F30203001_G3",
        "AnchorList": [],
        "MonsterList": [],
        "PropList": [
          {
            "ID": 300001,
            "PosX": -10.84000015258789,
            "PosY": 19.979999542236328,
            "PosZ": -39.400001525878906,
            "Name": "Prop1",
            "RotY": 131.39959716796875,
            "PropID": 60103,
            "IsOverrideInitLevelGraph": true,
            "CampID": 4,
            "State": "ChestLocked",
            "EventID": 10001,
            "CustomTriggerMap": {},
            "DialogueGroups": [],
            "TalkDialogGroupIDList": [],
            "ServerInteractVerificationIDList": []
          }
        ],
        "DistrictList": [],
        "NPCList": []
      }
    }
  ],
  "DimensionList": [
    {
      "GroupIndexList": [
        0,
        1,
        2
      ],
      "StartAnchorID": 1,
      "DefaultEnviroProfile": "Stages/Outputs/Chapter01/EnviroProfile/Chap01_CloseView_ADV_Area_M202_01_Night.enviroProfile.asset"
    }
  ],
  "GroupInstanceCommonMap": {
    "1": {
      "SaveType": "Permanent",
      "LoadSide": "Server",
      "LoadOnInitial": true
    },
    "2": {
      "SaveType": "Permanent",
      "LoadSide": "Server"
    },
    "3": {
      "SaveType": "Permanent",
      "LoadSide": "Server",
      "GroupRefreshID": 1002
    }
  },
  "LayerToAreaMask": [
    1
  ],
  "StartAnchorID": 1
}