{
  "FloorID": 30301005,
  "NavmapConfigPath": "Config/LevelOutput/Map/MapInfo_P20122_F20122001.json",
  "GroupList": [
    {
      "GroupInstanceInfo": {
        "ID": 1,
        "Name": "DefaultData"
      },
      "GroupInfo": {
        "AreaAnchorName": "LevelArea_P30301_F30301005_G1",
        "AnchorList": [
          {
            "ID": 1,
            "PosX": -35.59418869018555,
            "PosY": -2.5649709701538086,
            "PosZ": 102.20999908447266,
            "Name": "PlayerStart",
            "RotY": 349.80279541015625
          }
        ],
        "MonsterList": [],
        "PropList": [],
        "DistrictList": [],
        "NPCList": []
      }
    },
    {
      "GroupInstanceInfo": {
        "ID": 2,
        "Name": "New Group"
      },
      "GroupInfo": {
        "AreaAnchorName": "LevelArea_P30301_F30301005_G2",
        "AnchorList": [],
        "MonsterList": [
          {
            "ID": 200001,
            "PosX": -38.77566909790039,
            "PosY": -2.639003038406372,
            "PosZ": 117.71109771728516,
            "Name": "Monster1",
            "RotY": 166.7283935546875,
            "NPCMonsterID": 8003050,
            "AIConfig": {
              "PathwayList": [],
              "SlaveConfigList": []
            },
            "CampID": 3,
            "BattleArea": {
              "GroupID": 1,
              "ID": 1
            },
            "EventID": 301105,
            "BoardShowList": [
              2
            ]
          }
        ],
        "PropList": [
          {
            "ID": 300002,
            "PosX": -53.57500076293945,
            "PosY": -2.555253028869629,
            "PosZ": 119.29000091552734,
            "Name": "Prop2",
            "RotY": 90.0,
            "Scale": {
              "x": 0.7172200083732605,
              "y": 1.0,
              "z": 1.0
            },
            "PropID": 105,
            "IsOverrideInitLevelGraph": true,
            "CampID": 4,
            "CustomTriggerMap": {},
            "DialogueGroups": [],
            "TalkDialogGroupIDList": [],
            "ServerInteractVerificationIDList": []
          },
          {
            "ID": 300001,
            "PosX": -57.303001403808594,
            "PosY": -2.6216490268707275,
            "PosZ": 103.63400268554688,
            "Name": "Prop1",
            "RotY": 57.8654899597168,
            "Scale": {
              "x": 0.6499300003051758,
              "y": 1.0,
              "z": 1.0
            },
            "PropID": 105,
            "IsOverrideInitLevelGraph": true,
            "CampID": 4,
            "CustomTriggerMap": {},
            "DialogueGroups": [],
            "TalkDialogGroupIDList": [],
            "ServerInteractVerificationIDList": []
          },
          {
            "ID": 300003,
            "PosX": -34.41999816894531,
            "PosY": -2.495414972305298,
            "PosZ": 98.2300033569336,
            "Name": "Prop3",
            "RotY": 0.39708900451660156,
            "Scale": {
              "x": 1.851151943206787,
              "y": 1.0,
              "z": 1.0
            },
            "PropID": 105,
            "IsOverrideInitLevelGraph": true,
            "CampID": 4,
            "CustomTriggerMap": {},
            "DialogueGroups": [],
            "TalkDialogGroupIDList": [],
            "ServerInteractVerificationIDList": []
          }
        ],
        "DistrictList": [],
        "NPCList": []
      }
    }
  ],
  "DimensionList": [
    {
      "GroupIndexList": [
        0,
        1
      ],
      "StartAnchorID": 1,
      "DefaultEnviroProfile": "Stages/Outputs/Chapter01/EnviroProfile/Chap01_CloseView_ADV_Area_M202_01_Night.enviroProfile.asset"
    }
  ],
  "GroupInstanceCommonMap": {
    "1": {
      "SaveType": "Reset",
      "LoadOnInitial": true
    },
    "2": {
      "SaveType": "Permanent",
      "LoadSide": "Server",
      "LoadOnInitial": true
    }
  },
  "LayerToAreaMask": [
    8,
    16
  ],
  "StartAnchorID": 1
}