{
  "FloorID": 80211001,
  "GroupList": [
    {
      "GroupInstanceInfo": {
        "ID": 1,
        "Name": "DefaultGroup"
      },
      "GroupInfo": {
        "AreaAnchorName": "LevelArea_P80211_F80211001_G1",
        "AnchorList": [
          {
            "ID": 1,
            "PosX": -13.460000038146973,
            "PosY": 0.034147001802921295,
            "PosZ": 4.510000228881836,
            "Name": "PlayerStart",
            "RotY": 346.49560546875
          }
        ],
        "MonsterList": [],
        "PropList": [],
        "DistrictList": [],
        "NPCList": []
      }
    },
    {
      "GroupInstanceInfo": {
        "ID": 2,
        "Name": "DefaultGroup"
      },
      "GroupInfo": {
        "AreaAnchorName": "LevelArea_P80211_F80211001_G2",
        "AnchorList": [
          {
            "ID": 1,
            "PosX": -144.85690307617188,
            "PosY": 0.5,
            "PosZ": 241.52920532226562,
            "Name": "Anchor1",
            "RotY": 329.9999084472656
          }
        ],
        "MonsterList": [],
        "PropList": [],
        "DistrictList": [],
        "NPCList": []
      }
    },
    {
      "GroupInstanceInfo": {
        "ID": 4,
        "Name": "AirWall"
      },
      "GroupInfo": {
        "AreaAnchorName": "LevelArea_P80211_F80211001_G4",
        "AnchorList": [],
        "MonsterList": [],
        "PropList": [
          {
            "ID": 300001,
            "PosX": -10.510000228881836,
            "PosY": 0.03414199873805046,
            "PosZ": -3.5199999809265137,
            "Name": "Prop1",
            "RotY": 344.2695007324219,
            "Scale": {
              "x": 15.859999656677246,
              "y": 1.0,
              "z": 1.0
            },
            "PropID": 102,
            "IsOverrideInitLevelGraph": true,
            "CampID": 4,
            "CustomTriggerMap": {},
            "DialogueGroups": [],
            "TalkDialogGroupIDList": [],
            "ServerInteractVerificationIDList": []
          },
          {
            "ID": 300002,
            "PosX": -31.40999984741211,
            "PosY": 0.03414199873805046,
            "PosZ": 38.119998931884766,
            "Name": "Prop2",
            "RotY": 320.50531005859375,
            "Scale": {
              "x": 15.859999656677246,
              "y": 1.0,
              "z": 1.0
            },
            "PropID": 102,
            "IsOverrideInitLevelGraph": true,
            "CampID": 4,
            "CustomTriggerMap": {},
            "DialogueGroups": [],
            "TalkDialogGroupIDList": [],
            "ServerInteractVerificationIDList": []
          },
          {
            "ID": 300003,
            "PosX": -28.579999923706055,
            "PosY": 0.03414199873805046,
            "PosZ": 17.15999984741211,
            "Name": "Prop3",
            "RotY": 316.7445983886719,
            "Scale": {
              "x": 15.859999656677246,
              "y": 1.0,
              "z": 1.0
            },
            "PropID": 102,
            "IsOverrideInitLevelGraph": true,
            "CampID": 4,
            "CustomTriggerMap": {},
            "DialogueGroups": [],
            "TalkDialogGroupIDList": [],
            "ServerInteractVerificationIDList": []
          },
          {
            "ID": 300004,
            "PosX": -17.6200008392334,
            "PosY": 0.03414199873805046,
            "PosZ": 25.299999237060547,
            "Name": "Prop4",
            "RotY": 154.618896484375,
            "Scale": {
              "x": 15.859999656677246,
              "y": 1.0,
              "z": 1.0
            },
            "PropID": 102,
            "IsOverrideInitLevelGraph": true,
            "CampID": 4,
            "CustomTriggerMap": {},
            "DialogueGroups": [],
            "TalkDialogGroupIDList": [],
            "ServerInteractVerificationIDList": []
          }
        ],
        "DistrictList": [],
        "NPCList": []
      }
    },
    {
      "GroupInstanceInfo": {
        "ID": 5,
        "Name": "RogueDLC130_BaseBoss"
      },
      "GroupInfo": {
        "AreaAnchorName": "LevelArea_P80211_F80211001_G5",
        "AnchorList": [
          {
            "ID": 1,
            "PosX": -11.380000114440918,
            "PosY": 0.034147001802921295,
            "PosZ": 5.889999866485596,
            "Name": "Anchor1",
            "RotY": 305.0
          }
        ],
        "MonsterList": [],
        "PropList": [
          {
            "ID": 300001,
            "PosX": -31.1299991607666,
            "PosY": 0.03414199873805046,
            "PosZ": 38.20000076293945,
            "Name": "Duck",
            "RotY": 158.7187042236328,
            "PropID": 1024,
            "IsOverrideInitLevelGraph": true,
            "InitLevelGraph": "Config/Level/Maze/MazeRogue/Rogue130/Maze_RogueDLC_DiceEquipment_Aeon.json",
            "ValueSource": {
              "Values": []
            },
            "Trigger": {
              "Radius": 2.0,
              "DimX": 1.0,
              "DimY": 1.0,
              "DimZ": 1.0,
              "PointList": []
            },
            "CampID": 4,
            "CustomTriggerMap": {},
            "CustomTriggerMapV2": {},
            "DialogueGroups": [],
            "TalkDialogGroupIDList": [],
            "ServerInteractVerificationIDList": [],
            "Dialog": {
              "PackList": []
            }
          }
        ],
        "DistrictList": [],
        "NPCList": [
          {
            "ID": 400001,
            "PosX": -22.770000457763672,
            "PosY": 0.034147001802921295,
            "PosZ": 23.809999465942383,
            "Name": "NPC1",
            "RotY": 158.7187042236328,
            "NPCID": 100,
            "LevelGraph": "Config/Level/Maze/MazeRogue/Maze_Rogue_NPC_Empty.json",
            "ValueSource": {},
            "DialogueGroups": [],
            "ServerInteractVerificationIDList": [],
            "BoardShowList": [],
            "OverrideNPCName": {
              "hash": 1620935861,
              "hash64": 5435583543832187308
            },
            "TalkDialogGroupIDList": [],
            "DefaultAnimationType": "IdleState",
            "InitialHiddenNodeList": [],
            "SpawnConfig": {
              "EntitySpawnConfig": {},
              "CaptureDistanceTolerance": 10.0
            },
            "TriggerValidGuest": {}
          }
        ]
      }
    }
  ],
  "DimensionList": [
    {
      "GroupIndexList": [
        0,
        1,
        2,
        3
      ],
      "StartAnchorID": 1,
      "DefaultEnviroProfile": "Stages/Outputs/Chapter01/EnviroProfile/Chap01_CloseView_ADV_Area_M303_02_Starry.enviroProfile.asset"
    }
  ],
  "GroupInstanceCommonMap": {
    "1": {
      "SaveType": "Reset",
      "LoadOnInitial": true
    },
    "2": {
      "SaveType": "Permanent",
      "IsHoyoGroup": true,
      "LoadSide": "Server"
    },
    "4": {
      "SaveType": "Reset",
      "LoadOnInitial": true
    },
    "5": {
      "Category": "Custom",
      "SaveType": "Permanent",
      "IsHoyoGroup": true,
      "LoadSide": "Server",
      "LoadOnInitial": true
    }
  },
  "LayerToAreaMask": [
    1
  ],
  "StartAnchorID": 1
}