{
  "FloorID": 41000001,
  "NavmapConfigPath": "Config/LevelOutput/Map/MapInfo_P20123_F20123001.json",
  "GroupList": [
    {
      "GroupInstanceInfo": {
        "ID": 2,
        "Name": "Monsters"
      },
      "GroupInfo": {
        "AreaAnchorName": "LevelArea_P41000_F41000001_G2",
        "AnchorList": [],
        "MonsterList": [
          {
            "ID": 200001,
            "PosX": -67.12000274658203,
            "PosY": 13.970000267028809,
            "PosZ": 20.399999618530273,
            "Name": "Monster1",
            "RotY": 96.51065063476562,
            "NPCMonsterID": 1023020,
            "AIConfig": {
              "PathwayList": [],
              "SlaveConfigList": []
            },
            "CampID": 3,
            "BattleArea": {
              "GroupID": 3,
              "ID": 1
            },
            "EventID": 900202,
            "BoardShowList": [
              2
            ]
          },
          {
            "ID": 200002,
            "PosX": -68.76000213623047,
            "PosY": 11.979999542236328,
            "PosZ": -18.969999313354492,
            "Name": "Monster2",
            "RotY": 87.96832275390625,
            "NPCMonsterID": 1023010,
            "AIConfig": {
              "PathwayList": [],
              "SlaveConfigList": []
            },
            "CampID": 3,
            "BattleArea": {
              "GroupID": 3,
              "ID": 1
            },
            "EventID": 900201,
            "BoardShowList": [
              2
            ]
          }
        ],
        "PropList": [],
        "DistrictList": [],
        "NPCList": []
      }
    },
    {
      "GroupInstanceInfo": {
        "ID": 3,
        "Name": "PlayerStart"
      },
      "GroupInfo": {
        "AreaAnchorName": "LevelArea_P41000_F41000001_G3",
        "AnchorList": [
          {
            "ID": 1,
            "PosX": -29.899999618530273,
            "PosY": 12.010000228881836,
            "PosZ": -0.7400000095367432,
            "Name": "Checkpoint1",
            "RotY": 270.0
          }
        ],
        "MonsterList": [],
        "PropList": [
          {
            "ID": 300001,
            "PosX": -4.545300006866455,
            "PosY": 14.010000228881836,
            "PosZ": 12.16409969329834,
            "Name": "Prop1",
            "RotY": 2.4085330963134766,
            "Scale": {
              "x": 1.100000023841858,
              "y": 1.0,
              "z": 1.0
            },
            "PropID": 105,
            "IsOverrideInitLevelGraph": true,
            "CampID": 4,
            "CustomTriggerMap": {},
            "CustomTriggerMapV2": {},
            "DialogueGroups": [],
            "TalkDialogGroupIDList": [],
            "ServerInteractVerificationIDList": []
          },
          {
            "ID": 300002,
            "PosX": -23.850000381469727,
            "PosY": 12.0600004196167,
            "PosZ": -1.5800000429153442,
            "Name": "Prop2",
            "RotY": 270.0,
            "PropID": 105,
            "IsOverrideInitLevelGraph": true,
            "CampID": 4,
            "CustomTriggerMap": {},
            "CustomTriggerMapV2": {},
            "DialogueGroups": [],
            "TalkDialogGroupIDList": [],
            "ServerInteractVerificationIDList": []
          },
          {
            "ID": 300003,
            "PosX": 30.229999542236328,
            "PosY": 19.950000762939453,
            "PosZ": -57.619998931884766,
            "Name": "Prop3",
            "RotY": 320.6700134277344,
            "PropID": 105,
            "LoadOnInitial": false,
            "IsOverrideInitLevelGraph": true,
            "CampID": 4,
            "CustomTriggerMap": {},
            "CustomTriggerMapV2": {},
            "DialogueGroups": [],
            "TalkDialogGroupIDList": [],
            "ServerInteractVerificationIDList": []
          },
          {
            "ID": 300004,
            "PosX": -6.039000034332275,
            "PosY": 19.995439529418945,
            "PosZ": 25.35700035095215,
            "Name": "Prop4",
            "PropID": 101004,
            "IsOverrideInitLevelGraph": true,
            "CampID": 4,
            "CustomTriggerMap": {},
            "CustomTriggerMapV2": {},
            "DialogueGroups": [],
            "TalkDialogGroupIDList": [],
            "ServerInteractVerificationIDList": []
          },
          {
            "ID": 300005,
            "PosX": -6.039000034332275,
            "PosY": 19.989299774169922,
            "PosZ": -21.229999542236328,
            "Name": "Prop5",
            "PropID": 101019,
            "IsOverrideInitLevelGraph": true,
            "ValueSource": {
              "Values": [
                {
                  "$type": "RPG.GameCore.SharedString",
                  "Key": "Maze_Prop_Chap01_IronGate06Controller_ConfigID",
                  "Value": "8,300005"
                },
                {
                  "$type": "RPG.GameCore.SharedString",
                  "Key": "Maze_Chap01_Prop_IronGate06_LockHint",
                  "Value": "MazeText_LockedDoor"
                }
              ]
            },
            "CustomTriggerMap": {},
            "CustomTriggerMapV2": {},
            "DialogueGroups": [],
            "TalkDialogGroupIDList": [],
            "ServerInteractVerificationIDList": []
          }
        ],
        "DistrictList": [],
        "NPCList": []
      }
    },
    {
      "GroupInstanceInfo": {
        "ID": 4,
        "Name": "Logics"
      },
      "GroupInfo": {
        "AreaAnchorName": "LevelArea_P41000_F41000001_G4",
        "AnchorList": [],
        "MonsterList": [],
        "PropList": [
          {
            "ID": 300001,
            "Name": "LogicControl",
            "PropID": 100,
            "ValueSource": {
              "Values": [
                {
                  "$type": "RPG.GameCore.SharedFloat",
                  "Key": "MazeDF_CurrentGroup",
                  "Value": 4.0
                }
              ]
            },
            "CampID": 4,
            "CustomTriggerMap": {},
            "CustomTriggerMapV2": {},
            "StateConfigs": [],
            "DialogueGroups": [],
            "TalkDialogGroupIDList": [],
            "ServerInteractVerificationIDList": [],
            "CameraCenterEntityList": [],
            "SpawnConfig": {
              "EntitySpawnConfig": {}
            }
          },
          {
            "ID": 300002,
            "PosX": 3.369999885559082,
            "PosY": 19.979999542236328,
            "PosZ": -53.349998474121094,
            "Name": "Treasure",
            "RotY": 340.0013122558594,
            "PropID": 60103,
            "LoadOnInitial": false,
            "IsOverrideInitLevelGraph": true,
            "InitLevelGraph": "Config/Level/Props/Chap01/InitLevelGraph_Prop_Chap01_TreasureBox_02.json",
            "ValueSource": {},
            "CampID": 4,
            "State": "Hidden",
            "CustomTriggerMap": {},
            "CustomTriggerMapV2": {},
            "StateConfigs": [],
            "DialogueGroups": [],
            "TalkDialogGroupIDList": [],
            "ServerInteractVerificationIDList": [],
            "CameraCenterEntityList": [],
            "SpawnConfig": {
              "EntitySpawnConfig": {}
            }
          },
          {
            "ID": 300003,
            "PosX": 44.76454162597656,
            "PosY": 22.57486915588379,
            "PosZ": -3.797318935394287,
            "Name": "Hint",
            "PropID": 100,
            "LoadOnInitial": false,
            "IsOverrideInitLevelGraph": true,
            "InitLevelGraph": "Config/Level/DesignerBackup/Gameplay/TreasureChallengeRaid/Test_Gameplay_TreasureChallengeRaid_Hint.json",
            "ValueSource": {
              "Values": [
                {
                  "$type": "RPG.GameCore.SharedFloat",
                  "Key": "MazeDF_CurrentGroup",