{
  "FloorID": 30401002,
  "NavmapConfigPath": "Config/LevelOutput/Map/MapInfo_P20121_F20121001.json",
  "GroupList": [
    {
      "GroupInstanceInfo": {
        "ID": 1,
        "Name": "DefaultGroup"
      },
      "GroupInfo": {
        "AreaAnchorName": "LevelArea_P30401_F30401002_G1",
        "AnchorList": [
          {
            "ID": 1,
            "PosX": 232.48849487304688,
            "PosY": 46.611061096191406,
            "PosZ": -107.10140228271484,
            "Name": "PlayerStart"
          }
        ],
        "MonsterList": [],
        "PropList": [],
        "DistrictList": [],
        "NPCList": []
      }
    },
    {
      "GroupInstanceInfo": {
        "ID": 5,
        "Name": "DefaultMonster"
      },
      "GroupInfo": {
        "AreaAnchorName": "LevelArea_P30401_F30401002_G5",
        "AnchorList": [],
        "MonsterList": [
          {
            "ID": 200004,
            "PosX": 233.18359375,
            "PosY": 45.26504898071289,
            "PosZ": -65.33495330810547,
            "Name": "Monster4",
            "RotY": 328.46990966796875,
            "NPCMonsterID": 1002020,
            "AIConfig": {
              "PathwayList": [
                {
                  "UseOwnerGroup": true,
                  "UseGroup": 5,
                  "UseID": 1
                }
              ],
              "SlaveConfigList": []
            },
            "CampID": 3,
            "BattleArea": {
              "GroupID": 2,
              "ID": 1
            },
            "EventID": 20121131,
            "BoardShowList": [
              2
            ],
            "NearestTeleportMappingInfoID": 2012102
          },
          {
            "ID": 200008,
            "PosX": 253.351806640625,
            "PosY": 45.26995849609375,
            "PosZ": -62.573001861572266,
            "Name": "Monster8",
            "RotY": 309.2481994628906,
            "NPCMonsterID": 1002020,
            "AIConfig": {
              "PathwayList": [],
              "SlaveConfigList": []
            },
            "CampID": 3,
            "BattleArea": {
              "GroupID": 2,
              "ID": 1
            },
            "EventID": 20121134,
            "BoardShowList": [
              2
            ],
            "NearestTeleportMappingInfoID": 2012102
          },
          {
            "ID": 200011,
            "PosX": 211.69729614257812,
            "PosY": 46.65422058105469,
            "PosZ": -60.233001708984375,
            "Name": "Monster11",
            "RotY": 131.26910400390625,
            "NPCMonsterID": 1002020,
            "AIConfig": {
              "PathwayList": [
                {
                  "UseOwnerGroup": true,
                  "UseGroup": 5,
                  "UseID": 6
                }
              ],
              "SlaveConfigList": []
            },
            "CampID": 3,
            "BattleArea": {
              "GroupID": 2,
              "ID": 1
            },
            "EventID": 20121135,
            "BoardShowList": [
              2
            ],
            "NearestTeleportMappingInfoID": 2012102
          },
          {
            "ID": 200015,
            "PosX": 245.2779998779297,
            "PosY": 45.26504135131836,
            "PosZ": -52.224998474121094,
            "Name": "Monster15",
            "RotY": 289.5910949707031,
            "NPCMonsterID": 1002020,
            "AIConfig": {
              "PathwayList": [],
              "SlaveConfigList": []
            },
            "CampID": 3,
            "BattleArea": {
              "GroupID": 2,
              "ID": 1
            },
            "InitialAnimState": "SpecialStandBy2",
            "EventID": 20121137,
            "BoardShowList": [
              2
            ],
            "NearestTeleportMappingInfoID": 2012103
          },
          {
            "ID": 200017,
            "PosX": 239.4600067138672,
            "PosY": 45.3207893371582,
            "PosZ": -85.38300323486328,
            "Name": "Monster17",
            "RotY": 304.5757141113281,
            "NPCMonsterID": 1002020,
            "AIConfig": {
              "PathwayList": [],
              "SlaveConfigList": []
            },
            "CampID": 3,
            "BattleArea": {
              "GroupID": 2,
              "ID": 1
            },
            "EventID": 20121138,
            "BoardShowList": [
              2
            ],
            "NearestTeleportMappingInfoID": 2012103
          },
          {
            "ID": 200018,
            "PosX": 242.75100708007812,
            "PosY": 45.27875900268555,
            "PosZ": -51.948001861572266,
            "Name": "Monster18",
            "RotY": 149.10330200195312,
            "NPCMonsterID": 1002020,
            "AIConfig": {
              "PathwayList": [],
              "SlaveConfigList": []
            },
            "CampID": 3,
            "BattleArea": {
              "GroupID": 2,
              "ID": 1
            },
            "InitialAnimState": "SpecialStandBy2",
            "EventID": 20121139,
            "BoardShowList": [
              2
            ],
            "NearestTeleportMappingInfoID": 2012103
          },
          {
            "ID": 200001,
            "PosX": 201.1490020751953,
            "PosY": 46.727088928222656,
            "PosZ": -65.61000061035156,
            "Name": "Monster1",
            "RotY": 358.6217956542969,
            "NPCMonsterID": 8001020,
            "AIConfig": {
              "PathwayList": [],
              "SlaveConfigList": []
            },
            "CampID": 3,
            "BattleArea": {
              "GroupID": 2,
              "ID": 1
            },
            "EventID": 20111007,
            "BoardShowList": [
              2
            ]
          },
          {
            "ID": 200002,
            "PosX": 166.9199981689453,
            "PosY": 46.30128860473633,
            "PosZ": -64.81999969482422,
            "Name": "Monster2",
            "RotY": 313.5033874511719,
            "NPCMonsterID": 8001020,
            "AIConfig": {
              "PathwayList": [],
              "SlaveConfigList": []
            },
            "CampID": 3,
            "BattleArea": {
              "GroupID": 2,
              "ID": 1
            },
            "EventID": 20111007,
            "BoardShowList": [
              2
            ]
          },
          {
            "ID": 200005,
            "PosX": 260.5899963378906,
            "PosY": 45.29685974121094,
            "PosZ": -61.15999984741211,
            "Name": "Monster5",
            "RotY": 46.3129997253418,
            "NPCMonsterID": 8001020,
            "AIConfig": {
              "PathwayList": [],
              "SlaveConfigList": []
            },
            "CampID": 3,
            "BattleArea": {
              "GroupID": 2,
              "ID": 1
            },
            "EventID": 20111007,
            "BoardShowList": [
              2
            ]
          },
          {
            "ID": 200009,
            "PosX": 222.4600067138672,
            "PosY": 45.78413009643555,
            "PosZ": -58.15999984741211,
            "Name": "Monster9",
            "RotY": 338.3995056152344,
            "NPCMonsterID": 8001020,
            "AIConfig": {
              "PathwayList": [],
              "SlaveConfigList": []
            },
            "CampID": 3,
            "BattleArea": {
              "GroupID": 2,
              "ID": 1
            },
            "EventID": 20111007,
            "BoardShowList": [
              2
            ]
          },
          {
            "ID": 200010,
            "PosX": 247.33999633789062,
            "PosY": 45.26504135131836,
            "PosZ": -63.04999923706055,
            "Name": "Monster10",
            "RotY": 301.1257019042969,
            "NPCMonsterID": 1013020,
            "AIConfig": {
              "PathwayList": [
                {
                  "UseOwnerGroup": true,