{
  "FloorID": 30502001,
  "NavmapConfigPath": "Config/LevelOutput/Map/MapInfo_P20111_F20111001.json",
  "GroupList": [
    {
      "GroupInstanceInfo": {
        "ID": 1,
        "Name": "DefaultGroup"
      },
      "GroupInfo": {
        "AreaAnchorName": "LevelArea_P30502_F30502001_G1",
        "AnchorList": [
          {
            "ID": 1,
            "PosX": -41.0099983215332,
            "PosY": 2.1707019805908203,
            "PosZ": 57.105960845947266,
            "Name": "PlayerStart"
          }
        ],
        "MonsterList": [],
        "PropList": [],
        "DistrictList": [],
        "NPCList": []
      }
    },
    {
      "GroupInstanceInfo": {
        "ID": 12,
        "Name": "Wave1_Monsters"
      },
      "GroupInfo": {
        "AreaAnchorName": "LevelArea_P30502_F30502001_G12",
        "TagContainer": {},
        "AnchorList": [
          {
            "ID": 1,
            "PosX": -25.440000534057617,
            "PosY": -2.133928060531616,
            "PosZ": -170.26280212402344,
            "Name": "Anchor1",
            "RotY": 270.0
          },
          {
            "ID": 2,
            "PosX": 9.020000457763672,
            "PosY": -2.134002923965454,
            "PosZ": -76.37876892089844,
            "Name": "Anchor2",
            "RotY": 90.0
          }
        ],
        "MonsterList": [
          {
            "ID": 200001,
            "PosX": 40.5936393737793,
            "PosY": -1.1340030431747437,
            "PosZ": -98.42111206054688,
            "Name": "Monster1",
            "RotY": 290.0,
            "NPCMonsterID": 8003010,
            "AIConfig": {
              "AIFile": "Config/ConfigAI/Adventure/NPCMonster/ST_NPCMonster_Master_Dummy.json",
              "PathwayList": [],
              "SlaveConfigList": []
            },
            "AIVariableSource": {},
            "ValueSource": {},
            "CampID": 3,
            "BattleArea": {
              "GroupID": 10,
              "ID": 1
            },
            "EventID": 99999011,
            "BoardShowList": [
              2
            ],
            "TagList": [],
            "SpawnConfig": {
              "EntitySpawnConfig": {}
            }
          }
        ],
        "PropList": [
          {
            "ID": 300001,
            "PosX": 29.840030670166016,
            "PosY": -1.2961219549179077,
            "PosZ": -105.95999908447266,
            "Name": "Prop1",
            "Scale": {
              "x": 1.2000000476837158,
              "y": 1.0,
              "z": 1.0
            },
            "PropID": 105,
            "IsOverrideInitLevelGraph": true,
            "CampID": 4,
            "CustomTriggerMap": {},
            "CustomTriggerMapV2": {},
            "DialogueGroups": [],
            "TalkDialogGroupIDList": [],
            "ServerInteractVerificationIDList": [],
            "CameraCenterEntityList": []
          },
          {
            "ID": 300002,
            "PosX": 1.5245170593261719,
            "PosY": -2.134002923965454,
            "PosZ": -78.44999694824219,
            "Name": "Prop2",
            "RotY": 90.0,
            "Scale": {
              "x": 0.699999988079071,
              "y": 1.0,
              "z": 1.0
            },
            "PropID": 105,
            "IsOverrideInitLevelGraph": true,
            "CampID": 4,
            "CustomTriggerMap": {},
            "CustomTriggerMapV2": {},
            "DialogueGroups": [],
            "TalkDialogGroupIDList": [],
            "ServerInteractVerificationIDList": [],
            "CameraCenterEntityList": []
          },
          {
            "ID": 300003,
            "PosX": 8.1899995803833,
            "PosY": -2.134002923965454,
            "PosZ": -71.55999755859375,
            "Name": "Prop3",
            "Scale": {
              "x": 1.100000023841858,
              "y": 1.0,
              "z": 1.0
            },
            "PropID": 105,
            "IsOverrideInitLevelGraph": true,
            "CampID": 4,
            "CustomTriggerMap": {},
            "CustomTriggerMapV2": {},
            "DialogueGroups": [],
            "TalkDialogGroupIDList": [],
            "ServerInteractVerificationIDList": [],
            "CameraCenterEntityList": []
          },
          {
            "ID": 300004,
            "PosX": 12.246620178222656,
            "PosY": -2.1339519023895264,
            "PosZ": -166.66749572753906,
            "Name": "Prop4",
            "PropID": 100,
            "LoadOnInitial": false,
            "IsOverrideInitLevelGraph": true,
            "InitLevelGraph": "Config/Level/Maze/MazeExtra/Maze_Prop_MonsterIcon.json",
            "CampID": 4,
            "CustomTriggerMap": {},
            "CustomTriggerMapV2": {},
            "DialogueGroups": [],
            "TalkDialogGroupIDList": [],
            "ServerInteractVerificationIDList": [],
            "CameraCenterEntityList": []
          }
        ],
        "DistrictList": [],
        "NPCList": []
      }
    },
    {
      "GroupInstanceInfo": {
        "ID": 13,
        "Name": "Wave1_Destructable"
      },
      "GroupInfo": {
        "AreaAnchorName": "LevelArea_P30502_F30502001_G13",
        "AnchorList": [],
        "MonsterList": [],
        "PropList": [
          {
            "ID": 300006,
            "PosX": 32.14628982543945,
            "PosY": -1.1340030431747437,
            "PosZ": -78.2156982421875,
            "Name": "Destruct",
            "RotY": 270.0,
            "PropID": 101016,
            "ValueSource": {},
            "CampID": 4,
            "EventID": 10001,
            "CustomTriggerMap": {},
            "CustomTriggerMapV2": {},
            "StateConfigs": [],
            "DialogueGroups": [],
            "TalkDialogGroupIDList": [],
            "ServerInteractVerificationIDList": [],
            "DialogueTriggerSkipSpecifiedFakeAvatarList": [],
            "CameraCenterEntityList": [],
            "CameraConfig": {},
            "OverrideAdvEffectMap": {},
            "SpawnConfig": {
              "EntitySpawnConfig": {}
            }
          },
          {
            "ID": 300002,
            "PosX": 26.079999923706055,
            "PosY": -1.1340030431747437,
            "PosZ": -73.6093521118164,
            "Name": "Destruct",
            "RotY": 180.0,
            "PropID": 101016,
            "LoadOnInitial": false,
            "ValueSource": {},
            "CampID": 4,
            "EventID": 10001,
            "CustomTriggerMap": {},
            "CustomTriggerMapV2": {},
            "StateConfigs": [],
            "DialogueGroups": [],
            "TalkDialogGroupIDList": [],
            "ServerInteractVerificationIDList": [],
            "DialogueTriggerSkipSpecifiedFakeAvatarList": [],
            "CameraCenterEntityList": [],
            "CameraConfig": {},
            "OverrideAdvEffectMap": {},
            "SpawnConfig": {
              "EntitySpawnConfig": {}
            }
          },
          {
            "ID": 300003,
            "PosX": 26.935359954833984,
            "PosY": -1.1340030431747437,
            "PosZ": -82.5311508178711,
            "Name": "Destruct",
            "PropID": 101016,
            "ValueSource": {},
            "CampID": 4,
            "EventID": 10001,
            "CustomTriggerMap": {},
            "CustomTriggerMapV2": {},
            "StateConfigs": [],
            "DialogueGroups": [],
            "TalkDialogGroupIDList": [],
            "ServerInteractVerificationIDList": [],
            "DialogueTriggerSkipSpecifiedFakeAvatarList": [],
            "CameraCenterEntityList": [],
            "CameraConfig": {},
            "OverrideAdvEffectMap": {},
            "SpawnConfig": {
              "EntitySpawnConfig": {}
            }
          },
          {
            "ID": 300004,
            "PosX": 35.12289047241211,
            "PosY": -1.1340030431747437,
            "PosZ": -90.4300537109375,
            "Name": "Destruct",
            "RotY": 180.0,