{
  "FloorID": 30530001,
  "NavmapConfigPath": "Config/LevelOutput/Map/MapInfo_P20411_F20411001.json",
  "GroupList": [
    {
      "GroupInstanceInfo": {
        "ID": 1,
        "Name": "DefaultGroup"
      },
      "GroupInfo": {
        "AreaAnchorName": "LevelArea_P30530_F30530001_G1",
        "AnchorList": [
          {
            "ID": 1,
            "PosX": 0.03951599821448326,
            "PosY": 81.93965148925781,
            "PosZ": 10.43062973022461,
            "Name": "PlayerStart"
          }
        ],
        "MonsterList": [],
        "PropList": [
          {
            "ID": 300001,
            "PosX": -0.09391800314188004,
            "PosY": 84.72786712646484,
            "PosZ": 105.19519805908203,
            "Name": "Prop1",
            "Scale": {
              "x": 1.2000000476837158,
              "y": 1.0,
              "z": 1.0
            },
            "PropID": 104087,
            "ValueSource": {},
            "CampID": 4,
            "CustomTriggerMap": {},
            "CustomTriggerMapV2": {},
            "StateConfigs": [],
            "DialogueGroups": [],
            "TalkDialogGroupIDList": [],
            "ServerInteractVerificationIDList": [],
            "DialogueTriggerSkipSpecifiedFakeAvatarList": [],
            "CameraCenterEntityList": [],
            "CameraConfig": {},
            "SpawnConfig": {
              "EntitySpawnConfig": {}
            }
          }
        ],
        "DistrictList": [],
        "NPCList": []
      }
    },
    {
      "GroupInstanceInfo": {
        "ID": 2,
        "Name": "DefaultGroup"
      },
      "GroupInfo": {
        "AreaAnchorName": "LevelArea_P30530_F30530001_G2",
        "TagContainer": {
          "List": [
            {
              "Tag": "Group.Level.SceneConfig",
              "TagHash": 520707853
            }
          ]
        },
        "AnchorList": [
          {
            "ID": 1,
            "PosX": -493.04998779296875,
            "PosY": -96.02010345458984,
            "PosZ": -595.5399780273438,
            "Name": "PlayerStart",
            "RotY": 9.887563705444336
          },
          {
            "ID": 2,
            "PosX": 255.47560119628906,
            "PosY": 44.34067916870117,
            "PosZ": 5.815154075622559,
            "Name": "EraFlipperRoom1Start"
          },
          {
            "ID": 3,
            "PosX": 213.62429809570312,
            "PosY": 44.34067153930664,
            "PosZ": -41.755218505859375,
            "Name": "EraFlipperRoom1TunnelStart",
            "RotY": 90.0
          },
          {
            "ID": 4,
            "PosX": 0.061000000685453415,
            "PosY": 82.6240005493164,
            "PosZ": -126.30999755859375,
            "Name": "Portal"
          }
        ],
        "MonsterList": [],
        "PropList": [],
        "DistrictList": [],
        "NPCList": []
      }
    },
    {
      "GroupInstanceInfo": {
        "ID": 3,
        "Name": "Door_Room11"
      },
      "GroupInfo": {
        "AreaAnchorName": "LevelArea_P30530_F30530001_G3",
        "TagContainer": {
          "List": [
            {
              "Tag": "Group.Level.Connection",
              "TagHash": -295833477
            }
          ]
        },
        "AnchorList": [],
        "MonsterList": [],
        "PropList": [
          {
            "ID": 300001,
            "PosX": -22.8700008392334,
            "PosY": 78.91899871826172,
            "PosZ": 0.5307859778404236,
            "Name": "Door_01",
            "RotY": 180.00030517578125,
            "PropID": 104006,
            "ValueSource": {
              "Values": [
                {
                  "$type": "RPG.GameCore.SharedInt",
                  "Key": "CanInteractDurLock"
                }
              ]
            },
            "CampID": 4,
            "CustomTriggerMap": {},
            "CustomTriggerMapV2": {},
            "StateConfigs": [],
            "DialogueGroups": [],
            "TalkDialogGroupIDList": [],
            "ServerInteractVerificationIDList": [],
            "DialogueTriggerSkipSpecifiedFakeAvatarList": [],
            "CameraCenterEntityList": [],
            "CameraConfig": {},
            "SpawnConfig": {
              "EntitySpawnConfig": {}
            }
          },
          {
            "ID": 300002,
            "PosX": 23.13758087158203,
            "PosY": 78.91899871826172,
            "PosZ": 0.5281090140342712,
            "Name": "Door_02",
            "RotY": 180.00030517578125,
            "PropID": 104006,
            "ValueSource": {
              "Values": [
                {
                  "$type": "RPG.GameCore.SharedInt",
                  "Key": "DoorType",
                  "Value": 1
                },
                {
                  "$type": "RPG.GameCore.SharedInt",
                  "Key": "CanInteractDurLock"
                }
              ]
            },
            "CampID": 4,
            "CustomTriggerMap": {},
            "CustomTriggerMapV2": {},
            "StateConfigs": [],
            "DialogueGroups": [],
            "TalkDialogGroupIDList": [],
            "ServerInteractVerificationIDList": [],
            "DialogueTriggerSkipSpecifiedFakeAvatarList": [],
            "CameraCenterEntityList": [],
            "CameraConfig": {},
            "SpawnConfig": {
              "EntitySpawnConfig": {}
            }
          }
        ],
        "DistrictList": [],
        "NPCList": []
      }
    },
    {
      "GroupInstanceInfo": {
        "ID": 7,
        "Name": "Hint"
      },
      "GroupInfo": {
        "AreaAnchorName": "LevelArea_P30530_F30530001_G7",
        "AnchorList": [],
        "MonsterList": [],
        "PropList": [
          {
            "ID": 300002,
            "PosX": -12.680000305175781,
            "PosY": 83.44657897949219,
            "PosZ": 44.73680114746094,
            "Name": "Prop2",
            "RotY": 90.0,
            "PropID": 100,
            "IsOverrideInitLevelGraph": true,
            "InitLevelGraph": "Config/Level/Maze/MazeProp/Maze_Prop_TrialActivity_Hint.json",
            "ValueSource": {
              "Values": [
                {
                  "$type": "RPG.GameCore.SharedString",
                  "Key": "TextmapID",
                  "Value": "MazeText_Maze_FindChest_Toast_02"
                }
              ]
            },
            "Trigger": {
              "Shape": "Box",
              "Radius": 1.0,
              "DimX": 2.0,
              "DimY": 1.0,
              "DimZ": 10.0,
              "PointList": []
            },
            "CampID": 4,
            "CustomTriggerMap": {},
            "CustomTriggerMapV2": {},
            "StateConfigs": [],
            "DialogueGroups": [],
            "TalkDialogGroupIDList": [],
            "ServerInteractVerificationIDList": [],
            "DialogueTriggerSkipSpecifiedFakeAvatarList": [],
            "CameraCenterEntityList": [],
            "CameraConfig": {},
            "SpawnConfig": {
              "EntitySpawnConfig": {}
            }
          }
        ],
        "DistrictList": [],
        "NPCList": []
      }
    },
    {
      "GroupInstanceInfo": {
        "ID": 8,
        "Name": "Wave1_Destructable"
      },
      "GroupInfo": {
        "AreaAnchorName": "LevelArea_P30530_F30530001_G8",
        "AnchorList": [],
        "MonsterList": [],
        "PropList": [
          {
            "ID": 300006,
            "PosX": 3.4137818813323975,
            "PosY": 83.44657135009766,
            "PosZ": 30.621610641479492,
            "Name": "Destruct",
            "RotY": 25.92011070251465,
            "PropID": 104009,
            "ValueSource": {},
            "CampID": 4,
            "EventID": 10001,
            "CustomTriggerMap": {},
            "CustomTriggerMapV2": {},
            "StateConfigs": [],
            "DialogueGroups": [],
            "TalkDialogGroupIDList": [],
            "ServerInteractVerificationIDList": [],