{
  "FloorID": 30130001,
  "NavmapConfigPath": "Config/LevelOutput/Map/MapInfo_P20411_F20411001.json",
  "GroupList": [
    {
      "GroupInstanceInfo": {
        "ID": 1,
        "Name": "DefaultGroup"
      },
      "GroupInfo": {
        "AreaAnchorName": "LevelArea_P30130_F30130001_G1",
        "AnchorList": [
          {
            "ID": 1,
            "PosX": 0.09099999815225601,
            "PosY": 81.805419921875,
            "PosZ": 176.4250030517578,
            "Name": "PlayerStart"
          }
        ],
        "MonsterList": [],
        "PropList": [
          {
            "ID": 300001,
            "PosX": 0.09099999815225601,
            "PosY": 81.80693817138672,
            "PosZ": 125.9000015258789,
            "Name": "Prop1",
            "Scale": {
              "x": 1.2000000476837158,
              "y": 1.0,
              "z": 1.0
            },
            "PropID": 104087,
            "ValueSource": {},
            "CampID": 4,
            "CustomTriggerMap": {},
            "CustomTriggerMapV2": {},
            "StateConfigs": [],
            "DialogueGroups": [],
            "TalkDialogGroupIDList": [],
            "ServerInteractVerificationIDList": [],
            "DialogueTriggerSkipSpecifiedFakeAvatarList": [],
            "CameraCenterEntityList": [],
            "CameraConfig": {},
            "SpawnConfig": {
              "EntitySpawnConfig": {}
            }
          }
        ],
        "DistrictList": [],
        "NPCList": []
      }
    },
    {
      "GroupInstanceInfo": {
        "ID": 14,
        "Name": "DefaultGroup"
      },
      "GroupInfo": {
        "AreaAnchorName": "LevelArea_P30130_F30130001_G14",
        "TagContainer": {
          "List": [
            {
              "Tag": "Group.Level.SceneConfig",
              "TagHash": 520707853
            }
          ]
        },
        "AnchorList": [
          {
            "ID": 1,
            "PosX": -493.04998779296875,
            "PosY": -96.02010345458984,
            "PosZ": -595.5399780273438,
            "Name": "PlayerStart",
            "RotY": 9.887563705444336
          },
          {
            "ID": 2,
            "PosX": 255.47560119628906,
            "PosY": 44.34067916870117,
            "PosZ": 5.815154075622559,
            "Name": "EraFlipperRoom1Start"
          },
          {
            "ID": 3,
            "PosX": 213.62429809570312,
            "PosY": 44.34067153930664,
            "PosZ": -41.755218505859375,
            "Name": "EraFlipperRoom1TunnelStart",
            "RotY": 90.0
          },
          {
            "ID": 4,
            "PosX": 0.061000000685453415,
            "PosY": 82.6240005493164,
            "PosZ": -126.30999755859375,
            "Name": "Portal"
          }
        ],
        "MonsterList": [],
        "PropList": [],
        "DistrictList": [],
        "NPCList": []
      }
    },
    {
      "GroupInstanceInfo": {
        "ID": 16,
        "Name": "Door_Room11"
      },
      "GroupInfo": {
        "AreaAnchorName": "LevelArea_P30130_F30130001_G16",
        "TagContainer": {
          "List": [
            {
              "Tag": "Group.Level.Connection",
              "TagHash": -295833477
            }
          ]
        },
        "AnchorList": [],
        "MonsterList": [],
        "PropList": [
          {
            "ID": 300001,
            "PosX": -22.8700008392334,
            "PosY": 78.91899871826172,
            "PosZ": 0.5307859778404236,
            "Name": "Door_01",
            "RotY": 180.00030517578125,
            "PropID": 104006,
            "IsOverrideInitLevelGraph": true,
            "InitLevelGraph": "Config/Level/Props/Chap04/InitLevelGraph_Prop_Chap04_AirLockDoorVar_01.json",
            "ValueSource": {
              "Values": [
                {
                  "$type": "RPG.GameCore.SharedInt",
                  "Key": "OpenDir"
                }
              ]
            },
            "CampID": 4,
            "CustomTriggerMap": {},
            "CustomTriggerMapV2": {},
            "StateConfigs": [],
            "DialogueGroups": [],
            "TalkDialogGroupIDList": [],
            "ServerInteractVerificationIDList": [],
            "OverrideMapStateIcons": [
              {
                "State": "Locked",
                "Color": "#4b4b4b"
              },
              {
                "Color": "#b74a4a"
              },
              {
                "State": "Open",
                "Color": "#4b4b4b"
              }
            ],
            "DialogueTriggerSkipSpecifiedFakeAvatarList": [],
            "CameraCenterEntityList": [],
            "CameraConfig": {},
            "SpawnConfig": {
              "EntitySpawnConfig": {}
            }
          },
          {
            "ID": 300002,
            "PosX": 23.13758087158203,
            "PosY": 78.91899871826172,
            "PosZ": 0.5281090140342712,
            "Name": "Door_02",
            "RotY": 180.00030517578125,
            "PropID": 104006,
            "ValueSource": {
              "Values": [
                {
                  "$type": "RPG.GameCore.SharedInt",
                  "Key": "DoorType",
                  "Value": 1
                }
              ]
            },
            "CampID": 4,
            "CustomTriggerMap": {},
            "CustomTriggerMapV2": {},
            "StateConfigs": [],
            "DialogueGroups": [],
            "TalkDialogGroupIDList": [],
            "ServerInteractVerificationIDList": [],
            "DialogueTriggerSkipSpecifiedFakeAvatarList": [],
            "CameraCenterEntityList": [],
            "CameraConfig": {},
            "SpawnConfig": {
              "EntitySpawnConfig": {}
            }
          }
        ],
        "DistrictList": [],
        "NPCList": []
      }
    },
    {
      "GroupInstanceInfo": {
        "ID": 20,
        "Name": "Contents"
      },
      "GroupInfo": {
        "AreaAnchorName": "LevelArea_P30130_F30130001_G20",
        "AnchorList": [
          {
            "ID": 1,
            "PosX": 0.09099999815225601,
            "PosY": 81.805419921875,
            "PosZ": 176.4250030517578,
            "Name": "Anchor1"
          }
        ],
        "MonsterList": [
          {
            "ID": 200001,
            "PosX": 0.09099999815225601,
            "PosY": 81.805419921875,
            "PosZ": 196.4250030517578,
            "Name": "Monster1",
            "RotY": 180.0,
            "NPCMonsterID": 1002040,
            "AIConfig": {
              "AIFile": "Config/ConfigAI/Adventure/NPCMonster/ST_NPCMonster_Master_Dummy.json",
              "PathwayList": [],
              "SlaveConfigList": []
            },
            "AIVariableSource": {},
            "ValueSource": {},
            "CampID": 3,
            "BattleArea": {
              "GroupID": 4294967295,
              "ID": 3
            },
            "EventID": 99999011,
            "BoardShowList": [
              2
            ],
            "TagList": [],
            "SpawnConfig": {
              "EntitySpawnConfig": {}
            }
          }
        ],
        "PropList": [],
        "DistrictList": [],
        "NPCList": []
      }
    },
    {
      "GroupInstanceInfo": {
        "ID": 21,
        "Name": "Contents"
      },
      "GroupInfo": {
        "AreaAnchorName": "LevelArea_P30130_F30130001_G21",
        "AnchorList": [
          {
            "ID": 1,
            "PosX": 0.09099999815225601,
            "PosY": 81.805419921875,
            "PosZ": 176.4250030517578,
            "Name": "Anchor1"
          }
        ],
        "MonsterList": [
          {
            "ID": 200001,
            "PosX": 0.09099999815225601,
            "PosY": 81.805419921875,
            "PosZ": 196.4250030517578,
            "Name": "Monster1",
            "RotY": 180.0,
            "NPCMonsterID": 1002040,
            "AIConfig": {
              "AIFile": "Config/ConfigAI/Adventure/NPCMonster/ST_NPCMonster_Master_Dummy.json",