{
  "FloorID": 30301002,
  "NavmapConfigPath": "Config/LevelOutput/Map/MapInfo_P20123_F20123001.json",
  "GroupList": [
    {
      "GroupInstanceInfo": {
        "ID": 1,
        "Name": "PlayerStart"
      },
      "GroupInfo": {
        "AreaAnchorName": "LevelArea_P30301_F30301002_G1",
        "AnchorList": [
          {
            "ID": 1,
            "PosX": -4.733509063720703,
            "PosY": 19.97430992126465,
            "PosZ": -36.26060104370117,
            "Name": "PlayerStart",
            "RotY": 145.9741973876953
          }
        ],
        "MonsterList": [],
        "PropList": [],
        "DistrictList": [],
        "NPCList": []
      }
    },
    {
      "GroupInstanceInfo": {
        "ID": 2,
        "Name": "New Group"
      },
      "GroupInfo": {
        "AreaAnchorName": "LevelArea_P30301_F30301002_G2",
        "AnchorList": [],
        "MonsterList": [
          {
            "ID": 200001,
            "PosX": 7.679999828338623,
            "PosY": 19.97800064086914,
            "PosZ": -52.93000030517578,
            "Name": "Monster1",
            "RotY": 340.9429931640625,
            "NPCMonsterID": 1014010,
            "AIConfig": {
              "PathwayList": [],
              "SlaveConfigList": []
            },
            "CampID": 3,
            "BattleArea": {
              "GroupID": 1,
              "ID": 1
            },
            "EventID": 301102,
            "BoardShowList": [
              2
            ]
          }
        ],
        "PropList": [
          {
            "ID": 300002,
            "PosX": -5.800000190734863,
            "PosY": 19.780000686645508,
            "PosZ": -27.540000915527344,
            "Name": "Prop2",
            "Scale": {
              "x": 0.7247610092163086,
              "y": 1.0,
              "z": 1.0
            },
            "PropID": 105,
            "IsOverrideInitLevelGraph": true,
            "CampID": 4,
            "CustomTriggerMap": {},
            "DialogueGroups": [],
            "TalkDialogGroupIDList": [],
            "ServerInteractVerificationIDList": []
          },
          {
            "ID": 300001,
            "PosX": 30.540000915527344,
            "PosY": 19.985700607299805,
            "PosZ": -57.31999969482422,
            "Name": "Prop1",
            "RotY": 317.2995910644531,
            "Scale": {
              "x": 0.7713549733161926,
              "y": 1.0,
              "z": 1.0
            },
            "PropID": 105,
            "IsOverrideInitLevelGraph": true,
            "CampID": 4,
            "CustomTriggerMap": {},
            "DialogueGroups": [],
            "TalkDialogGroupIDList": [],
            "ServerInteractVerificationIDList": []
          },
          {
            "ID": 300003,
            "PosX": 0.8600000143051147,
            "PosY": 20.037349700927734,
            "PosZ": -68.61000061035156,
            "Name": "Prop3",
            "RotY": 348.3020935058594,
            "Scale": {
              "x": 0.8033930063247681,
              "y": 1.0,
              "z": 1.0
            },
            "PropID": 105,
            "IsOverrideInitLevelGraph": true,
            "CampID": 4,
            "CustomTriggerMap": {},
            "DialogueGroups": [],
            "TalkDialogGroupIDList": [],
            "ServerInteractVerificationIDList": []
          }
        ],
        "DistrictList": [],
        "NPCList": []
      }
    }
  ],
  "DimensionList": [
    {
      "GroupIndexList": [
        0,
        1
      ],
      "StartAnchorID": 1,
      "DefaultEnviroProfile": "Stages/Outputs/Chapter01/EnviroProfile/Chap01_CloseView_ADV_Area_M203_01_Night.enviroProfile.asset"
    }
  ],
  "GroupInstanceCommonMap": {
    "1": {
      "SaveType": "Reset",
      "LoadOnInitial": true
    },
    "2": {
      "SaveType": "Permanent",
      "LoadSide": "Server",
      "LoadOnInitial": true
    }
  },
  "LayerToAreaMask": [
    16,
    8
  ],
  "StartAnchorID": 1
}