{
  "FloorID": 30103001,
  "NavmapConfigPath": "Config/LevelOutput/Map/MapInfo_P20132_F20132001.json",
  "GroupList": [
    {
      "GroupInstanceInfo": {
        "ID": 1,
        "Name": "DefaultData"
      },
      "GroupInfo": {
        "AreaAnchorName": "LevelArea_P30103_F30103001_G1",
        "AnchorList": [
          {
            "ID": 1,
            "PosX": 67.4819564819336,
            "PosY": 1.9421459436416626,
            "PosZ": 91.66999053955078,
            "Name": "Anchor1",
            "RotY": 90.0
          }
        ],
        "MonsterList": [],
        "PropList": [
          {
            "ID": 300002,
            "PosX": 58.080039978027344,
            "PosY": 1.9421459436416626,
            "PosZ": 91.85999298095703,
            "Name": "Prop2",
            "RotY": 90.0,
            "Scale": {
              "x": 1.2000000476837158,
              "y": 1.0,
              "z": 1.0
            },
            "PropID": 105,
            "IsOverrideInitLevelGraph": true,
            "CampID": 4,
            "CustomTriggerMap": {},
            "DialogueGroups": [],
            "TalkDialogGroupIDList": [],
            "ServerInteractVerificationIDList": []
          },
          {
            "ID": 300003,
            "PosX": 98.2400131225586,
            "PosY": 1.9068410396575928,
            "PosZ": 81.76995086669922,
            "Name": "Prop3",
            "RotY": 135.0,
            "Scale": {
              "x": 2.0,
              "y": 1.0,
              "z": 1.0
            },
            "PropID": 105,
            "IsOverrideInitLevelGraph": true,
            "CampID": 4,
            "CustomTriggerMap": {},
            "DialogueGroups": [],
            "TalkDialogGroupIDList": [],
            "ServerInteractVerificationIDList": []
          }
        ],
        "DistrictList": [],
        "NPCList": []
      }
    },
    {
      "GroupInstanceInfo": {
        "ID": 8,
        "Name": "Contents"
      },
      "GroupInfo": {
        "AreaAnchorName": "LevelArea_P30103_F30103001_G8",
        "AnchorList": [
          {
            "ID": 1,
            "PosX": 67.4819564819336,
            "PosY": 1.9421459436416626,
            "PosZ": 91.66999053955078,
            "Name": "Anchor1",
            "RotY": 90.0
          }
        ],
        "MonsterList": [
          {
            "ID": 200001,
            "PosX": 88.0,
            "PosY": 1.9421459436416626,
            "PosZ": 91.66999053955078,
            "Name": "Monster1",
            "RotY": 270.0,
            "NPCMonsterID": 1002040,
            "AIConfig": {
              "AIFile": "Config/ConfigAI/Adventure/NPCMonster/ST_NPCMonster_Master_Dummy.json",
              "PathwayList": [],
              "SlaveConfigList": []
            },
            "CampID": 3,
            "BattleArea": {
              "GroupID": 12,
              "ID": 1
            },
            "EventID": 99999011,
            "BoardShowList": [
              2
            ]
          }
        ],
        "PropList": [],
        "DistrictList": [],
        "NPCList": []
      }
    },
    {
      "GroupInstanceInfo": {
        "ID": 9,
        "Name": "Contents"
      },
      "GroupInfo": {
        "AreaAnchorName": "LevelArea_P30103_F30103001_G9",
        "AnchorList": [
          {
            "ID": 1,
            "PosX": 67.4819564819336,
            "PosY": 1.9421459436416626,
            "PosZ": 91.66999053955078,
            "Name": "Anchor1",
            "RotY": 90.0
          }
        ],
        "MonsterList": [
          {
            "ID": 200001,
            "PosX": 88.0,
            "PosY": 1.9421459436416626,
            "PosZ": 91.66999053955078,
            "Name": "Monster1",
            "RotY": 270.0,
            "NPCMonsterID": 1002040,
            "AIConfig": {
              "AIFile": "Config/ConfigAI/Adventure/NPCMonster/ST_NPCMonster_Master_Dummy.json",
              "PathwayList": [],
              "SlaveConfigList": []
            },
            "CampID": 3,
            "BattleArea": {
              "GroupID": 12,
              "ID": 1
            },
            "EventID": 99999011,
            "BoardShowList": [
              2
            ]
          }
        ],
        "PropList": [],
        "DistrictList": [],
        "NPCList": []
      }
    },
    {
      "GroupInstanceInfo": {
        "ID": 10,
        "Name": "Contents"
      },
      "GroupInfo": {
        "AreaAnchorName": "LevelArea_P30103_F30103001_G10",
        "AnchorList": [
          {
            "ID": 1,
            "PosX": 67.4819564819336,
            "PosY": 1.9421459436416626,
            "PosZ": 91.66999053955078,
            "Name": "Anchor1",
            "RotY": 90.0
          }
        ],
        "MonsterList": [
          {
            "ID": 200001,
            "PosX": 88.0,
            "PosY": 1.9421459436416626,
            "PosZ": 97.0,
            "Name": "Monster1",
            "RotY": 270.0,
            "NPCMonsterID": 1002040,
            "AIConfig": {
              "AIFile": "Config/ConfigAI/Adventure/NPCMonster/ST_NPCMonster_Master_Dummy.json",
              "PathwayList": [],
              "SlaveConfigList": []
            },
            "CampID": 3,
            "BattleArea": {
              "GroupID": 12,
              "ID": 1
            },
            "EventID": 99999011,
            "BoardShowList": [
              2
            ]
          },
          {
            "ID": 200002,
            "PosX": 88.0,
            "PosY": 1.9421459436416626,
            "PosZ": 85.0,
            "Name": "Monster2",
            "RotY": 270.0,
            "NPCMonsterID": 1002040,
            "AIConfig": {
              "AIFile": "Config/ConfigAI/Adventure/NPCMonster/ST_NPCMonster_Master_Dummy.json",
              "PathwayList": [],
              "SlaveConfigList": []
            },
            "CampID": 3,
            "BattleArea": {
              "GroupID": 12,
              "ID": 1
            },
            "EventID": 99999011,
            "BoardShowList": [
              2
            ]
          }
        ],
        "PropList": [],
        "DistrictList": [],
        "NPCList": []
      }
    },
    {
      "GroupInstanceInfo": {
        "ID": 11,
        "Name": "Contents"
      },
      "GroupInfo": {
        "AreaAnchorName": "LevelArea_P30103_F30103001_G11",
        "AnchorList": [
          {
            "ID": 1,
            "PosX": 67.4819564819336,
            "PosY": 1.9421459436416626,
            "PosZ": 91.66999053955078,
            "Name": "Anchor1",
            "RotY": 90.0
          }
        ],
        "MonsterList": [
          {
            "ID": 200001,
            "PosX": 88.0,
            "PosY": 1.9421459436416626,
            "PosZ": 97.0,
            "Name": "Monster1",
            "RotY": 270.0,
            "NPCMonsterID": 1002040,
            "AIConfig": {
              "AIFile": "Config/ConfigAI/Adventure/NPCMonster/ST_NPCMonster_Master_Dummy.json",
              "PathwayList": [],
              "SlaveConfigList": []
            },
            "CampID": 3,
            "BattleArea": {
              "GroupID": 12,
              "ID": 1
            },
            "EventID": 99999011,
            "BoardShowList": [
              2
            ]
          },
          {
            "ID": 200002,
            "PosX": 88.0,
            "PosY": 1.9421459436416626,
            "PosZ": 85.0,
            "Name": "Monster2",
            "RotY": 270.0,
            "NPCMonsterID": 1002040,
            "AIConfig": {
              "AIFile": "Config/ConfigAI/Adventure/NPCMonster/ST_NPCMonster_Master_Dummy.json",
              "PathwayList": [],
              "SlaveConfigList": []
            },
            "CampID": 3,
            "BattleArea": {
              "GroupID": 12,
              "ID": 1
            },
            "EventID": 99999011,
            "BoardShowList": [
              2
            ]
          }
        ],
        "PropList": [],
        "DistrictList": [],