{
  "FloorID": 30206001,
  "NavmapConfigPath": "Config/LevelOutput/Map/MapInfo_P20133_F20133001.json",
  "GroupList": [
    {
      "GroupInstanceInfo": {
        "ID": 1,
        "Name": "Default"
      },
      "GroupInfo": {
        "AreaAnchorName": "LevelArea_P30201_F30206001_G1",
        "AnchorList": [
          {
            "ID": 1,
            "PosX": -91.41000366210938,
            "PosY": 11.239999771118164,
            "PosZ": 13.890000343322754,
            "Name": "Anchor1",
            "RotY": 196.67300415039062
          }
        ],
        "MonsterList": [],
        "PropList": [
          {
            "ID": 300001,
            "PosX": -71.30999755859375,
            "PosY": 12.09000015258789,
            "PosZ": 15.630000114440918,
            "Name": "Prop1",
            "RotY": 99.60238647460938,
            "RotX": 0.17561200261116028,
            "RotZ": 1.4883359670639038,
            "Scale": {
              "x": 1.616318941116333,
              "y": 1.0,
              "z": 1.0
            },
            "PropID": 105,
            "IsOverrideInitLevelGraph": true,
            "CampID": 4,
            "CustomTriggerMap": {},
            "CustomTriggerMapV2": {},
            "DialogueGroups": [],
            "TalkDialogGroupIDList": [],
            "ServerInteractVerificationIDList": []
          },
          {
            "ID": 300002,
            "PosX": -93.70999908447266,
            "PosY": 10.199999809265137,
            "PosZ": -16.049999237060547,
            "Name": "Prop2",
            "RotY": 350.4635009765625,
            "Scale": {
              "x": 2.5055999755859375,
              "y": 1.0,
              "z": 1.0
            },
            "PropID": 105,
            "IsOverrideInitLevelGraph": true,
            "CampID": 4,
            "CustomTriggerMap": {},
            "CustomTriggerMapV2": {},
            "DialogueGroups": [],
            "TalkDialogGroupIDList": [],
            "ServerInteractVerificationIDList": []
          }
        ],
        "DistrictList": [],
        "NPCList": []
      }
    },
    {
      "GroupInstanceInfo": {
        "ID": 2,
        "Name": "Content"
      },
      "GroupInfo": {
        "AreaAnchorName": "LevelArea_P30201_F30206001_G2",
        "AnchorList": [],
        "MonsterList": [
          {
            "ID": 200001,
            "PosX": -97.41000366210938,
            "PosY": 10.25,
            "PosZ": -5.480000019073486,
            "Name": "Monster1",
            "RotY": 14.394559860229492,
            "NPCMonsterID": 1002040,
            "AIConfig": {
              "PathwayList": [],
              "SlaveConfigList": []
            },
            "CampID": 3,
            "BattleArea": {
              "GroupID": 1,
              "ID": 1
            },
            "EventID": 9999011,
            "BoardShowList": [
              2
            ]
          }
        ],
        "PropList": [],
        "DistrictList": [],
        "NPCList": []
      }
    },
    {
      "GroupInstanceInfo": {
        "ID": 3,
        "Name": "MP"
      },
      "GroupInfo": {
        "AreaAnchorName": "LevelArea_P30201_F30206001_G3",
        "AnchorList": [],
        "MonsterList": [],
        "PropList": [
          {
            "ID": 300001,
            "PosX": 24.920000076293945,
            "PosY": 3.940000057220459,
            "PosZ": 182.1300048828125,
            "Name": "Prop1",
            "RotY": 90.44764709472656,
            "PropID": 101016,
            "IsOverrideInitLevelGraph": true,
            "InitLevelGraph": "Config/Level/Props/Chap01/InitLevelGraph_Prop_Chap01_Des_MPRevoverBox_01.json",
            "CampID": 4,
            "EventID": 10001,
            "CustomTriggerMap": {},
            "DialogueGroups": [],
            "TalkDialogGroupIDList": [],
            "ServerInteractVerificationIDList": []
          }
        ],
        "DistrictList": [],
        "NPCList": []
      }
    }
  ],
  "DimensionList": [
    {
      "GroupIndexList": [
        0,
        1,
        2
      ],
      "StartAnchorID": 1,
      "DefaultEnviroProfile": "Stages/Outputs/Chapter01/EnviroProfile/Chap01_CloseView_ADV_Area_Snowfield_01_Foggy.enviroProfile.asset"
    }
  ],
  "GroupInstanceCommonMap": {
    "1": {
      "SaveType": "Permanent",
      "LoadSide": "Server",
      "LoadOnInitial": true
    },
    "2": {
      "SaveType": "Permanent",
      "LoadSide": "Server"
    },
    "3": {
      "SaveType": "Permanent",
      "LoadSide": "Server",
      "GroupRefreshID": 1002
    }
  },
  "LayerToAreaMask": [
    1
  ],
  "StartAnchorID": 1
}