{
  "$type": "RPG.GameCore.RtLevelGroupInfo",
  "GroupName": "MIneG1",
  "AreaAnchorName": "LevelArea_P40212_F40212003_G9",
  "LoadCondition": {
    "Conditions": [
      {
        "Type": "SubMission",
        "ID": 407212304
      }
    ]
  },
  "LoadSide": "Server",
  "ValueSource": {},
  "ConflictIDList": [],
  "AnchorList": [
    {
      "ID": 1,
      "PosX": 18.600000381469727,
      "PosY": -32.9116096496582,
      "PosZ": -75.1500015258789,
      "Name": "Anchor1"
    }
  ],
  "MonsterList": [
    {
      "ID": 200001,
      "PosX": -13.699999809265137,
      "PosY": -36.08000183105469,
      "PosZ": -86.27999877929688,
      "Name": "Monster1",
      "RotY": 180.20880126953125,
      "NPCMonsterID": 2011010,
      "AIConfig": {
        "PathwayList": [
          {
            "UseOwnerGroup": true,
            "UseGroup": 9,
            "UseID": 2,
            "StartAt": 3
          }
        ],
        "SlaveConfigList": []
      },
      "CampID": 3,
      "BattleArea": {
        "GroupID": 1,
        "ID": 1
      },
      "EventID": 40212035,
      "BoardShowList": [
        2
      ],
      "TagList": []
    },
    {
      "ID": 200002,
      "PosX": 0.5,
      "PosY": -35.95000076293945,
      "PosZ": -70.52999877929688,
      "Name": "Monster2",
      "NPCMonsterID": 2011010,
      "AIConfig": {
        "PathwayList": [
          {
            "UseOwnerGroup": true,
            "UseGroup": 9,
            "UseID": 1,
            "StartAt": 1
          }
        ],
        "SlaveConfigList": []
      },
      "CampID": 3,
      "BattleArea": {
        "GroupID": 1,
        "ID": 1
      },
      "EventID": 40212036,
      "BoardShowList": [
        2
      ],
      "TagList": []
    },
    {
      "ID": 200003,
      "PosX": 8.079999923706055,
      "PosY": -35.95000076293945,
      "PosZ": -89.81999969482422,
      "Name": "Monster3",
      "RotY": 91.7304916381836,
      "NPCMonsterID": 2011010,
      "AIConfig": {
        "SlaveConfigList": []
      },
      "CampID": 3,
      "BattleArea": {
        "GroupID": 1,
        "ID": 1
      },
      "EventID": 40212037,
      "BoardShowList": [
        2
      ],
      "TagList": []
    }
  ],
  "PropList": [
    {
      "ID": 300001,
      "PosX": 19.0,
      "PosY": -32.90999984741211,
      "PosZ": -74.9000015258789,
      "Name": "Prop1",
      "Scale": {
        "x": 5.308899879455566,
        "y": 5.235036849975586,
        "z": 4.430911064147949
      },
      "PropID": 100,
      "IsOverrideInitLevelGraph": true,
      "ValueSource": {},
      "Trigger": {
        "Shape": "Box",
        "Radius": 1.0,
        "DimX": 1.0,
        "DimY": 1.0,
        "DimZ": 1.0,
        "PointList": []
      },
      "CampID": 4,
      "CustomTriggerMap": {},
      "CustomTriggerMapV2": {},
      "StateConfigs": [],
      "DialogueGroups": [],
      "TalkDialogGroupIDList": [],
      "ServerInteractVerificationIDList": [],
      "DialogueTriggerSkipSpecifiedFakeAvatarList": [],
      "CameraCenterEntityList": [],
      "CameraConfig": {},
      "SpawnConfig": {
        "EntitySpawnConfig": {}
      }
    },
    {
      "ID": 300009,
      "PosX": 19.104999542236328,
      "PosY": -32.9116096496582,
      "PosZ": -73.16000366210938,
      "Name": "Prop9",
      "PropID": 102005,
      "ValueSource": {},
      "CampID": 4,
      "CustomTriggerMap": {},
      "CustomTriggerMapV2": {},
      "StateConfigs": [],
      "DialogueGroups": [],
      "TalkDialogGroupIDList": [],
      "ServerInteractVerificationIDList": [],
      "DialogueTriggerSkipSpecifiedFakeAvatarList": [],
      "CameraCenterEntityList": [],
      "CameraConfig": {},
      "SpawnConfig": {
        "EntitySpawnConfig": {}
      }
    }
  ],
  "DistrictList": [],
  "WaypointList": [
    {
      "ID": 1,
      "PosX": 0.44999998807907104,
      "PosY": -35.95000076293945,
      "PosZ": -70.11000061035156
    },
    {
      "ID": 2,
      "PosX": -6.960000038146973,
      "PosY": -35.95000076293945,
      "PosZ": -69.66000366210938
    },
    {
      "ID": 3,
      "PosX": -13.75,
      "PosY": -35.95000076293945,
      "PosZ": -86.4800033569336
    },
    {
      "ID": 4,
      "PosX": -5.659999847412109,
      "PosY": -35.95000076293945,
      "PosZ": -85.4000015258789
    },
    {
      "ID": 6,
      "PosX": -5.704911231994629,
      "PosY": -33.73167037963867,
      "PosZ": -82.64385986328125
    }
  ],
  "PathwayList": [
    {
      "ID": 1,
      "PosX": 1.2901010513305664,
      "PosY": -39.422420501708984,
      "PosZ": -72.918701171875,
      "Name": "Pathway1",
      "WaypointIDList": [
        1,
        2
      ]
    },
    {
      "ID": 2,
      "PosX": 1.2901010513305664,
      "PosY": -39.422420501708984,
      "PosZ": -72.918701171875,
      "Name": "Pathway2",
      "WaypointIDList": [
        3,
        4
      ]
    }
  ],
  "BattleAreaList": [],
  "NPCList": [],
  "CrowdList": [],
  "PedestrianList": [],
  "PedestrianV2List": [],
  "AudienceList": [],
  "SmartObjectList": [],
  "CurveList": [],
  "LittleGameList": []
}