{
  "$type": "RPG.GameCore.RtLevelGroupInfo",
  "GroupName": "MainMission1040501_03",
  "Category": "Mission",
  "LevelGraph": "Config/Level/GroupGraph/F10404001/Group_F10404001_G68.json",
  "AreaAnchorName": "LevelArea_P10404_F10404001_G68",
  "SaveType": "Reset",
  "OwnerMainMissionID": 1040501,
  "ValueSource": {},
  "ConflictIDList": [],
  "IsHoyoGroup": true,
  "StreamingTemplateType": "None",
  "ConflictWhiteList": [],
  "AnchorList": [
    {
      "ID": 1,
      "PosX": 130.8699951171875,
      "PosY": 100.4000015258789,
      "PosZ": 204.07000732421875,
      "Name": "Anchor1",
      "RotY": 240.89999389648438,
      "Usage": "Camera",
      "CustomParameter": {
        "$type": "RPG.GameCore.LevelAnchorCameraParameter",
        "fov": 40.0
      }
    },
    {
      "ID": 2,
      "PosX": 104.99500274658203,
      "PosY": 102.37699890136719,
      "PosZ": 188.77099609375,
      "Name": "Anchor2",
      "RotY": 29.999900817871094
    }
  ],
  "MonsterList": [],
  "PropList": [
    {
      "ID": 300001,
      "PosX": 116.3988037109375,
      "PosY": 100.4000015258789,
      "PosZ": 196.02679443359375,
      "Name": "Prop1",
      "RotY": 60.900001525878906,
      "PropID": 104291,
      "ValueSource": {},
      "CampID": 4,
      "CustomTriggerMap": {},
      "CustomTriggerMapV2": {
        "MissionTrigger": {
          "Shape": "Box",
          "Radius": 8.510000228881836,
          "DimX": 23.040000915527344,
          "DimY": 12.199999809265137,
          "DimZ": 61.900001525878906,
          "Offset": {
            "x": 0.0,
            "y": 0.0,
            "z": 4.300000190734863
          }
        }
      },
      "StateConfigs": [],
      "DialogueGroups": [],
      "TalkDialogGroupIDList": [],
      "ServerInteractVerificationIDList": [],
      "HideInCutScene": true,
      "HideInStory": true,
      "PerformanceHideFlags": 15,
      "DialogueTriggerSkipSpecifiedFakeAvatarList": [],
      "CameraCenterEntityList": [],
      "CameraConfig": {},
      "OverrideAdvEffectMap": {},
      "SpawnConfig": {
        "EntitySpawnConfig": {}
      }
    }
  ],
  "DistrictList": [
    {
      "ID": 500001,
      "PosX": 116.3988037109375,
      "PosY": 100.4000015258789,
      "PosZ": 196.02679443359375,
      "Name": "District1",
      "RotY": 60.900001525878906,
      "Trigger": {
        "Shape": "GeometrySphere",
        "Radius": 11.800000190734863,
        "DimX": 1.0,
        "DimY": 1.0,
        "DimZ": 1.0
      },
      "DistrictType": "Level",
      "ValueSource": {}
    }
  ],
  "WaypointList": [],
  "PathwayList": [],
  "BattleAreaList": [],
  "NPCList": [],
  "CrowdList": [],
  "PedestrianList": [],
  "PedestrianV2List": [],
  "AudienceList": [],
  "SmartObjectList": [],
  "CurveList": [],
  "LittleGameList": []
}