{
  "$type": "RPG.GameCore.RtLevelGroupInfo",
  "GroupName": "MainMission2021601_01",
  "Category": "Mission",
  "AreaAnchorName": "LevelArea_P10202_F10202001_G108",
  "SaveType": "Reset",
  "LoadCondition": {
    "Conditions": [
      {
        "Type": "SubMission",
        "ID": 202160139
      }
    ]
  },
  "UnloadCondition": {
    "Conditions": [
      {
        "Type": "SubMission",
        "Phase": "Finish",
        "ID": 202160139
      }
    ]
  },
  "SavedValueCondition": {
    "Conditions": [],
    "Operation": "And"
  },
  "OwnerMainMissionID": 2021601,
  "ConflictIDList": [],
  "AnchorList": [
    {
      "ID": 1,
      "PosX": 12.236000061035156,
      "PosY": -2.812999963760376,
      "PosZ": -31.861000061035156,
      "Name": "Anchor1",
      "RotY": 238.8009033203125,
      "Usage": "Camera"
    },
    {
      "ID": 2,
      "PosX": 10.935999870300293,
      "PosY": -4.154621124267578,
      "PosZ": -32.125,
      "Name": "Anchor2",
      "RotY": 218.193603515625
    }
  ],
  "MonsterList": [],
  "PropList": [],
  "DistrictList": [],
  "WaypointList": [],
  "PathwayList": [],
  "BattleAreaList": [],
  "NPCList": [
    {
      "ID": 400001,
      "PosX": 10.800000190734863,
      "PosY": -4.154621124267578,
      "PosZ": -33.529998779296875,
      "Name": "NPC1",
      "RotY": 315.2904968261719,
      "NPCID": 12249,
      "DialogueGroups": [],
      "ServerInteractVerificationIDList": [],
      "BoardShowList": [
        1,
        4,
        64
      ],
      "OverrideNPCName": {
        "Hash": -725114713,
        "Hash64": 12204518180796133763
      },
      "TalkDialogGroupIDList": [],
      "DefaultIdleFreeStyleMotionID": 100020000,
      "InitialHiddenNodeList": []
    },
    {
      "ID": 400002,
      "PosX": 10.3100004196167,
      "PosY": -4.154617786407471,
      "PosZ": -32.81999969482422,
      "Name": "NPC2",
      "RotY": 147.4635009765625,
      "NPCID": 12170,
      "DialogueGroups": [],
      "ServerInteractVerificationIDList": [],
      "BoardShowList": [
        1,
        4,
        64
      ],
      "TalkDialogGroupIDList": [],
      "DefaultIdleFreeStyleMotionID": 100010000,
      "InitialHiddenNodeList": [],
      "Dialog": {
        "LevelGraph": "Config/Level/NPCDialogue/P10202/F10202001_G108/DialogueMain_F10202001_G108_N400002.json",
        "PackList": []
      }
    },
    {
      "ID": 400003,
      "PosX": 10.935999870300293,
      "PosY": -4.154621124267578,
      "PosZ": -32.125,
      "Name": "NPC3",
      "RotY": 218.193603515625,
      "NPCID": 1992,
      "LoadOnInitial": false,
      "DialogueGroups": [],
      "ServerInteractVerificationIDList": [],
      "BoardShowList": [],
      "TalkDialogGroupIDList": [],
      "DefaultIdleFreeStyleMotionID": 380020000,
      "InitialHiddenNodeList": []
    }
  ],
  "CrowdList": [],
  "PedestrianList": []
}