{
  "$type": "RPG.GameCore.RtLevelGroupInfo",
  "GroupName": "MainMission4040255_",
  "Category": "Mission",
  "AreaAnchorName": "LevelArea_P10202_F10202001_G135",
  "SaveType": "Reset",
  "LoadCondition": {
    "Conditions": [
      {
        "Type": "SubMission",
        "ID": 404025504
      }
    ]
  },
  "UnloadCondition": {
    "Conditions": [
      {
        "Type": "SubMission",
        "Phase": "Finish",
        "ID": 404025504
      }
    ]
  },
  "OwnerMainMissionID": 4040255,
  "ConflictIDList": [
    40401
  ],
  "AnchorList": [
    {
      "ID": 1,
      "PosX": -35.40999984741211,
      "PosY": -3.466259002685547,
      "PosZ": 2.0260000228881836,
      "Name": "Anchor1",
      "RotY": 288.5021057128906,
      "Usage": "Actor"
    },
    {
      "ID": 2,
      "PosX": -33.316768646240234,
      "PosY": -2.0747900009155273,
      "PosZ": 2.1457788944244385,
      "Name": "Anchor2",
      "RotY": 273.12701416015625,
      "RotX": 4.284839153289795,
      "RotZ": 358.7912902832031,
      "Usage": "Camera"
    },
    {
      "ID": 3,
      "PosX": -34.47352981567383,
      "PosY": -1.6135220527648926,
      "PosZ": 3.4931249618530273,
      "Name": "Anchor3",
      "RotY": 253.84469604492188,
      "RotX": 14.080360412597656,
      "RotZ": 358.81890869140625,
      "Usage": "Camera"
    },
    {
      "ID": 4,
      "PosX": -35.91503143310547,
      "PosY": -3.397624969482422,
      "PosZ": 3.0604639053344727,
      "Name": "Anchor4",
      "RotY": 256.1877136230469,
      "Usage": "Actor"
    }
  ],
  "MonsterList": [],
  "PropList": [
    {
      "ID": 300002,
      "PosX": -37.06999969482422,
      "PosY": -3.318105936050415,
      "PosZ": 3.0659921169281006,
      "Name": "Prop2",
      "PropID": 100,
      "IsOverrideInitLevelGraph": true,
      "Trigger": {
        "Radius": 2.0,
        "DimX": 1.0,
        "DimY": 1.0,
        "DimZ": 1.0,
        "PointList": []
      },
      "CampID": 4,
      "CustomTriggerMap": {},
      "DialogueGroups": [],
      "TalkDialogGroupIDList": [],
      "ServerInteractVerificationIDList": []
    }
  ],
  "DistrictList": [],
  "WaypointList": [],
  "PathwayList": [],
  "BattleAreaList": [],
  "NPCList": [
    {
      "ID": 400001,
      "PosX": -36.20800018310547,
      "PosY": -3.318105936050415,
      "PosZ": 3.0089919567108154,
      "Name": "NPC1",
      "RotY": 269.099609375,
      "NPCID": 12155,
      "DialogueGroups": [],
      "ServerInteractVerificationIDList": [],
      "DefaultLookAtMode": "LookTarget",
      "DefaultLookAtTargetInfo": {
        "GroupID": 135,
        "InstanceID": 400002
      },
      "BoardShowList": [],
      "TalkDialogGroupIDList": [],
      "DefaultIdleFreeStyleMotionID": 100010293,
      "InitialHiddenNodeList": [],
      "SpawnConfig": {
        "EntitySpawnConfig": {},
        "CaptureDistanceTolerance": 10.0
      }
    },
    {
      "ID": 400002,
      "PosX": -38.10100173950195,
      "PosY": -3.434999942779541,
      "PosZ": 3.111999988555908,
      "Name": "NPC2",
      "RotY": 91.59210968017578,
      "NPCID": 12311,
      "StaticNPC": true,
      "DialogueGroups": [],
      "ServerInteractVerificationIDList": [],
      "DefaultLookAtMode": "LookTarget",
      "DefaultLookAtTargetInfo": {
        "GroupID": 135,
        "InstanceID": 400001
      },
      "BoardShowList": [],
      "TalkDialogGroupIDList": [],
      "DefaultIdleFreeStyleMotionID": 100040210,
      "OverrideSeriesID": 1231101,
      "InitialHiddenNodeList": [],
      "SpawnConfig": {
        "EntitySpawnConfig": {},
        "CaptureDistanceTolerance": 10.0
      }
    }
  ],
  "CrowdList": [],
  "PedestrianList": [],
  "SmartObjectList": []
}