{
  "$type": "RPG.GameCore.RtLevelGroupInfo",
  "GroupName": "MainMission2020901_",
  "Category": "Mission",
  "AreaAnchorName": "LevelArea_P10202_F10202001_G116",
  "SaveType": "Reset",
  "LoadCondition": {
    "Conditions": [
      {
        "Type": "SubMission",
        "ID": 202090117
      }
    ]
  },
  "UnloadCondition": {
    "Conditions": [
      {
        "Type": "SubMission",
        "Phase": "Finish",
        "ID": 202090117
      }
    ]
  },
  "OwnerMainMissionID": 2020901,
  "ConflictIDList": [],
  "AnchorList": [
    {
      "ID": 1,
      "PosX": -34.5359992980957,
      "PosY": 0.6021180152893066,
      "PosZ": 53.347999572753906,
      "Name": "Anchor1",
      "RotY": 228.38999938964844
    },
    {
      "ID": 2,
      "PosX": -34.8120002746582,
      "PosY": 1.9639999866485596,
      "PosZ": 54.694000244140625,
      "Name": "Anchor2",
      "RotY": 187.08580017089844,
      "RotX": 0.03743299841880798,
      "RotZ": 359.3945007324219,
      "Usage": "Camera"
    }
  ],
  "MonsterList": [],
  "PropList": [],
  "DistrictList": [],
  "WaypointList": [],
  "PathwayList": [],
  "BattleAreaList": [],
  "NPCList": [
    {
      "ID": 400001,
      "PosX": -35.23899841308594,
      "PosY": 0.6021180152893066,
      "PosZ": 52.10300064086914,
      "Name": "NPC1",
      "RotY": 19.06368064880371,
      "NPCID": 12247,
      "LoadOnInitial": false,
      "DialogueGroups": [],
      "ServerInteractVerificationIDList": [],
      "BoardShowList": [],
      "TalkDialogGroupIDList": [],
      "DefaultAnimationType": "IdleState",
      "DefaultIdleFreeStyleMotionID": 100010000,
      "InitialHiddenNodeList": []
    },
    {
      "ID": 400002,
      "PosX": -35.23500061035156,
      "PosY": 0.6010000109672546,
      "PosZ": 51.27799987792969,
      "Name": "NPC2",
      "RotY": 78.81407165527344,
      "NPCID": 12141,
      "DialogueGroups": [],
      "ServerInteractVerificationIDList": [],
      "BoardShowList": [],
      "TalkDialogGroupIDList": [],
      "DefaultIdleFreeStyleMotionID": 100010298,
      "InitialHiddenNodeList": [],
      "Dialog": {
        "LevelGraph": "Config/Level/NPCDialogue/P10202/F10202001_G116/DialogueMain_F10202001_G116_N400002.json",
        "PackList": []
      }
    },
    {
      "ID": 400003,
      "PosX": -35.57099914550781,
      "PosY": 0.6021190285682678,
      "PosZ": 52.74399948120117,
      "Name": "NPC3",
      "RotY": 61.17436981201172,
      "NPCID": 12141,
      "LoadOnInitial": false,
      "DialogueGroups": [],
      "ServerInteractVerificationIDList": [],
      "BoardShowList": [],
      "TalkDialogGroupIDList": [],
      "DefaultIdleFreeStyleMotionID": 100010000,
      "InitialHiddenNodeList": []
    }
  ],
  "CrowdList": [],
  "PedestrianList": [],
  "SmartObjectList": []
}