{
  "$type": "RPG.GameCore.RtLevelGroupInfo",
  "GroupName": "MainMission2020103_",
  "Category": "Mission",
  "AreaAnchorName": "LevelArea_P10202_F10202001_G49",
  "SaveType": "Reset",
  "LoadCondition": {
    "Conditions": [
      {
        "Type": "SubMission",
        "Phase": "Finish",
        "ID": 202010303
      }
    ]
  },
  "UnloadCondition": {
    "Conditions": [
      {
        "Type": "SubMission",
        "Phase": "Finish",
        "ID": 202010310
      }
    ]
  },
  "OwnerMainMissionID": 2020103,
  "ConflictIDList": [],
  "AnchorList": [
    {
      "ID": 1,
      "PosX": 31.065000534057617,
      "PosY": -3.486238956451416,
      "PosZ": -24.551000595092773,
      "Name": "Anchor1",
      "RotY": 122.2948989868164,
      "Usage": "Camera"
    },
    {
      "ID": 2,
      "PosX": 29.434999465942383,
      "PosY": -3.443000078201294,
      "PosZ": -25.020000457763672,
      "Name": "Anchor2",
      "RotY": 3.2326529026031494,
      "RotX": 12.714699745178223,
      "RotZ": 4.8552350997924805,
      "Usage": "Camera"
    }
  ],
  "MonsterList": [],
  "PropList": [
    {
      "ID": 300001,
      "PosX": 30.226999282836914,
      "PosY": -2.7330000400543213,
      "PosZ": -24.506999969482422,
      "Name": "Prop1",
      "RotY": 270.0,
      "PropID": 100,
      "LoadOnInitial": false,
      "IsOverrideInitLevelGraph": true,
      "Trigger": {
        "Radius": 0.6000000238418579,
        "DimX": 1.0,
        "DimY": 1.0,
        "DimZ": 1.0,
        "PointList": []
      },
      "CampID": 4,
      "CustomTriggerMap": {},
      "DialogueGroups": [],
      "TalkDialogGroupIDList": [],
      "ServerInteractVerificationIDList": [],
      "Dialog": {
        "LevelGraph": "Config/Level/PropDialogue/P10202/F10202001_G49/DialogueMain_F10202001_G49_P300001.json",
        "PackList": []
      },
      "InteractIconType": "ChatIcon",
      "InteractTitle": {
        "Hash": -441985634,
        "Hash64": 9645521127814534075
      }
    },
    {
      "ID": 300002,
      "PosX": 29.972999572753906,
      "PosY": -2.6679999828338623,
      "PosZ": -23.71299934387207,
      "IsDelete": true,
      "Name": "Prop2",
      "PropID": 100,
      "LoadOnInitial": false,
      "IsOverrideInitLevelGraph": true,
      "Trigger": {
        "Radius": 1.5,
        "DimX": 1.0,
        "DimY": 1.0,
        "DimZ": 1.0,
        "PointList": []
      },
      "CampID": 4,
      "CustomTriggerMap": {},
      "DialogueGroups": [],
      "TalkDialogGroupIDList": [],
      "ServerInteractVerificationIDList": []
    },
    {
      "ID": 300003,
      "PosX": 29.972999572753906,
      "PosY": -2.6679999828338623,
      "PosZ": -23.71299934387207,
      "IsDelete": true,
      "Name": "Prop3",
      "PropID": 100,
      "LoadOnInitial": false,
      "IsOverrideInitLevelGraph": true,
      "Trigger": {
        "Radius": 1.5,
        "DimX": 1.0,
        "DimY": 1.0,
        "DimZ": 1.0,
        "PointList": []
      },
      "CampID": 4,
      "CustomTriggerMap": {},
      "DialogueGroups": [],
      "TalkDialogGroupIDList": [],
      "ServerInteractVerificationIDList": []
    },
    {
      "ID": 300004,
      "PosX": 29.972999572753906,
      "PosY": -2.6679999828338623,
      "PosZ": -23.71299934387207,
      "IsDelete": true,
      "Name": "Prop4",
      "PropID": 100,
      "LoadOnInitial": false,
      "IsOverrideInitLevelGraph": true,
      "Trigger": {
        "Radius": 1.5,
        "DimX": 1.0,
        "DimY": 1.0,
        "DimZ": 1.0,
        "PointList": []
      },
      "CampID": 4,
      "CustomTriggerMap": {},
      "DialogueGroups": [],
      "TalkDialogGroupIDList": [],
      "ServerInteractVerificationIDList": []
    },
    {
      "ID": 300005,
      "PosX": 29.972999572753906,
      "PosY": -2.6679999828338623,
      "PosZ": -23.71299934387207,
      "IsDelete": true,
      "Name": "Prop5",
      "PropID": 100,
      "LoadOnInitial": false,
      "IsOverrideInitLevelGraph": true,
      "Trigger": {
        "Radius": 1.5,
        "DimX": 1.0,
        "DimY": 1.0,
        "DimZ": 1.0,
        "PointList": []
      },
      "CampID": 4,
      "CustomTriggerMap": {},
      "DialogueGroups": [],
      "TalkDialogGroupIDList": [],
      "ServerInteractVerificationIDList": []
    },
    {
      "ID": 300006,
      "PosX": 29.933000564575195,
      "PosY": -2.7330000400543213,
      "PosZ": -23.639999389648438,
      "Name": "Prop6",
      "RotY": 270.0,
      "PropID": 102011,
      "LoadOnInitial": false,
      "IsOverrideInitLevelGraph": true,
      "CampID": 4,
      "CustomTriggerMap": {},
      "DialogueGroups": [],
      "TalkDialogGroupIDList": [],
      "ServerInteractVerificationIDList": []
    }
  ],
  "DistrictList": [],
  "WaypointList": [],
  "PathwayList": [],
  "BattleAreaList": [],
  "NPCList": [
    {
      "ID": 400001,
      "PosX": 32.61399841308594,
      "PosY": -3.4862399101257324,
      "PosZ": -25.08099937438965,
      "Name": "NPC1",
      "RotY": 288.4242858886719,
      "NPCID": 2201,
      "LoadOnInitial": false,
      "DialogueGroups": [],
      "ServerInteractVerificationIDList": [],
      "BoardShowList": [],
      "TalkDialogGroupIDList": [],
      "DefaultIdleFreeStyleMotionID": 200230000,
      "BornType": "Permanent",
      "InitialHiddenNodeList": []
    },
    {
      "ID": 400002,
      "PosX": 30.37700080871582,
      "PosY": -3.4639999866485596,
      "PosZ": -23.722000122070312,
      "Name": "NPC2",
      "RotY": 236.8634033203125,
      "NPCID": 1991,
      "LoadOnInitial": false,
      "StaticNPC": true,
      "DialogueGroups": [],
      "ServerInteractVerificationIDList": [],
      "BoardShowList": [],
      "TalkDialogGroupIDList": [],
      "DefaultIdleFreeStyleMotionID": 380010900,
      "BornType": "Permanent",
      "InitialHiddenNodeList": []
    },
    {
      "ID": 400003,
      "PosX": 30.26099967956543,
      "PosY": -3.490999937057495,
      "PosZ": -23.773000717163086,
      "Name": "NPC3",
      "RotY": 236.8634033203125,
      "NPCID": 1992,
      "LoadOnInitial": false,
      "StaticNPC": true,
      "DialogueGroups": [],
      "ServerInteractVerificationIDList": [],
      "BoardShowList": [],
      "TalkDialogGroupIDList": [],
      "DefaultIdleFreeStyleMotionID": 380020900,
      "BornType": "Permanent",
      "InitialHiddenNodeList": []
    }
  ],
  "CrowdList": [],
  "PedestrianList": []
}