{
  "$type": "RPG.GameCore.RtLevelGroupInfo",
  "GroupName": "MainMission1020702_",
  "Category": "Mission",
  "ConfigPrefabPath": "Level/Mission/1020701/1020701_LookatArea.prefab",
  "AreaAnchorName": "LevelArea_P10202_F10202001_G14",
  "SaveType": "Reset",
  "LoadCondition": {
    "Conditions": [
      {
        "Type": "SubMission",
        "ID": 102070113
      }
    ]
  },
  "OwnerMainMissionID": 1020702,
  "ConflictIDList": [],
  "AnchorList": [
    {
      "ID": 1,
      "PosX": 1.409999966621399,
      "PosY": 4.229060173034668,
      "PosZ": 65.36000061035156,
      "Name": "Anchor1",
      "RotY": 0.6730329990386963,
      "Usage": "Camera"
    },
    {
      "ID": 2,
      "PosX": 4.840000152587891,
      "PosY": 5.239999771118164,
      "PosZ": 67.41000366210938,
      "Name": "Anchor2",
      "RotY": 0.6730329990386963,
      "Usage": "Camera"
    },
    {
      "ID": 3,
      "PosX": 3.014101028442383,
      "PosY": 4.277748107910156,
      "PosZ": 66.56993103027344,
      "Name": "Anchor3"
    }
  ],
  "MonsterList": [],
  "PropList": [
    {
      "ID": 300001,
      "PosX": 3.869999885559082,
      "PosY": 3.5611460208892822,
      "PosZ": 60.5099983215332,
      "Name": "Prop1",
      "PropID": 100,
      "IsOverrideInitLevelGraph": true,
      "Trigger": {
        "Shape": "Box",
        "Radius": 1.0,
        "DimX": 5.0,
        "DimY": 2.0,
        "DimZ": 20.0,
        "PointList": []
      },
      "CampID": 4,
      "CustomTriggerMap": {},
      "DialogueGroups": [],
      "TalkDialogGroupIDList": [],
      "ServerInteractVerificationIDList": []
    }
  ],
  "DistrictList": [],
  "WaypointList": [],
  "PathwayList": [],
  "BattleAreaList": [],
  "NPCList": [
    {
      "ID": 400001,
      "PosX": 2.9200000762939453,
      "PosY": 4.229060173034668,
      "PosZ": 65.3499984741211,
      "Name": "NPC1",
      "RotY": 0.6730329990386963,
      "NPCID": 1991,
      "LoadOnInitial": false,
      "DialogueGroups": [],
      "ServerInteractVerificationIDList": [],
      "BoardShowList": [],
      "TalkDialogGroupIDList": [],
      "DefaultIdleFreeStyleMotionID": 380010000,
      "InitialHiddenNodeList": []
    },
    {
      "ID": 400002,
      "PosX": 4.25,
      "PosY": 4.229060173034668,
      "PosZ": 66.61000061035156,
      "Name": "NPC2",
      "RotY": 350.9722900390625,
      "NPCID": 1206,
      "LoadOnInitial": false,
      "DialogueGroups": [],
      "ServerInteractVerificationIDList": [],
      "BoardShowList": [],
      "TalkDialogGroupIDList": [],
      "DefaultIdleFreeStyleMotionID": 312010000,
      "InitialHiddenNodeList": []
    },
    {
      "ID": 400003,
      "PosX": 3.3499999046325684,
      "PosY": 4.229060173034668,
      "PosZ": 68.02999877929688,
      "Name": "NPC3",
      "RotY": 25.053659439086914,
      "NPCID": 1001,
      "LoadOnInitial": false,
      "DialogueGroups": [],
      "ServerInteractVerificationIDList": [],
      "BoardShowList": [],
      "TalkDialogGroupIDList": [],
      "InitialHiddenNodeList": []
    },
    {
      "ID": 400004,
      "PosX": 4.949999809265137,
      "PosY": 4.277716159820557,
      "PosZ": 66.22000122070312,
      "Name": "NPC4",
      "RotY": 356.0162048339844,
      "NPCID": 1201,
      "LoadOnInitial": false,
      "DialogueGroups": [],
      "ServerInteractVerificationIDList": [],
      "BoardShowList": [],
      "TalkDialogGroupIDList": [],
      "DefaultIdleFreeStyleMotionID": 312020215,
      "InitialHiddenNodeList": []
    }
  ],
  "CrowdList": [],
  "PedestrianList": []
}