{
  "$type": "RPG.GameCore.RtLevelGroupInfo",
  "GroupName": "MainMission2020307_04",
  "Category": "Mission",
  "AreaAnchorName": "LevelArea_P10202_F10202001_G39",
  "SaveType": "Reset",
  "LoadCondition": {
    "Conditions": [
      {
        "Type": "SubMission",
        "ID": 202030704
      }
    ]
  },
  "UnloadCondition": {
    "Conditions": [
      {
        "Type": "SubMission",
        "Phase": "Finish",
        "ID": 202030704
      }
    ]
  },
  "OwnerMainMissionID": 2020307,
  "ConflictIDList": [],
  "AnchorList": [
    {
      "ID": 1,
      "PosX": 25.440000534057617,
      "PosY": -4.674588203430176,
      "PosZ": -3.1600000858306885,
      "Name": "Anchor1",
      "RotY": 18.700000762939453
    },
    {
      "ID": 2,
      "PosX": 26.6299991607666,
      "PosY": -2.700000047683716,
      "PosZ": -5.150000095367432,
      "Name": "Anchor2",
      "RotY": 327.57049560546875,
      "RotX": 21.085250854492188,
      "RotZ": 359.0126037597656,
      "Usage": "Camera"
    }
  ],
  "MonsterList": [],
  "PropList": [],
  "DistrictList": [],
  "WaypointList": [],
  "PathwayList": [],
  "BattleAreaList": [],
  "NPCList": [
    {
      "ID": 400003,
      "PosX": 25.68000030517578,
      "PosY": -4.674588203430176,
      "PosZ": -1.5800000429153442,
      "Name": "NPC3",
      "RotY": 212.8000030517578,
      "NPCID": 12306,
      "LoadOnInitial": false,
      "DialogueGroups": [],
      "ServerInteractVerificationIDList": [],
      "BoardShowList": [],
      "TalkDialogGroupIDList": [],
      "DefaultIdleFreeStyleMotionID": 100040000,
      "InitialHiddenNodeList": []
    },
    {
      "ID": 400004,
      "PosX": 24.469999313354492,
      "PosY": -4.674588203430176,
      "PosZ": -2.2699999809265137,
      "Name": "NPC4",
      "RotY": 79.56999206542969,
      "NPCID": 1001,
      "LoadOnInitial": false,
      "DialogueGroups": [],
      "ServerInteractVerificationIDList": [],
      "DefaultLookAtMode": "Closed",
      "BoardShowList": [],
      "TalkDialogGroupIDList": [],
      "DefaultIdleFreeStyleMotionID": 310010000,
      "InitialHiddenNodeList": []
    },
    {
      "ID": 400005,
      "PosX": 24.510000228881836,
      "PosY": -4.674588203430176,
      "PosZ": -3.109999895095825,
      "Name": "NPC5",
      "RotY": 26.899999618530273,
      "NPCID": 1004,
      "LoadOnInitial": false,
      "DialogueGroups": [],
      "ServerInteractVerificationIDList": [],
      "DefaultLookAtMode": "Closed",
      "BoardShowList": [],
      "TalkDialogGroupIDList": [],
      "DefaultIdleFreeStyleMotionID": 310040000,
      "InitialHiddenNodeList": []
    },
    {
      "ID": 400006,
      "PosX": -39.439998626708984,
      "PosY": -3.48622989654541,
      "PosZ": -4.800000190734863,
      "Name": "NPC6",
      "RotY": 5.400000095367432,
      "NPCID": 12306,
      "DialogueGroups": [
        202030704
      ],
      "ServerInteractVerificationIDList": [],
      "BoardShowList": [
        1,
        64
      ],
      "TalkDialogGroupIDList": [],
      "DefaultIdleFreeStyleMotionID": 100040000,
      "InitialHiddenNodeList": [],
      "Dialog": {
        "LevelGraph": "Config/Level/NPCDialogue/P10202/F10202001_G39/DialogueMain_F10202001_G39_N400006.json"
      }
    },
    {
      "ID": 400001,
      "PosX": 25.010000228881836,
      "PosY": -4.932661056518555,
      "PosZ": -1.6399999856948853,
      "Name": "NPC1",
      "RotY": 198.3800048828125,
      "NPCID": 1001,
      "LoadOnInitial": false,
      "DialogueGroups": [],
      "ServerInteractVerificationIDList": [],
      "DefaultLookAtMode": "Closed",
      "BoardShowList": [],
      "TalkDialogGroupIDList": [],
      "DefaultIdleFreeStyleMotionID": 310010000,
      "InitialHiddenNodeList": []
    }
  ],
  "CrowdList": [],
  "PedestrianList": []
}