{
  "$type": "RPG.GameCore.RtLevelGroupInfo",
  "GroupName": "MainMission1020701_",
  "Category": "Mission",
  "AreaAnchorName": "LevelArea_P10202_F10202001_G3",
  "SaveType": "Reset",
  "LoadCondition": {
    "Conditions": [
      {
        "ID": 1020701
      }
    ]
  },
  "OwnerMainMissionID": 1020701,
  "ConflictIDList": [],
  "AnchorList": [
    {
      "ID": 1,
      "PosX": 11.493000030517578,
      "PosY": -4.154634952545166,
      "PosZ": -34.042999267578125,
      "Name": "Anchor1",
      "RotY": 82.86856079101562,
      "Usage": "Camera"
    },
    {
      "ID": 2,
      "PosX": 11.680999755859375,
      "PosY": -3.8044021129608154,
      "PosZ": -34.60200119018555,
      "Name": "Anchor2",
      "RotY": 73.07132720947266
    },
    {
      "ID": 3,
      "PosX": 11.440999984741211,
      "PosY": -3.8044021129608154,
      "PosZ": -34.27799987792969,
      "Name": "Anchor3",
      "RotY": 87.23475646972656
    }
  ],
  "MonsterList": [],
  "PropList": [
    {
      "ID": 300001,
      "PosX": 9.84000015258789,
      "PosY": -3.8044021129608154,
      "PosZ": -37.22999954223633,
      "Name": "Prop1",
      "PropID": 100,
      "IsOverrideInitLevelGraph": true,
      "Trigger": {
        "Shape": "Box",
        "Radius": 1.0,
        "DimX": 4.0,
        "DimY": 2.0,
        "DimZ": 4.0,
        "PointList": []
      },
      "CampID": 4,
      "CustomTriggerMap": {},
      "DialogueGroups": [],
      "TalkDialogGroupIDList": [],
      "ServerInteractVerificationIDList": []
    }
  ],
  "DistrictList": [],
  "WaypointList": [],
  "PathwayList": [],
  "BattleAreaList": [],
  "NPCList": [
    {
      "ID": 400001,
      "PosX": 12.457169532775879,
      "PosY": -4.15463399887085,
      "PosZ": -34.24393081665039,
      "Name": "NPC1",
      "RotY": 271.7322082519531,
      "NPCID": 1001,
      "LoadOnInitial": false,
      "DialogueGroups": [],
      "ServerInteractVerificationIDList": [],
      "DefaultLookAtMode": "Closed",
      "BoardShowList": [],
      "TalkDialogGroupIDList": [],
      "DefaultIdleFreeStyleMotionID": 310010000,
      "InitialHiddenNodeList": []
    },
    {
      "ID": 400002,
      "PosX": 12.514510154724121,
      "PosY": -4.154634952545166,
      "PosZ": -33.523860931396484,
      "Name": "NPC2",
      "RotY": 230.5164031982422,
      "NPCID": 1004,
      "LoadOnInitial": false,
      "DialogueGroups": [],
      "ServerInteractVerificationIDList": [],
      "DefaultLookAtMode": "Closed",
      "BoardShowList": [],
      "TalkDialogGroupIDList": [],
      "DefaultIdleFreeStyleMotionID": 310040231,
      "InitialHiddenNodeList": []
    },
    {
      "ID": 400003,
      "PosX": 12.938810348510742,
      "PosY": -4.15463399887085,
      "PosZ": -34.54365158081055,
      "Name": "NPC3",
      "RotY": 276.7674865722656,
      "NPCID": 1201,
      "LoadOnInitial": false,
      "DialogueGroups": [],
      "ServerInteractVerificationIDList": [],
      "DefaultLookAtMode": "Closed",
      "BoardShowList": [],
      "TalkDialogGroupIDList": [],
      "DefaultIdleFreeStyleMotionID": 312020215,
      "InitialHiddenNodeList": []
    },
    {
      "ID": 400004,
      "PosX": 11.493000030517578,
      "PosY": -4.154634952545166,
      "PosZ": -34.042999267578125,
      "Name": "NPC4",
      "RotY": 82.8685531616211,
      "NPCID": 1991,
      "LoadOnInitial": false,
      "DialogueGroups": [],
      "ServerInteractVerificationIDList": [],
      "BoardShowList": [],
      "TalkDialogGroupIDList": [],
      "DefaultIdleFreeStyleMotionID": 380010000,
      "InitialHiddenNodeList": []
    }
  ],
  "CrowdList": [],
  "PedestrianList": []
}