{
  "$type": "RPG.GameCore.RtLevelGroupInfo",
  "GroupName": "MainMission2030301_New Group",
  "Category": "Mission",
  "LevelGraph": "Config/Level/GroupGraph/F10305001/Group_F10305001_G85.json",
  "AreaAnchorName": "LevelArea_P10305_F10305001_G85",
  "SaveType": "Reset",
  "OwnerMainMissionID": 2030301,
  "ValueSource": {},
  "ConflictIDList": [],
  "IsHoyoGroup": true,
  "ConflictWhiteList": [],
  "TagContainer": {},
  "AnchorList": [],
  "MonsterList": [],
  "PropList": [],
  "DistrictList": [],
  "WaypointList": [
    {
      "ID": 1,
      "PosX": -4.059999942779541,
      "PosY": -15.915539741516113,
      "PosZ": -282.95001220703125
    },
    {
      "ID": 2,
      "PosX": -4.650000095367432,
      "PosY": -15.925049781799316,
      "PosZ": -277.57080078125
    },
    {
      "ID": 3,
      "PosX": -5.019999980926514,
      "PosY": -15.91508960723877,
      "PosZ": -271.6499938964844
    },
    {
      "ID": 4,
      "PosX": -6.489999771118164,
      "PosY": -15.91508960723877,
      "PosZ": -264.3599853515625
    }
  ],
  "PathwayList": [
    {
      "ID": 1,
      "PosX": -5.363028049468994,
      "PosY": -15.91508960723877,
      "PosZ": -263.75360107421875,
      "Name": "Pathway1",
      "WaypointIDList": [
        1,
        2,
        3,
        4
      ]
    }
  ],
  "BattleAreaList": [],
  "NPCList": [
    {
      "ID": 400001,
      "PosX": -4.340000152587891,
      "PosY": -15.925049781799316,
      "PosZ": -283.4100036621094,
      "Name": "NPC1",
      "RotY": 8.087063789367676,
      "NPCID": 1007,
      "ValueSource": {},
      "DialogueGroups": [],
      "ServerInteractVerificationIDList": [],
      "BoardShowList": [],
      "TalkDialogGroupIDList": [],
      "DefaultIdleFreeStyleMotionID": 310070000,
      "InitialHiddenNodeList": [],
      "SpawnConfig": {
        "EntitySpawnConfig": {}
      },
      "TriggerValidGuest": {}
    }
  ],
  "CrowdList": [],
  "PedestrianList": [],
  "SmartObjectList": []
}