{
  "$type": "RPG.GameCore.RtLevelGroupInfo",
  "GroupName": "MainMission2010302_",
  "Category": "Mission",
  "AreaAnchorName": "LevelArea_P20111_F20111001_G49",
  "SaveType": "Reset",
  "LoadCondition": {
    "Conditions": [
      {
        "ID": 2010302
      }
    ]
  },
  "UnloadCondition": {
    "Conditions": [
      {
        "Phase": "Finish",
        "ID": 2010302
      }
    ]
  },
  "OwnerMainMissionID": 2010302,
  "ConflictIDList": [],
  "AnchorList": [
    {
      "ID": 1,
      "PosX": 29.729999542236328,
      "PosY": -1.0740000009536743,
      "PosZ": -95.72000122070312,
      "Name": "Anchor1",
      "RotY": 60.74700927734375
    },
    {
      "ID": 2,
      "PosX": 38.645999908447266,
      "PosY": -1.090000033378601,
      "PosZ": -92.50800323486328,
      "Name": "Anchor2"
    },
    {
      "ID": 3,
      "PosX": 33.0,
      "PosY": -1.1340030431747437,
      "PosZ": -94.45999908447266,
      "Name": "Anchor3",
      "RotY": 128.60000610351562
    },
    {
      "ID": 4,
      "PosX": 37.599998474121094,
      "PosY": -0.13400299847126007,
      "PosZ": -97.02999877929688,
      "Name": "Anchor4"
    }
  ],
  "MonsterList": [],
  "PropList": [
    {
      "ID": 300001,
      "PosX": 38.09000015258789,
      "PosY": -1.1340030431747437,
      "PosZ": -91.45999908447266,
      "Name": "Prop1",
      "PropID": 111,
      "LoadOnInitial": false,
      "IsOverrideInitLevelGraph": true,
      "Trigger": {
        "Radius": 3.0,
        "DimX": 1.0,
        "DimY": 1.0,
        "DimZ": 1.0,
        "PointList": []
      },
      "CampID": 4,
      "CustomTriggerMap": {},
      "DialogueGroups": [],
      "TalkDialogGroupIDList": [],
      "ServerInteractVerificationIDList": []
    }
  ],
  "DistrictList": [],
  "WaypointList": [],
  "PathwayList": [],
  "BattleAreaList": [],
  "NPCList": [
    {
      "ID": 400001,
      "PosX": 37.29999923706055,
      "PosY": -1.1380000114440918,
      "PosZ": -91.54000091552734,
      "Name": "NPC1",
      "RotY": 180.0,
      "NPCID": 11304,
      "DialogueGroups": [
        201030201,
        201030203,
        201030206,
        201030202
      ],
      "ServerInteractVerificationIDList": [],
      "DefaultLookAtMode": "Closed",
      "BoardShowList": [
        1,
        4,
        8,
        64
      ],
      "OverrideNPCName": {
        "Hash": -270385602,
        "Hash64": 14897380408008808433
      },
      "TalkDialogGroupIDList": [],
      "DefaultIdleFreeStyleMotionID": 100040000,
      "InitialHiddenNodeList": [],
      "Dialog": {
        "LevelGraph": "Config/Level/NPCDialogue/P20111/F20111001_G49/DialogueMain_F20111001_G49_N400001.json",
        "PackList": [
          {
            "Name": "Transferred",
            "LevelGraph": "Config/Level/NPCDialogue/P20111/F20111001_G49/DialoguePack_Transferred_F20111001_G49_N400001.json"
          }
        ],
        "EnableCondition": {
          "Conditions": [
            {
              "Type": "SubMission",
              "ID": 201030201
            },
            {
              "Type": "SubMission",
              "ID": 201030203
            },
            {
              "Type": "SubMission",
              "ID": 201030206
            },
            {
              "Type": "SubMission",
              "ID": 201030207
            }
          ],
          "Operation": "Or"
        }
      }
    },
    {
      "ID": 400002,
      "PosX": 37.0,
      "PosY": -1.1340030431747437,
      "PosZ": -91.29000091552734,
      "Name": "NPC2",
      "RotY": 65.2172622680664,
      "NPCID": 1108,
      "LoadOnInitial": false,
      "DialogueGroups": [],
      "ServerInteractVerificationIDList": [],
      "DefaultLookAtMode": "Closed",
      "BoardShowList": [],
      "TalkDialogGroupIDList": [],
      "DefaultIdleFreeStyleMotionID": 311080000,
      "InitialHiddenNodeList": []
    }
  ],
  "CrowdList": [],
  "PedestrianList": []
}