{
  "$type": "RPG.GameCore.RtLevelGroupInfo",
  "GroupName": "MainMission1010303_",
  "Category": "Mission",
  "ConfigPrefabPath": "Level/Mission/1010301/Mission_1010301_temp.prefab",
  "AreaAnchorName": "LevelArea_P20111_F20111001_G16",
  "SaveType": "Reset",
  "LoadCondition": {
    "Conditions": [
      {
        "Type": "SubMission",
        "ID": 101030301
      }
    ]
  },
  "UnloadCondition": {
    "Conditions": [
      {
        "Type": "SubMission",
        "Phase": "Finish",
        "ID": 101030301
      }
    ]
  },
  "OwnerMainMissionID": 1010303,
  "ConflictIDList": [],
  "AnchorList": [
    {
      "ID": 1,
      "PosX": 29.729999542236328,
      "PosY": -1.1340019702911377,
      "PosZ": -86.58000183105469,
      "Name": "Anchor1",
      "RotY": 147.03529357910156
    },
    {
      "ID": 2,
      "PosX": 29.110029220581055,
      "PosY": -1.1340019702911377,
      "PosZ": -104.91000366210938,
      "Name": "Anchor2",
      "RotY": 28.947980880737305
    }
  ],
  "MonsterList": [],
  "PropList": [],
  "DistrictList": [],
  "WaypointList": [],
  "PathwayList": [],
  "BattleAreaList": [],
  "NPCList": [
    {
      "ID": 400001,
      "PosX": 35.29499816894531,
      "PosY": -1.1340019702911377,
      "PosZ": -95.6969985961914,
      "Name": "NPC1",
      "RotY": 113.86039733886719,
      "NPCID": 2101,
      "DialogueGroups": [],
      "ServerInteractVerificationIDList": [],
      "DefaultIdleStateName": "Pose01",
      "DefaultLookAtMode": "Closed",
      "BoardShowList": [
        4
      ],
      "OverrideNPCName": {
        "hash": -1836469551,
        "hash64": 15441205103315314402
      },
      "TalkDialogGroupIDList": [],
      "DefaultIdleFreeStyleMotionID": 200110214,
      "InitialHiddenNodeList": []
    },
    {
      "ID": 400002,
      "PosX": 35.13999938964844,
      "PosY": -1.1340019702911377,
      "PosZ": -97.2699966430664,
      "Name": "NPC2",
      "RotY": 60.70920944213867,
      "NPCID": 2101,
      "DialogueGroups": [],
      "ServerInteractVerificationIDList": [],
      "DefaultIdleStateName": "Pose01",
      "DefaultLookAtMode": "Closed",
      "BoardShowList": [
        4
      ],
      "OverrideNPCName": {
        "hash": -1836469551,
        "hash64": 15441205103315314402
      },
      "TalkDialogGroupIDList": [],
      "DefaultIdleFreeStyleMotionID": 200110214,
      "InitialHiddenNodeList": []
    },
    {
      "ID": 400003,
      "PosX": 37.16999816894531,
      "PosY": -1.1340019702911377,
      "PosZ": -95.9000015258789,
      "Name": "NPC3",
      "RotY": 277.00469970703125,
      "NPCID": 2101,
      "DialogueGroups": [],
      "ServerInteractVerificationIDList": [],
      "DefaultLookAtMode": "Closed",
      "BoardShowList": [
        4
      ],
      "OverrideNPCName": {
        "hash": -1836469551,
        "hash64": 15441205103315314402
      },
      "TalkDialogGroupIDList": [],
      "DefaultIdleFreeStyleMotionID": 200110000,
      "InitialHiddenNodeList": []
    },
    {
      "ID": 400004,
      "PosX": 29.729999542236328,
      "PosY": -1.1340019702911377,
      "PosZ": -86.58000183105469,
      "Name": "NPC4",
      "RotY": 147.03529357910156,
      "NPCID": 1001,
      "LoadOnInitial": false,
      "DialogueGroups": [],
      "ServerInteractVerificationIDList": [],
      "DefaultLookAtMode": "Closed",
      "BoardShowList": [
        4
      ],
      "TalkDialogGroupIDList": [],
      "DefaultIdleFreeStyleMotionID": 310010000,
      "InitialHiddenNodeList": []
    }
  ],
  "CrowdList": [],
  "PedestrianList": []
}