{
  "$type": "RPG.GameCore.RtLevelGroupInfo",
  "GroupName": "MainMission1030601_28",
  "Category": "Mission",
  "LevelGraph": "Config/Level/GroupGraph/F20311001/Group_F20311001_G123.json",
  "AreaAnchorName": "LevelArea_P20311_F20311001_G123",
  "SaveType": "Reset",
  "OwnerMainMissionID": 1030601,
  "ValueSource": {},
  "ConflictIDList": [],
  "IsHoyoGroup": true,
  "ConflictWhiteList": [],
  "TagContainer": {},
  "AnchorList": [
    {
      "ID": 1,
      "PosX": 0.7417100071907043,
      "PosY": -15.915599822998047,
      "PosZ": -280.4552917480469,
      "Name": "Anchor1",
      "RotY": 180.0
    },
    {
      "ID": 2,
      "PosX": -117.30899810791016,
      "PosY": 23.91200065612793,
      "PosZ": -229.77999877929688,
      "Name": "Anchor2",
      "RotY": 40.47679138183594,
      "RotX": 26.01384925842285,
      "RotZ": 0.682083010673523,
      "Usage": "Camera",
      "CustomParameter": {
        "$type": "RPG.GameCore.LevelAnchorCameraParameter",
        "fov": 80.0
      }
    },
    {
      "ID": 3,
      "PosX": -115.44000244140625,
      "PosY": 23.850000381469727,
      "PosZ": -224.33999633789062,
      "Name": "Anchor3",
      "RotY": 186.55999755859375,
      "RotX": 13.85459041595459,
      "Usage": "Camera",
      "CustomParameter": {
        "$type": "RPG.GameCore.LevelAnchorCameraParameter"
      }
    },
    {
      "ID": 4,
      "PosX": -116.97979736328125,
      "PosY": 23.659740447998047,
      "PosZ": -227.1833038330078,
      "Name": "Anchor4",
      "RotY": 158.77110290527344,
      "RotX": 12.411580085754395,
      "RotZ": 0.017931999638676643,
      "Usage": "Camera",
      "CustomParameter": {
        "$type": "RPG.GameCore.LevelAnchorCameraParameter"
      }
    }
  ],
  "MonsterList": [],
  "PropList": [
    {
      "ID": 300001,
      "PosX": -0.36205700039863586,
      "PosY": -15.915599822998047,
      "PosZ": -279.739990234375,
      "Name": "Prop1",
      "PropID": 100,
      "IsOverrideInitLevelGraph": true,
      "ValueSource": {},
      "Trigger": {
        "Shape": "Box",
        "Radius": 15.0,
        "DimX": 20.0,
        "DimY": 1.0,
        "DimZ": 40.0,
        "PointList": []
      },
      "CampID": 4,
      "CustomTriggerMap": {},
      "CustomTriggerMapV2": {},
      "DialogueGroups": [],
      "TalkDialogGroupIDList": [],
      "ServerInteractVerificationIDList": [],
      "TriggerValidGuest": {},
      "SpawnConfig": {
        "EntitySpawnConfig": {}
      }
    }
  ],
  "DistrictList": [],
  "WaypointList": [],
  "PathwayList": [],
  "BattleAreaList": [],
  "NPCList": [
    {
      "ID": 400001,
      "PosX": -0.2199999988079071,
      "PosY": -15.915599822998047,
      "PosZ": -283.010009765625,
      "Name": "NPC1",
      "RotY": 180.0,
      "NPCID": 1310,
      "ValueSource": {},
      "DialogueGroups": [],
      "ServerInteractVerificationIDList": [],
      "BoardShowList": [],
      "TalkDialogGroupIDList": [],
      "InitialHiddenNodeList": [],
      "SpawnConfig": {
        "OverrideSpawn": true,
        "EntitySpawnConfig": {
          "NeedBlackIn": false
        }
      },
      "TriggerValidGuest": {}
    },
    {
      "ID": 400002,
      "PosX": -116.3499984741211,
      "PosY": 22.090009689331055,
      "PosZ": -229.3300018310547,
      "Name": "NPC2",
      "RotY": 347.1000061035156,
      "NPCID": 1003,
      "LoadOnInitial": false,
      "ValueSource": {},
      "DialogueGroups": [],
      "ServerInteractVerificationIDList": [],
      "DefaultLookAtMode": "LookTarget",
      "DefaultLookAtTargetInfo": {
        "GroupID": 123,
        "InstanceID": 400004
      },
      "BoardShowList": [],
      "TalkDialogGroupIDList": [],
      "DefaultIdleFreeStyleMotionID": 310030000,
      "InitialHiddenNodeList": [],
      "SpawnConfig": {
        "EntitySpawnConfig": {}
      },
      "TriggerValidGuest": {}
    },
    {
      "ID": 400003,
      "PosX": -115.91300201416016,
      "PosY": 22.09000015258789,
      "PosZ": -229.57899475097656,
      "Name": "NPC3",
      "RotY": 343.79998779296875,
      "NPCID": 1001,
      "LoadOnInitial": false,
      "ValueSource": {},
      "DialogueGroups": [],
      "ServerInteractVerificationIDList": [],
      "BoneEmotionName": "Angry01",
      "BoardShowList": [],
      "TalkDialogGroupIDList": [],
      "DefaultIdleFreeStyleMotionID": 310010210,
      "InitialHiddenNodeList": [],
      "SpawnConfig": {
        "EntitySpawnConfig": {}
      },
      "TriggerValidGuest": {}
    },
    {
      "ID": 400004,
      "PosX": -116.875,
      "PosY": 22.09000015258789,
      "PosZ": -228.96600341796875,
      "Name": "NPC4",
      "RotY": 117.30000305175781,
      "NPCID": 1307,
      "LoadOnInitial": false,
      "ValueSource": {},
      "DialogueGroups": [],
      "ServerInteractVerificationIDList": [],
      "BoardShowList": [],
      "TalkDialogGroupIDList": [],
      "DefaultIdleFreeStyleMotionID": 313070000,
      "InitialHiddenNodeList": [],
      "SpawnConfig": {
        "EntitySpawnConfig": {}
      },
      "TriggerValidGuest": {}
    },
    {
      "ID": 400005,
      "PosX": -116.31999969482422,
      "PosY": 22.09000015258789,
      "PosZ": -226.6199951171875,
      "Name": "NPC5",
      "RotY": 180.0,
      "NPCID": 13228,
      "LoadOnInitial": false,
      "ValueSource": {},
      "DialogueGroups": [],
      "ServerInteractVerificationIDList": [],
      "BoardShowList": [],
      "TalkDialogGroupIDList": [],
      "DefaultIdleFreeStyleMotionID": 100020228,
      "InitialHiddenNodeList": [],
      "SpawnConfig": {
        "EntitySpawnConfig": {}
      },
      "TriggerValidGuest": {}
    },
    {
      "ID": 400006,
      "PosX": -117.48799896240234,
      "PosY": 22.09000015258789,
      "PosZ": -227.38400268554688,
      "Name": "NPC6",
      "RotY": 155.89999389648438,
      "NPCID": 13124,
      "LoadOnInitial": false,
      "ValueSource": {},
      "DialogueGroups": [],
      "ServerInteractVerificationIDList": [],
      "BoardShowList": [],
      "TalkDialogGroupIDList": [],
      "DefaultIdleFreeStyleMotionID": 100010231,
      "InitialHiddenNodeList": [],
      "SpawnConfig": {
        "EntitySpawnConfig": {}
      },
      "TriggerValidGuest": {}
    },
    {
      "ID": 400007,
      "PosX": -114.802001953125,
      "PosY": 22.09000015258789,
      "PosZ": -227.3820037841797,
      "Name": "NPC7",
      "RotY": 211.27999877929688,
      "NPCID": 13227,
      "LoadOnInitial": false,
      "ValueSource": {},
      "DialogueGroups": [],
      "ServerInteractVerificationIDList": [],
      "BoardShowList": [],
      "TalkDialogGroupIDList": [],
      "DefaultIdleFreeStyleMotionID": 100020216,
      "InitialHiddenNodeList": [],
      "SpawnConfig": {
        "EntitySpawnConfig": {}
      },
      "TriggerValidGuest": {}
    },
    {
      "ID": 400008,
      "PosX": -114.97000122070312,
      "PosY": 22.09000015258789,
      "PosZ": -228.25,
      "Name": "NPC8",
      "RotY": 212.20260620117188,
      "NPCID": 13227,
      "LoadOnInitial": false,
      "ValueSource": {},
      "DialogueGroups": [],
      "ServerInteractVerificationIDList": [],
      "BoardShowList": [],
      "TalkDialogGroupIDList": [],
      "DefaultIdleFreeStyleMotionID": 100020216,
      "InitialHiddenNodeList": [],
      "SpawnConfig": {
        "EntitySpawnConfig": {}
      },
      "TriggerValidGuest": {}
    },
    {
      "ID": 400009,
      "PosX": -114.81999969482422,
      "PosY": 22.09000015258789,
      "PosZ": -226.02000427246094,
      "Name": "NPC9",
      "RotY": 214.5,
      "NPCID": 1307,
      "LoadOnInitial": false,
      "ValueSource": {},
      "DialogueGroups": [],
      "ServerInteractVerificationIDList": [],
      "BoardShowList": [],
      "TalkDialogGroupIDList": [],
      "DefaultIdleFreeStyleMotionID": 313070000,
      "InitialHiddenNodeList": [],
      "SpawnConfig": {
        "EntitySpawnConfig": {}
      },
      "TriggerValidGuest": {}
    }
  ],
  "CrowdList": [],
  "PedestrianList": [],
  "SmartObjectList": []
}