{
  "$type": "RPG.GameCore.RtLevelGroupInfo",
  "GroupName": "MainMission1030702_06",
  "Category": "Mission",
  "LevelGraph": "Config/Level/GroupGraph/F20311001/Group_F20311001_G142.json",
  "AreaAnchorName": "LevelArea_P20311_F20311001_G142",
  "SaveType": "Reset",
  "OwnerMainMissionID": 1030702,
  "ValueSource": {},
  "ConflictIDList": [],
  "IsHoyoGroup": true,
  "ConflictWhiteList": [],
  "TagContainer": {},
  "AnchorList": [
    {
      "ID": 1,
      "PosX": -121.84400177001953,
      "PosY": -3.694999933242798,
      "PosZ": -88.41500091552734,
      "Name": "Anchor1",
      "RotY": 179.22439575195312,
      "RotX": 359.56219482421875,
      "Usage": "Camera",
      "CustomParameter": {
        "$type": "RPG.GameCore.LevelAnchorCameraParameter",
        "fov": 23.200000762939453
      }
    },
    {
      "ID": 2,
      "PosX": -134.51400756835938,
      "PosY": -3.6419999599456787,
      "PosZ": -130.593994140625,
      "Name": "Anchor2",
      "RotY": 248.7696075439453,
      "RotX": 31.303829193115234,
      "RotZ": 9.999999974752427e-7,
      "Usage": "Camera",
      "CustomParameter": {
        "$type": "RPG.GameCore.LevelAnchorCameraParameter",
        "fov": 80.0
      }
    }
  ],
  "MonsterList": [],
  "PropList": [
    {
      "ID": 300001,
      "PosX": -115.41999816894531,
      "PosY": -4.909992218017578,
      "PosZ": -80.31565856933594,
      "Name": "Prop1",
      "RotY": 90.0,
      "PropID": 103095,
      "IsOverrideInitLevelGraph": true,
      "ValueSource": {},
      "Trigger": {
        "Radius": 1.5,
        "DimX": 1.0,
        "DimY": 1.0,
        "DimZ": 1.0,
        "PointList": []
      },
      "CampID": 4,
      "State": "CustomState05",
      "CustomTriggerMap": {},
      "CustomTriggerMapV2": {},
      "DialogueGroups": [],
      "TalkDialogGroupIDList": [],
      "ServerInteractVerificationIDList": [],
      "Dialog": {
        "LevelGraph": "Config/Level/PropDialogue/P20311/F20311001_G142/DialogueMain_F20311001_G142_P300001.json",
        "PackList": []
      },
      "InteractIconType": "ChatIcon",
      "InteractTitle": {
        "hash": 2092232028,
        "hash64": 3908718369861574158
      },
      "TriggerValidGuest": {},
      "CameraCenterEntityList": [],
      "SpawnConfig": {
        "EntitySpawnConfig": {}
      }
    },
    {
      "ID": 300002,
      "PosX": -139.6999969482422,
      "PosY": -4.330801010131836,
      "PosZ": -94.2300033569336,
      "Name": "Prop2",
      "RotY": 173.6999969482422,
      "PropID": 103095,
      "IsOverrideInitLevelGraph": true,
      "ValueSource": {},
      "Trigger": {
        "Radius": 1.5,
        "DimX": 1.0,
        "DimY": 1.0,
        "DimZ": 1.0,
        "PointList": []
      },
      "CampID": 4,
      "State": "CustomState03",
      "CustomTriggerMap": {},
      "CustomTriggerMapV2": {},
      "DialogueGroups": [],
      "TalkDialogGroupIDList": [],
      "ServerInteractVerificationIDList": [],
      "Dialog": {
        "LevelGraph": "Config/Level/PropDialogue/P20311/F20311001_G142/DialogueMain_F20311001_G142_P300002.json",
        "PackList": []
      },
      "InteractIconType": "ChatIcon",
      "InteractTitle": {
        "hash": 2092232028,
        "hash64": 3908718369861574158
      },
      "TriggerValidGuest": {},
      "CameraCenterEntityList": [],
      "SpawnConfig": {
        "EntitySpawnConfig": {}
      }
    },
    {
      "ID": 300003,
      "PosX": -121.25,
      "PosY": -4.909986972808838,
      "PosZ": -91.40873718261719,
      "Name": "Prop3",
      "RotY": 206.19000244140625,
      "PropID": 103095,
      "IsOverrideInitLevelGraph": true,
      "ValueSource": {},
      "Trigger": {
        "Radius": 1.5,
        "DimX": 1.0,
        "DimY": 1.0,
        "DimZ": 1.0,
        "PointList": []
      },
      "CampID": 4,
      "State": "CustomState01",
      "CustomTriggerMap": {},
      "CustomTriggerMapV2": {},
      "DialogueGroups": [],
      "TalkDialogGroupIDList": [],
      "ServerInteractVerificationIDList": [],
      "Dialog": {
        "LevelGraph": "Config/Level/PropDialogue/P20311/F20311001_G142/DialogueMain_F20311001_G142_P300003.json",
        "PackList": []
      },
      "InteractIconType": "ChatIcon",
      "InteractTitle": {
        "hash": 2092232028,
        "hash64": 3908718369861574158
      },
      "TriggerValidGuest": {},
      "CameraCenterEntityList": [],
      "SpawnConfig": {
        "EntitySpawnConfig": {}
      }
    },
    {
      "ID": 300004,
      "PosX": -124.46070098876953,
      "PosY": -4.9099860191345215,
      "PosZ": -79.73999786376953,
      "Name": "Prop4",
      "RotY": 90.0,
      "PropID": 103095,
      "IsOverrideInitLevelGraph": true,
      "ValueSource": {},
      "Trigger": {
        "Radius": 1.5,
        "DimX": 1.0,
        "DimY": 1.0,
        "DimZ": 1.0,
        "PointList": []
      },
      "CampID": 4,
      "State": "CustomState01",
      "CustomTriggerMap": {},
      "CustomTriggerMapV2": {},
      "DialogueGroups": [],
      "TalkDialogGroupIDList": [],
      "ServerInteractVerificationIDList": [],
      "Dialog": {
        "LevelGraph": "Config/Level/PropDialogue/P20311/F20311001_G142/DialogueMain_F20311001_G142_P300004.json",
        "PackList": []
      },
      "InteractIconType": "ChatIcon",
      "InteractTitle": {
        "hash": 2092232028,
        "hash64": 3908718369861574158
      },
      "TriggerValidGuest": {},
      "CameraCenterEntityList": [],
      "SpawnConfig": {
        "EntitySpawnConfig": {}
      }
    },
    {
      "ID": 300005,
      "PosX": -124.27999877929688,
      "PosY": -4.90999698638916,
      "PosZ": -120.79000091552734,
      "Name": "Prop5",
      "RotY": 180.0,
      "PropID": 103095,
      "IsOverrideInitLevelGraph": true,
      "ValueSource": {},
      "Trigger": {
        "Radius": 1.5,
        "DimX": 1.0,
        "DimY": 1.0,
        "DimZ": 1.0,
        "PointList": []
      },
      "CampID": 4,
      "State": "CustomState04",
      "CustomTriggerMap": {},
      "CustomTriggerMapV2": {},
      "DialogueGroups": [],
      "TalkDialogGroupIDList": [],
      "ServerInteractVerificationIDList": [],
      "Dialog": {
        "LevelGraph": "Config/Level/PropDialogue/P20311/F20311001_G142/DialogueMain_F20311001_G142_P300005.json",
        "PackList": []
      },
      "InteractIconType": "ChatIcon",
      "InteractTitle": {
        "hash": 2092232028,
        "hash64": 3908718369861574158
      },
      "TriggerValidGuest": {},
      "CameraCenterEntityList": [],
      "SpawnConfig": {
        "EntitySpawnConfig": {}
      }
    },
    {
      "ID": 300006,
      "PosX": -135.57000732421875,
      "PosY": -5.825319766998291,
      "PosZ": -131.72000122070312,
      "Name": "Prop6",
      "RotY": 284.29998779296875,
      "PropID": 103095,
      "IsOverrideInitLevelGraph": true,
      "ValueSource": {},
      "Trigger": {
        "Radius": 1.5,
        "DimX": 1.0,
        "DimY": 1.0,
        "DimZ": 1.0,
        "PointList": []
      },
      "CampID": 4,
      "State": "CustomState02",
      "CustomTriggerMap": {},
      "CustomTriggerMapV2": {},
      "DialogueGroups": [],
      "TalkDialogGroupIDList": [],
      "ServerInteractVerificationIDList": [],
      "Dialog": {
        "LevelGraph": "Config/Level/PropDialogue/P20311/F20311001_G142/DialogueMain_F20311001_G142_P300006.json",
        "PackList": []
      },
      "InteractIconType": "ChatIcon",
      "InteractTitle": {
        "hash": 2092232028,
        "hash64": 3908718369861574158
      },
      "TriggerValidGuest": {},
      "CameraCenterEntityList": [],
      "SpawnConfig": {
        "EntitySpawnConfig": {}
      }
    },
    {
      "ID": 300007,
      "PosX": -172.14999389648438,
      "PosY": -10.481060028076172,
      "PosZ": -130.92430114746094,
      "Name": "Prop7",
      "RotY": 270.0,
      "PropID": 103095,
      "IsOverrideInitLevelGraph": true,
      "ValueSource": {},
      "Trigger": {
        "Radius": 1.5,
        "DimX": 1.0,
        "DimY": 1.0,